{"type":"FeatureCollection","features":[{"type":"Feature","properties":{"codigo_ies":1101,"codigo_padre":1101,"nombre":"UNIVERSIDAD NACIONAL DE COLOMBIA","estado":"Activa","sector":"Oficial","caracter":"Universidad","principal_seccional":"Principal","mpio":"Bogotá, D.C.","depto":"Bogotá, D.C.","direccion":"Carrera 45 #26 - 85","web":"www.unal.edu.co","programas_vigentes":274.0,"acreditada":true,"bid":false,"geo_score":100.0,"geo_precision":"calle","geo_aceptacion":"acepta","geo_consulta":"direccion","mmi":5.08,"banda":5.0,"nivel":"V","secretaria":"BOGOTA"},"geometry":{"type":"Point","coordinates":[-74.08982,4.63942]}},{"type":"Feature","properties":{"codigo_ies":1102,"codigo_padre":1101,"nombre":"UNIVERSIDAD NACIONAL DE COLOMBIA","estado":"Activa","sector":"Oficial","caracter":"Universidad","principal_seccional":"Seccional","mpio":"Medellín","depto":"Antioquia","direccion":"Calle 59A No 63 - 20, Núcleo El Volador","web":"www.medellin.unal.edu.co","programas_vigentes":124.0,"acreditada":true,"bid":false,"geo_score":100.0,"geo_precision":"calle","geo_aceptacion":"acepta","geo_consulta":"nombre","mmi":5.15,"banda":5.0,"nivel":"V","secretaria":"MEDELLIN"},"geometry":{"type":"Point","coordinates":[-75.57774,6.26261]}},{"type":"Feature","properties":{"codigo_ies":1103,"codigo_padre":1101,"nombre":"UNIVERSIDAD NACIONAL DE COLOMBIA","estado":"Activa","sector":"Oficial","caracter":"Universidad","principal_seccional":"Seccional","mpio":"Manizales","depto":"Caldas","direccion":"Carrera 27 No. 64-60","web":"www.manizales.unal.edu.co","programas_vigentes":68.0,"acreditada":true,"bid":false,"geo_score":98.4,"geo_precision":"centroide_municipio","geo_aceptacion":"acepta_centroide","geo_consulta":"nombre","mmi":6.4,"banda":6.0,"nivel":"VI","secretaria":"MANIZALES","dano_fuente":"noticia","dano_estado":"dano","dano_subtipo":"dano_sd","dano_quien":"El Observatorio de la Universidad Colombiana","dano_cita":"La Universidad Nacional de Colombia, Manizales, sufrió afectaciones en espacios como su biblioteca en el campus Palogrande.","dano_medio":"El Observatorio de la Universidad Colombiana","dano_url":"https://www.universidad.edu.co/terremoto-en-colombia-perdidas-aun-no-dimensionadas-en-las-universidades-aflora-la-solidaridad-sectorial/","dano_fecha":"2026-08-13"},"geometry":{"type":"Point","coordinates":[-75.50982,5.06768]}},{"type":"Feature","properties":{"codigo_ies":1104,"codigo_padre":1101,"nombre":"UNIVERSIDAD NACIONAL DE COLOMBIA","estado":"Activa","sector":"Oficial","caracter":"Universidad","principal_seccional":"Seccional","mpio":"Palmira","depto":"Valle del Cauca","direccion":"Carrera 32 No 12 - 00 Chapinero, Vía Candelaria","web":"www.palmira.unal.edu.co","programas_vigentes":22.0,"acreditada":true,"bid":false,"geo_score":100.0,"geo_precision":"calle","geo_aceptacion":"acepta","geo_consulta":"nombre","mmi":6.2,"banda":6.0,"nivel":"VI","secretaria":"PALMIRA"},"geometry":{"type":"Point","coordinates":[-76.30411,3.51834]}},{"type":"Feature","properties":{"codigo_ies":1105,"codigo_padre":1105,"nombre":"UNIVERSIDAD PEDAGOGICA NACIONAL","estado":"Activa","sector":"Oficial","caracter":"Universidad","principal_seccional":"Principal","mpio":"Bogotá, D.C.","depto":"Bogotá, D.C.","direccion":"Calle  73  No.11-95","web":"www.pedagogica.edu.co","programas_vigentes":41.0,"acreditada":true,"bid":true,"geo_score":100.0,"geo_precision":"calle","geo_aceptacion":"acepta","geo_consulta":"nombre","mmi":4.11,"banda":4.0,"nivel":"IV","secretaria":"BOGOTA"},"geometry":{"type":"Point","coordinates":[-74.06367,4.62082]}},{"type":"Feature","properties":{"codigo_ies":1106,"codigo_padre":1106,"nombre":"UNIVERSIDAD PEDAGOGICA Y TECNOLOGICA DE COLOMBIA - UPTC","estado":"Activa","sector":"Oficial","caracter":"Universidad","principal_seccional":"Principal","mpio":"Tunja","depto":"Boyacá","direccion":"Avenida Central del Norte 39-115","web":"www.uptc.edu.co","programas_vigentes":167.0,"acreditada":true,"bid":true,"geo_score":100.0,"geo_precision":"calle","geo_aceptacion":"acepta","geo_consulta":"nombre","mmi":4.26,"banda":4.0,"nivel":"IV","secretaria":"TUNJA"},"geometry":{"type":"Point","coordinates":[-73.35435,5.5491]}},{"type":"Feature","properties":{"codigo_ies":1107,"codigo_padre":1106,"nombre":"UNIVERSIDAD PEDAGOGICA Y TECNOLOGICA DE COLOMBIA - UPTC","estado":"Activa","sector":"Oficial","caracter":"Universidad","principal_seccional":"Seccional","mpio":"Duitama","depto":"Boyacá","direccion":"Carrera 18 Calle 23","web":"www.uptc.edu.co","programas_vigentes":24.0,"acreditada":true,"bid":false,"bid_de":1106,"geo_score":93.38,"geo_precision":"centroide","geo_aceptacion":"acepta_con_aviso_baja_precision","geo_consulta":"direccion","secretaria":"DUITAMA"},"geometry":{"type":"Point","coordinates":[-73.01573,5.84074]}},{"type":"Feature","properties":{"codigo_ies":1108,"codigo_padre":1106,"nombre":"UNIVERSIDAD PEDAGOGICA Y TECNOLOGICA DE COLOMBIA - UPTC","estado":"Activa","sector":"Oficial","caracter":"Universidad","principal_seccional":"Seccional","mpio":"Sogamoso","depto":"Boyacá","direccion":"Calle 4 Sur No. 15-134","web":"www.uptc.edu.co","programas_vigentes":26.0,"acreditada":true,"bid":false,"bid_de":1106,"geo_score":97.24,"geo_precision":"calle","geo_aceptacion":"acepta","geo_consulta":"direccion","secretaria":"SOGAMOSO"},"geometry":{"type":"Point","coordinates":[-72.94228,5.70297]}},{"type":"Feature","properties":{"codigo_ies":1109,"codigo_padre":1106,"nombre":"UNIVERSIDAD PEDAGOGICA Y TECNOLOGICA DE COLOMBIA - UPTC","estado":"Activa","sector":"Oficial","caracter":"Universidad","principal_seccional":"Seccional","mpio":"Chiquinquirá","depto":"Boyacá","direccion":"Calle 14A No. 2-37","web":"www.uptc.edu.co","programas_vigentes":8.0,"acreditada":true,"bid":false,"bid_de":1106,"geo_score":100.0,"geo_precision":"calle","geo_aceptacion":"acepta","geo_consulta":"direccion","mmi":4.43,"banda":4.0,"nivel":"IV","secretaria":"BOYACA"},"geometry":{"type":"Point","coordinates":[-73.81343,5.61038]}},{"type":"Feature","properties":{"codigo_ies":1110,"codigo_padre":1110,"nombre":"UNIVERSIDAD DEL CAUCA","estado":"Activa","sector":"Oficial","caracter":"Universidad","principal_seccional":"Principal","mpio":"Popayán","depto":"Cauca","direccion":"Claustro de Santo Domingo, Calle 5 No. 4-70","web":"www.unicauca.edu.co","programas_vigentes":123.0,"acreditada":true,"bid":true,"geo_score":100.0,"geo_precision":"calle","geo_aceptacion":"acepta","geo_consulta":"nombre","mmi":4.8,"banda":4.5,"nivel":"IV","secretaria":"POPAYAN"},"geometry":{"type":"Point","coordinates":[-76.59951,2.44667]}},{"type":"Feature","properties":{"codigo_ies":1111,"codigo_padre":1111,"nombre":"UNIVERSIDAD TECNOLOGICA DE PEREIRA - UTP","estado":"Activa","sector":"Oficial","caracter":"Universidad","principal_seccional":"Principal","mpio":"Pereira","depto":"Risaralda","direccion":"Carrera 27 #10-02","web":"www.utp.edu.co","programas_vigentes":161.0,"acreditada":true,"bid":true,"geo_score":100.0,"geo_precision":"calle","geo_aceptacion":"acepta","geo_consulta":"direccion","mmi":6.41,"banda":6.0,"nivel":"VI","secretaria":"PEREIRA","dano_fuente":"noticia","dano_estado":"colapso","dano_subtipo":"colapso_sd","dano_quien":"El Observatorio de la Universidad Colombiana","dano_cita":"Universidad Tecnológica de Pereira — UTP: También presenta afectaciones directas. Se han reportado daños estructurales y caída de elementos de infraestructura en el campus. Algunos estudiantes salieron afectados/lesionados por la caída de elementos del techo.","dano_medio":"El Observatorio de la Universidad Colombiana","dano_url":"https://www.universidad.edu.co/terremoto-en-colombia-perdidas-aun-no-dimensionadas-en-las-universidades-aflora-la-solidaridad-sectorial/","dano_fecha":"2026-08-13"},"geometry":{"type":"Point","coordinates":[-75.68979,4.79659]}},{"type":"Feature","properties":{"codigo_ies":1112,"codigo_padre":1112,"nombre":"UNIVERSIDAD DE CALDAS","estado":"Activa","sector":"Oficial","caracter":"Universidad","principal_seccional":"Principal","mpio":"Manizales","depto":"Caldas","direccion":"Calle 65  26-10","web":"www.ucaldas.edu.co","programas_vigentes":168.0,"acreditada":true,"bid":true,"geo_score":100.0,"geo_precision":"calle","geo_aceptacion":"acepta","geo_consulta":"direccion","mmi":6.3,"banda":6.0,"nivel":"VI","secretaria":"MANIZALES","dano_fuente":"noticia","dano_estado":"dano","dano_subtipo":"dano_sd","dano_quien":"Rector de la Universidad de Caldas","dano_cita":"Tras las evaluaciones realizadas luego del sismo, se han identificado afectaciones en cerca del 10% de esta infraestructura. Entre los espacios afectados se encuentra el campus Palogrande que permanecerá en cierre indefinido mientras avanzan las revisiones estructurales.","dano_medio":"La Patria","dano_url":"https://www.lapatria.com/educacion/analizan-usar-colegio-cerrado-en-manizales-en-el-2024-para-albergar-una-universidad-luego","dano_fecha":"2026-08-17"},"geometry":{"type":"Point","coordinates":[-75.48995,5.05571]}},{"type":"Feature","properties":{"codigo_ies":1113,"codigo_padre":1113,"nombre":"UNIVERSIDAD DE CORDOBA","estado":"Activa","sector":"Oficial","caracter":"Universidad","principal_seccional":"Principal","mpio":"Montería","depto":"Córdoba","direccion":"Carrera 6 No. 77-305","web":"www.unicordoba.edu.co","programas_vigentes":77.0,"acreditada":true,"bid":false,"geo_score":100.0,"geo_precision":"calle","geo_aceptacion":"acepta","geo_consulta":"direccion","secretaria":"MONTERIA"},"geometry":{"type":"Point","coordinates":[-75.85775,8.78811]}},{"type":"Feature","properties":{"codigo_ies":1114,"codigo_padre":1114,"nombre":"UNIVERSIDAD SURCOLOMBIANA","estado":"Activa","sector":"Oficial","caracter":"Universidad","principal_seccional":"Principal","mpio":"Neiva","depto":"Huila","direccion":"Avenida Pastrana Borrero Carrera 1","web":"www.usco.edu.co","programas_vigentes":103.0,"acreditada":true,"bid":true,"geo_score":100.0,"geo_precision":"calle","geo_aceptacion":"acepta","geo_consulta":"nombre","mmi":5.29,"banda":5.0,"nivel":"V","secretaria":"NEIVA"},"geometry":{"type":"Point","coordinates":[-75.29229,2.93664]}},{"type":"Feature","properties":{"codigo_ies":1115,"codigo_padre":1115,"nombre":"UNIVERSIDAD DE LA AMAZONIA","estado":"Activa","sector":"Oficial","caracter":"Universidad","principal_seccional":"Principal","mpio":"Florencia","depto":"Caquetá","direccion":"Avenida Circunvalar, Barrio Porvenir","web":"www.uniamazonia.edu.co","programas_vigentes":41.0,"acreditada":false,"bid":false,"geo_score":100.0,"geo_precision":"calle","geo_aceptacion":"acepta","geo_consulta":"nombre","secretaria":"FLORENCIA"},"geometry":{"type":"Point","coordinates":[-75.60436,1.62032]}},{"type":"Feature","properties":{"codigo_ies":1117,"codigo_padre":1117,"nombre":"UNIVERSIDAD MILITAR-NUEVA GRANADA","estado":"Activa","sector":"Oficial","caracter":"Universidad","principal_seccional":"Principal","mpio":"Bogotá, D.C.","depto":"Bogotá, D.C.","direccion":"Carrera 11 No. 101-80","web":"www.umng.edu.co","programas_vigentes":127.0,"acreditada":true,"bid":false,"geo_score":100.0,"geo_precision":"calle","geo_aceptacion":"acepta","geo_consulta":"nombre","mmi":4.68,"banda":4.5,"nivel":"IV","secretaria":"BOGOTA"},"geometry":{"type":"Point","coordinates":[-74.04264,4.68339]}},{"type":"Feature","properties":{"codigo_ies":1118,"codigo_padre":1118,"nombre":"UNIVERSIDAD TECNOLOGICA DEL CHOCO-DIEGO LUIS CORDOBA","estado":"Activa","sector":"Oficial","caracter":"Universidad","principal_seccional":"Principal","mpio":"Quibdó","depto":"Chocó","direccion":"Ciudadela Universitaria Barrio Nicolas Medrano","web":"www.utch.edu.co","programas_vigentes":37.0,"acreditada":false,"bid":true,"geo_score":80.0,"geo_precision":"centroide_municipio","geo_aceptacion":"acepta_centroide","geo_consulta":"direccion","mmi":6.5,"banda":6.5,"nivel":"VI","secretaria":"QUIBDÓ","dano_fuente":"noticia","dano_estado":"dano","dano_subtipo":"dano_sd","dano_quien":"El Observatorio de la Universidad Colombiana","dano_cita":"Allí básicamente funciona, en Quibdó, la Universidad Tecnológica del Chocó, siendo una de las IES con afectación estructural más grave. No hay cuantía de los daños.","dano_medio":"El Observatorio de la Universidad Colombiana","dano_url":"https://www.universidad.edu.co/terremoto-en-colombia-perdidas-aun-no-dimensionadas-en-las-universidades-aflora-la-solidaridad-sectorial/","dano_fecha":"2026-08-13"},"geometry":{"type":"Point","coordinates":[-76.65907,5.69083]}},{"type":"Feature","properties":{"codigo_ies":1119,"codigo_padre":1119,"nombre":"UNIVERSIDAD DE LOS LLANOS","estado":"Activa","sector":"Oficial","caracter":"Universidad","principal_seccional":"Principal","mpio":"Villavicencio","depto":"Meta","direccion":"Kilómetro 12 Vía Puerto López, Vereda Barcelona","web":"www.rectoria@unillanos.edu.co","programas_vigentes":55.0,"acreditada":true,"bid":true,"geo_score":100.0,"geo_precision":"calle","geo_aceptacion":"acepta","geo_consulta":"nombre","mmi":4.7,"banda":4.5,"nivel":"IV","secretaria":"VILLAVICENCIO"},"geometry":{"type":"Point","coordinates":[-73.58295,4.07447]}},{"type":"Feature","properties":{"codigo_ies":1120,"codigo_padre":1120,"nombre":"UNIVERSIDAD POPULAR DEL CESAR","estado":"Activa","sector":"Oficial","caracter":"Universidad","principal_seccional":"Principal","mpio":"Valledupar","depto":"Cesar","direccion":"Sede Balneario Hurtado","web":"www.unicesar.edu.co","programas_vigentes":56.0,"acreditada":false,"bid":true,"geo_score":99.75,"geo_precision":"calle","geo_aceptacion":"acepta","geo_consulta":"nombre","secretaria":"VALLEDUPAR"},"geometry":{"type":"Point","coordinates":[-73.2616,10.45137]}},{"type":"Feature","properties":{"codigo_ies":1121,"codigo_padre":1121,"nombre":"UNIVERSIDAD-COLEGIO MAYOR DE CUNDINAMARCA","estado":"Activa","sector":"Oficial","caracter":"Universidad","principal_seccional":"Principal","mpio":"Bogotá, D.C.","depto":"Bogotá, D.C.","direccion":"CALLE 28 # 5B - 02","web":"www.universidadmayor.edu.co","programas_vigentes":36.0,"acreditada":true,"bid":false,"geo_score":100.0,"geo_precision":"calle","geo_aceptacion":"acepta","geo_consulta":"direccion","mmi":4.24,"banda":4.0,"nivel":"IV","secretaria":"BOGOTA"},"geometry":{"type":"Point","coordinates":[-74.0682,4.6148]}},{"type":"Feature","properties":{"codigo_ies":1122,"codigo_padre":1122,"nombre":"UNIVERSIDAD DEL PACIFICO","estado":"Activa","sector":"Oficial","caracter":"Universidad","principal_seccional":"Principal","mpio":"Buenaventura","depto":"Valle del Cauca","direccion":"Avenida Simón Bolivar  54A-10","web":"www.unipacifico.edu.co","programas_vigentes":12.0,"acreditada":false,"bid":false,"geo_score":90.66,"geo_precision":"centroide","geo_aceptacion":"acepta_con_aviso_baja_precision","geo_consulta":"direccion","mmi":6.2,"banda":6.0,"nivel":"VI","secretaria":"BUENAVENTURA"},"geometry":{"type":"Point","coordinates":[-76.99524,3.87437]}},{"type":"Feature","properties":{"codigo_ies":1123,"codigo_padre":1120,"nombre":"UNIVERSIDAD POPULAR DEL CESAR","estado":"Activa","sector":"Oficial","caracter":"Universidad","principal_seccional":"Seccional","mpio":"Aguachica","depto":"Cesar","direccion":"Cra. 40  vía al Mar","web":"www.unicesar.edu.co","programas_vigentes":10.0,"acreditada":false,"bid":false,"bid_de":1120,"geo_score":92.0,"geo_precision":"centroide","geo_aceptacion":"acepta_con_aviso_baja_precision","geo_consulta":"direccion","secretaria":"CESAR"},"geometry":{"type":"Point","coordinates":[-73.59691,8.31405]}},{"type":"Feature","properties":{"codigo_ies":1124,"codigo_padre":1101,"nombre":"UNIVERSIDAD NACIONAL DE COLOMBIA","estado":"Activa","sector":"Oficial","caracter":"Universidad","principal_seccional":"Seccional","mpio":"Arauca","depto":"Arauca","direccion":"Kilómetro 9 vía a Caño Limón","web":"www.arauca.unal.edu.co","acreditada":true,"bid":false,"geo_score":89.8,"geo_precision":"incierto","geo_aceptacion":"acepta_con_aviso_baja_precision","geo_consulta":"nombre","secretaria":"ARAUCA"},"geometry":{"type":"Point","coordinates":[-70.74472,7.01361]}},{"type":"Feature","properties":{"codigo_ies":1125,"codigo_padre":1101,"nombre":"UNIVERSIDAD NACIONAL DE COLOMBIA","estado":"Activa","sector":"Oficial","caracter":"Universidad","principal_seccional":"Seccional","mpio":"Leticia","depto":"Amazonas","direccion":"km 2 Via Leticia - Tarapaca","web":"www.imani.unal.edu.co","programas_vigentes":5.0,"acreditada":true,"bid":false,"geo_score":86.4,"geo_precision":"centroide_municipio","geo_aceptacion":"acepta_centroide","geo_consulta":"direccion","secretaria":"AMAZONAS"},"geometry":{"type":"Point","coordinates":[-69.93906,-4.2156]}},{"type":"Feature","properties":{"codigo_ies":1126,"codigo_padre":1101,"nombre":"UNIVERSIDAD NACIONAL DE COLOMBIA","estado":"Activa","sector":"Oficial","caracter":"Universidad","principal_seccional":"Seccional","mpio":"San Andrés","depto":"Archipiélago de San Andrés, Providencia y Santa Catalina","direccion":"Carretera Circunvalar San Luis","web":"www.caribe.unal.edu.co","programas_vigentes":4.0,"acreditada":true,"bid":false,"geo_score":97.86,"geo_precision":"calle","geo_aceptacion":"acepta","geo_consulta":"nombre","secretaria":"SANTANDER"},"geometry":{"type":"Point","coordinates":[-81.70794,12.53644]}},{"type":"Feature","properties":{"codigo_ies":1201,"codigo_padre":1201,"nombre":"UNIVERSIDAD DE ANTIOQUIA","estado":"Activa","sector":"Oficial","caracter":"Universidad","principal_seccional":"Principal","mpio":"Medellín","depto":"Antioquia","direccion":"CLLE 67 No. 53 - 108","web":"www.udea.edu.co","programas_vigentes":343.0,"acreditada":true,"bid":true,"geo_score":100.0,"geo_precision":"calle","geo_aceptacion":"acepta","geo_consulta":"direccion","mmi":5.08,"banda":5.0,"nivel":"V","secretaria":"MEDELLIN"},"geometry":{"type":"Point","coordinates":[-75.5694,6.26488]}},{"type":"Feature","properties":{"codigo_ies":1202,"codigo_padre":1202,"nombre":"UNIVERSIDAD DEL ATLANTICO","estado":"Activa","sector":"Oficial","caracter":"Universidad","principal_seccional":"Principal","mpio":"Puerto Colombia","depto":"Atlántico","direccion":"CARRERA 30 No. 8 - 49 PUERTO COLOMBIA - ATLÁNTICO","web":"www.uniatlantico.edu.co","programas_vigentes":124.0,"acreditada":true,"bid":false,"geo_score":100.0,"geo_precision":"calle","geo_aceptacion":"acepta","geo_consulta":"nombre","secretaria":"ATLANTICO"},"geometry":{"type":"Point","coordinates":[-74.87376,11.01725]}},{"type":"Feature","properties":{"codigo_ies":1203,"codigo_padre":1203,"nombre":"UNIVERSIDAD DEL VALLE","estado":"Activa","sector":"Oficial","caracter":"Universidad","principal_seccional":"Principal","mpio":"Santiago de Cali","depto":"Valle del Cauca","direccion":"Ciudad Universitaria Melendez, Calle 13 100-00","web":"www.univalle.edu.co","programas_vigentes":308.0,"acreditada":true,"bid":true,"geo_score":100.0,"geo_precision":"calle","geo_aceptacion":"acepta","geo_consulta":"nombre","mmi":5.98,"banda":5.5,"nivel":"V"},"geometry":{"type":"Point","coordinates":[-76.53051,3.37308]}},{"type":"Feature","properties":{"codigo_ies":1204,"codigo_padre":1204,"nombre":"UNIVERSIDAD INDUSTRIAL DE SANTANDER","estado":"Activa","sector":"Oficial","caracter":"Universidad","principal_seccional":"Principal","mpio":"Bucaramanga","depto":"Santander","direccion":"Ciudad Universitaria Carrera 27 Calle 9","web":"www.uis.edu.co","programas_vigentes":198.0,"acreditada":true,"bid":true,"geo_score":100.0,"geo_precision":"calle","geo_aceptacion":"acepta","geo_consulta":"nombre","secretaria":"BUCARAMANGA"},"geometry":{"type":"Point","coordinates":[-73.12047,7.14038]}},{"type":"Feature","properties":{"codigo_ies":1205,"codigo_padre":1205,"nombre":"UNIVERSIDAD DE CARTAGENA","estado":"Activa","sector":"Oficial","caracter":"Universidad","principal_seccional":"Principal","mpio":"Cartagena de Indias","depto":"Bolívar","direccion":"Centro Carrera 6 No. 36-100","web":"www.unicartagena.edu.co","programas_vigentes":124.0,"acreditada":true,"bid":true,"geo_score":100.0,"geo_precision":"calle","geo_aceptacion":"acepta","geo_consulta":"direccion"},"geometry":{"type":"Point","coordinates":[-75.54957,10.4262]}},{"type":"Feature","properties":{"codigo_ies":1206,"codigo_padre":1206,"nombre":"UNIVERSIDAD DE NARIÑO","estado":"Activa","sector":"Oficial","caracter":"Universidad","principal_seccional":"Principal","mpio":"Pasto","depto":"Nariño","direccion":"Torobajo, Carrera 22 No. 18-109","web":"www.udenar.edu.co","programas_vigentes":125.0,"acreditada":true,"bid":false,"geo_score":100.0,"geo_precision":"calle","geo_aceptacion":"acepta","geo_consulta":"nombre","secretaria":"PASTO"},"geometry":{"type":"Point","coordinates":[-77.29084,1.21337]}},{"type":"Feature","properties":{"codigo_ies":1207,"codigo_padre":1207,"nombre":"UNIVERSIDAD DEL TOLIMA","estado":"Activa","sector":"Oficial","caracter":"Universidad","principal_seccional":"Principal","mpio":"Ibagué","depto":"Tolima","direccion":"Barrio Santa Elena","web":"www.ut.edu.co","programas_vigentes":108.0,"acreditada":true,"bid":false,"geo_score":100.0,"geo_precision":"calle","geo_aceptacion":"acepta","geo_consulta":"nombre","mmi":5.73,"banda":5.5,"nivel":"V","secretaria":"IBAGUE"},"geometry":{"type":"Point","coordinates":[-75.21254,4.42661]}},{"type":"Feature","properties":{"codigo_ies":1208,"codigo_padre":1208,"nombre":"UNIVERSIDAD DEL QUINDIO","estado":"Activa","sector":"Oficial","caracter":"Universidad","principal_seccional":"Principal","mpio":"Armenia","depto":"Quindío","direccion":"Carrera 15 Calle 12 Norte","web":"www.uniquindio.edu.co","programas_vigentes":58.0,"acreditada":true,"bid":false,"geo_score":100.0,"geo_precision":"calle","geo_aceptacion":"acepta","geo_consulta":"nombre","mmi":6.5,"banda":6.5,"nivel":"VI","secretaria":"ARMENIA","dano_fuente":"noticia","dano_estado":"colapso","dano_subtipo":"colapso_sd","dano_quien":"El Observatorio de la Universidad Colombiana","dano_cita":"En Armenia, la Universidad del Quindío sufrió el desprendimiento de algunas fachadas y daños estructurales.","dano_medio":"El Observatorio de la Universidad Colombiana","dano_url":"https://www.universidad.edu.co/terremoto-en-colombia-perdidas-aun-no-dimensionadas-en-las-universidades-aflora-la-solidaridad-sectorial/","dano_fecha":"2026-08-13"},"geometry":{"type":"Point","coordinates":[-75.66117,4.55418]}},{"type":"Feature","properties":{"codigo_ies":1209,"codigo_padre":1209,"nombre":"UNIVERSIDAD FRANCISCO DE PAULA SANTANDER","estado":"Activa","sector":"Oficial","caracter":"Universidad","principal_seccional":"Principal","mpio":"San José de Cúcuta","depto":"Norte de Santander","direccion":"Avenida Gran Colombia No. 12E-96","web":"www.ufps.edu.co","programas_vigentes":50.0,"acreditada":true,"bid":false,"geo_score":100.0,"geo_precision":"calle","geo_aceptacion":"acepta","geo_consulta":"nombre"},"geometry":{"type":"Point","coordinates":[-72.49985,7.89116]}},{"type":"Feature","properties":{"codigo_ies":1210,"codigo_padre":1209,"nombre":"UNIVERSIDAD FRANCISCO DE PAULA SANTANDER","estado":"Activa","sector":"Oficial","caracter":"Universidad","principal_seccional":"Seccional","mpio":"Ocaña","depto":"Norte de Santander","direccion":"Via El Algodonal","web":"www.ufpso.edu.co","programas_vigentes":22.0,"acreditada":false,"bid":true,"geo_score":96.74,"geo_precision":"calle","geo_aceptacion":"acepta","geo_consulta":"direccion","secretaria":"NORTE SANTANDER"},"geometry":{"type":"Point","coordinates":[-73.31666,8.20001]}},{"type":"Feature","properties":{"codigo_ies":1212,"codigo_padre":1212,"nombre":"UNIVERSIDAD DE PAMPLONA","estado":"Activa","sector":"Oficial","caracter":"Universidad","principal_seccional":"Principal","mpio":"Pamplona","depto":"Norte de Santander","direccion":"Ciudad Universitaria, Km.1 vía a Bucaramanga","web":"www.unipamplona.edu.co","programas_vigentes":97.0,"acreditada":true,"bid":false,"geo_score":100.0,"geo_precision":"calle","geo_aceptacion":"acepta","geo_consulta":"nombre","secretaria":"NORTE SANTANDER"},"geometry":{"type":"Point","coordinates":[-72.64841,7.38367]}},{"type":"Feature","properties":{"codigo_ies":1213,"codigo_padre":1213,"nombre":"UNIVERSIDAD DEL MAGDALENA - UNIMAGDALENA","estado":"Activa","sector":"Oficial","caracter":"Universidad","principal_seccional":"Principal","mpio":"Santa Marta","depto":"Magdalena","direccion":"Cll 29H3 N. 22 - 1","web":"https://unimagdalena.edu.co","programas_vigentes":103.0,"acreditada":true,"bid":false,"geo_score":99.08,"geo_precision":"calle","geo_aceptacion":"acepta","geo_consulta":"direccion","secretaria":"SANTA MARTA"},"geometry":{"type":"Point","coordinates":[-74.18815,11.22632]}},{"type":"Feature","properties":{"codigo_ies":1214,"codigo_padre":1214,"nombre":"UNIVERSIDAD DE CUNDINAMARCA","estado":"Activa","sector":"Oficial","caracter":"Universidad","principal_seccional":"Principal","mpio":"Fusagasugá","depto":"Cundinamarca","direccion":"Diagonal 18  No. 20-29","web":"www.ucundinamarca.edu.co","programas_vigentes":57.0,"acreditada":false,"bid":false,"geo_score":100.0,"geo_precision":"calle","geo_aceptacion":"acepta","geo_consulta":"nombre","mmi":4.86,"banda":4.5,"nivel":"IV","secretaria":"FUSAGASUGA"},"geometry":{"type":"Point","coordinates":[-74.36963,4.33388]}},{"type":"Feature","properties":{"codigo_ies":1215,"codigo_padre":1214,"nombre":"UNIVERSIDAD DE CUNDINAMARCA","estado":"Activa","sector":"Oficial","caracter":"Universidad","principal_seccional":"Seccional","mpio":"Girardot","depto":"Cundinamarca","direccion":"Calle 19 24-209","web":"www.ucundinamarca.edu.co","programas_vigentes":5.0,"acreditada":false,"bid":false,"geo_score":99.99,"geo_precision":"calle","geo_aceptacion":"acepta","geo_consulta":"nombre","mmi":5.88,"banda":5.5,"nivel":"V","secretaria":"GIRARDOT"},"geometry":{"type":"Point","coordinates":[-74.80672,4.3066]}},{"type":"Feature","properties":{"codigo_ies":1216,"codigo_padre":1214,"nombre":"UNIVERSIDAD DE CUNDINAMARCA","estado":"Activa","sector":"Oficial","caracter":"Universidad","principal_seccional":"Seccional","mpio":"Villa de San Diego de Ubaté","depto":"Cundinamarca","direccion":"Calle 16 No. 9-80","web":"www.ucundinamarca.edu.co","programas_vigentes":3.0,"acreditada":false,"bid":false,"geo_score":100.0,"geo_precision":"calle","geo_aceptacion":"acepta","geo_consulta":"nombre","mmi":4.63,"banda":4.5,"nivel":"IV"},"geometry":{"type":"Point","coordinates":[-73.8174,5.30895]}},{"type":"Feature","properties":{"codigo_ies":1217,"codigo_padre":1217,"nombre":"UNIVERSIDAD DE SUCRE","estado":"Activa","sector":"Oficial","caracter":"Universidad","principal_seccional":"Principal","mpio":"Sincelejo","depto":"Sucre","direccion":"Carrera 28 No. 5 - 267","web":"www.unisucre.edu.co","programas_vigentes":29.0,"acreditada":true,"bid":true,"geo_score":100.0,"geo_precision":"calle","geo_aceptacion":"acepta","geo_consulta":"nombre","secretaria":"SINCELEJO"},"geometry":{"type":"Point","coordinates":[-75.38803,9.31739]}},{"type":"Feature","properties":{"codigo_ies":1218,"codigo_padre":1218,"nombre":"UNIVERSIDAD DE LA GUAJIRA","estado":"Activa","sector":"Oficial","caracter":"Universidad","principal_seccional":"Principal","mpio":"Riohacha","depto":"La Guajira","direccion":"Kilómetro 5 vía a Maicao","web":"www.uniguajira.edu.co","programas_vigentes":66.0,"acreditada":true,"bid":false,"geo_score":100.0,"geo_precision":"calle","geo_aceptacion":"acepta","geo_consulta":"nombre","secretaria":"RIOHACHA"},"geometry":{"type":"Point","coordinates":[-72.87942,11.52517]}},{"type":"Feature","properties":{"codigo_ies":1219,"codigo_padre":1201,"nombre":"UNIVERSIDAD DE ANTIOQUIA","estado":"Activa","sector":"Oficial","caracter":"Universidad","principal_seccional":"Seccional","mpio":"El Carmen de Viboral","depto":"Antioquia","direccion":"Km 6 Vía Rionegro, La Ceja, El Tambo Jurisdicción El Carmen de Viboral","web":"www.udea.edu.co","programas_vigentes":2.0,"acreditada":true,"bid":false,"bid_de":1201,"geo_score":84.61,"geo_precision":"incierto","geo_aceptacion":"acepta_con_aviso_baja_precision","geo_consulta":"direccion","mmi":5.62,"banda":5.5,"nivel":"V"},"geometry":{"type":"Point","coordinates":[-75.37053,6.07146]}},{"type":"Feature","properties":{"codigo_ies":1220,"codigo_padre":1201,"nombre":"UNIVERSIDAD DE ANTIOQUIA","estado":"Activa","sector":"Oficial","caracter":"Universidad","principal_seccional":"Seccional","mpio":"Andes","depto":"Antioquia","direccion":"Km. 4 Salida Medellín Vereda Campamento","web":"www.udea.edu.co","programas_vigentes":1.0,"acreditada":true,"bid":false,"bid_de":1201,"geo_score":100.0,"geo_precision":"centroide_municipio","geo_aceptacion":"acepta_centroide","geo_consulta":"municipio","mmi":5.76,"banda":5.5,"nivel":"V","secretaria":"ANTIOQUIA"},"geometry":{"type":"Point","coordinates":[-75.92637,5.6252]}},{"type":"Feature","properties":{"codigo_ies":1221,"codigo_padre":1201,"nombre":"UNIVERSIDAD DE ANTIOQUIA","estado":"Activa","sector":"Oficial","caracter":"Universidad","principal_seccional":"Seccional","mpio":"Caucasia","depto":"Antioquia","direccion":"Liceo Municipal Caucasi Carretera.TR Av. Pajonal","web":"www.udea.edu.co","programas_vigentes":2.0,"acreditada":true,"bid":false,"bid_de":1201,"geo_score":80.0,"geo_precision":"centroide_municipio","geo_aceptacion":"acepta_centroide","geo_consulta":"direccion","secretaria":"ANTIOQUIA"},"geometry":{"type":"Point","coordinates":[-75.19685,7.98735]}},{"type":"Feature","properties":{"codigo_ies":1222,"codigo_padre":1201,"nombre":"UNIVERSIDAD DE ANTIOQUIA","estado":"Activa","sector":"Oficial","caracter":"Universidad","principal_seccional":"Seccional","mpio":"Puerto Berrío","depto":"Antioquia","direccion":"Salida  Medellín Barrio Cacique","web":"www.udea.edu.co","acreditada":true,"bid":false,"bid_de":1201,"geo_score":80.71,"geo_precision":"centroide_municipio","geo_aceptacion":"acepta_centroide","geo_consulta":"direccion","mmi":4.73,"banda":4.5,"nivel":"IV","secretaria":"ANTIOQUIA"},"geometry":{"type":"Point","coordinates":[-74.52831,6.48159]}},{"type":"Feature","properties":{"codigo_ies":1223,"codigo_padre":1201,"nombre":"UNIVERSIDAD DE ANTIOQUIA","estado":"Activa","sector":"Oficial","caracter":"Universidad","principal_seccional":"Seccional","mpio":"Turbo","depto":"Antioquia","direccion":"Calle 104 entre Carreras 18 A - 19 B.Jesús","web":"www.udea.edu.co","programas_vigentes":2.0,"acreditada":true,"bid":false,"bid_de":1201,"geo_score":84.44,"geo_precision":"incierto","geo_aceptacion":"acepta_con_aviso_baja_precision","geo_consulta":"direccion","secretaria":"TURBO"},"geometry":{"type":"Point","coordinates":[-76.72333,8.09692]}},{"type":"Feature","properties":{"codigo_ies":1301,"codigo_padre":1301,"nombre":"UNIVERSIDAD DISTRITAL-FRANCISCO JOSE DE CALDAS","estado":"Activa","sector":"Oficial","caracter":"Universidad","principal_seccional":"Principal","mpio":"Bogotá, D.C.","depto":"Bogotá, D.C.","direccion":"Carrera 7 No. 40-53","web":"www.udistrital.edu.co","programas_vigentes":98.0,"acreditada":true,"bid":false,"geo_score":100.0,"geo_precision":"calle","geo_aceptacion":"acepta","geo_consulta":"nombre","mmi":4.32,"banda":4.0,"nivel":"IV","secretaria":"BOGOTA"},"geometry":{"type":"Point","coordinates":[-74.0639,4.6392]}},{"type":"Feature","properties":{"codigo_ies":1701,"codigo_padre":1701,"nombre":"PONTIFICIA UNIVERSIDAD JAVERIANA","estado":"Activa","sector":"Privado","caracter":"Universidad","principal_seccional":"Principal","mpio":"Bogotá, D.C.","depto":"Bogotá, D.C.","direccion":"Carrera 7  40-62","web":"www.javeriana.edu.co","programas_vigentes":249.0,"acreditada":true,"bid":false,"geo_score":100.0,"geo_precision":"calle","geo_aceptacion":"acepta","geo_consulta":"nombre","mmi":4.21,"banda":4.0,"nivel":"IV","secretaria":"BOGOTA"},"geometry":{"type":"Point","coordinates":[-74.06485,4.62878]}},{"type":"Feature","properties":{"codigo_ies":1702,"codigo_padre":1701,"nombre":"PONTIFICIA UNIVERSIDAD JAVERIANA","estado":"Activa","sector":"Privado","caracter":"Universidad","principal_seccional":"Seccional","mpio":"Santiago de Cali","depto":"Valle del Cauca","direccion":"Clle 18 No. 118-250 Av Cañasgordas","web":"www.puj.edu.co","programas_vigentes":98.0,"acreditada":true,"bid":false,"geo_score":100.0,"geo_precision":"calle","geo_aceptacion":"acepta","geo_consulta":"nombre","mmi":5.79,"banda":5.5,"nivel":"V"},"geometry":{"type":"Point","coordinates":[-76.54036,3.30689]}},{"type":"Feature","properties":{"codigo_ies":1703,"codigo_padre":1703,"nombre":"UNIVERSIDAD INCCA DE COLOMBIA","estado":"Activa","sector":"Privado","caracter":"Universidad","principal_seccional":"Principal","mpio":"Bogotá, D.C.","depto":"Bogotá, D.C.","direccion":"Carrera 13 No. 24-15","web":"www.unincca.edu.co","programas_vigentes":33.0,"acreditada":false,"bid":false,"geo_score":100.0,"geo_precision":"calle","geo_aceptacion":"acepta","geo_consulta":"direccion","mmi":4.48,"banda":4.0,"nivel":"IV","secretaria":"BOGOTA"},"geometry":{"type":"Point","coordinates":[-74.0725,4.61155]}},{"type":"Feature","properties":{"codigo_ies":1704,"codigo_padre":1704,"nombre":"UNIVERSIDAD SANTO TOMAS","estado":"Activa","sector":"Privado","caracter":"Universidad","principal_seccional":"Principal","mpio":"Bogotá, D.C.","depto":"Bogotá, D.C.","direccion":"Sede Ppal Carrera 9  51-11, Sede Norte Cra.10 72-50","web":"www.usta.edu.co","programas_vigentes":163.0,"acreditada":true,"bid":false,"geo_score":100.0,"geo_precision":"calle","geo_aceptacion":"acepta","geo_consulta":"nombre","mmi":5.18,"banda":5.0,"nivel":"V","secretaria":"BOGOTA"},"geometry":{"type":"Point","coordinates":[-74.0423,4.78787]}},{"type":"Feature","properties":{"codigo_ies":1705,"codigo_padre":1704,"nombre":"UNIVERSIDAD SANTO TOMAS","estado":"Activa","sector":"Privado","caracter":"Universidad","principal_seccional":"Seccional","mpio":"Bucaramanga","depto":"Santander","direccion":"Carrera 18 No. 9-27","web":"www.ustabuca.edu.co","programas_vigentes":76.0,"acreditada":true,"bid":false,"geo_score":100.0,"geo_precision":"calle","geo_aceptacion":"acepta","geo_consulta":"direccion","mmi":4.17,"banda":4.0,"nivel":"IV","secretaria":"BUCARAMANGA"},"geometry":{"type":"Point","coordinates":[-73.12868,7.13687]}},{"type":"Feature","properties":{"codigo_ies":1706,"codigo_padre":1706,"nombre":"UNIVERSIDAD EXTERNADO DE COLOMBIA","estado":"Activa","sector":"Privado","caracter":"Universidad","principal_seccional":"Principal","mpio":"Bogotá, D.C.","depto":"Bogotá, D.C.","direccion":"Calle 12 No. 1-17 Este","web":"www.uexternado.edu.co","programas_vigentes":297.0,"acreditada":true,"bid":false,"geo_score":100.0,"geo_precision":"calle","geo_aceptacion":"acepta","geo_consulta":"nombre","mmi":4.09,"banda":4.0,"nivel":"IV","secretaria":"BOGOTA"},"geometry":{"type":"Point","coordinates":[-74.06888,4.59527]}},{"type":"Feature","properties":{"codigo_ies":1707,"codigo_padre":1707,"nombre":"FUNDACION UNIVERSIDAD DE BOGOTA - JORGE TADEO LOZANO","estado":"Activa","sector":"Privado","caracter":"Universidad","principal_seccional":"Principal","mpio":"Bogotá, D.C.","depto":"Bogotá, D.C.","direccion":"Carrera 4  22-61","web":"www.utadeo.edu.co","programas_vigentes":157.0,"acreditada":true,"bid":false,"geo_score":100.0,"geo_precision":"calle","geo_aceptacion":"acepta","geo_consulta":"direccion","mmi":4.13,"banda":4.0,"nivel":"IV","secretaria":"BOGOTA"},"geometry":{"type":"Point","coordinates":[-74.06757,4.60678]}},{"type":"Feature","properties":{"codigo_ies":1708,"codigo_padre":1707,"nombre":"FUNDACION UNIVERSIDAD DE BOGOTA - JORGE TADEO LOZANO","estado":"Activa","sector":"Privado","caracter":"Universidad","principal_seccional":"Seccional","mpio":"Cartagena de Indias","depto":"Bolívar","direccion":"Zona Norte Anillo Vial kilómetro 13","web":"www.utadeo.edu.co","programas_vigentes":5.0,"acreditada":true,"bid":false,"geo_score":80.65,"geo_precision":"centroide_municipio","geo_aceptacion":"acepta_centroide","geo_consulta":"direccion"},"geometry":{"type":"Point","coordinates":[-75.5021,10.40253]}},{"type":"Feature","properties":{"codigo_ies":1709,"codigo_padre":1709,"nombre":"UNIVERSIDAD CENTRAL","estado":"Activa","sector":"Privado","caracter":"Universidad","principal_seccional":"Principal","mpio":"Bogotá, D.C.","depto":"Bogotá, D.C.","direccion":"Carrera 5  21-38","web":"www.ucentral.edu.co","programas_vigentes":65.0,"acreditada":true,"bid":false,"geo_score":100.0,"geo_precision":"calle","geo_aceptacion":"acepta","geo_consulta":"direccion","mmi":4.23,"banda":4.0,"nivel":"IV","secretaria":"BOGOTA"},"geometry":{"type":"Point","coordinates":[-74.06936,4.60638]}},{"type":"Feature","properties":{"codigo_ies":1710,"codigo_padre":1710,"nombre":"UNIVERSIDAD PONTIFICIA BOLIVARIANA","estado":"Activa","sector":"Privado","caracter":"Universidad","principal_seccional":"Principal","mpio":"Medellín","depto":"Antioquia","direccion":"Campus de Laureles Circular 1a. No. 70-01","web":"www.upb.edu.co","programas_vigentes":244.0,"acreditada":true,"bid":false,"geo_score":100.0,"geo_precision":"calle","geo_aceptacion":"acepta","geo_consulta":"nombre","mmi":5.19,"banda":5.0,"nivel":"V","secretaria":"MEDELLIN"},"geometry":{"type":"Point","coordinates":[-75.58959,6.24199]}},{"type":"Feature","properties":{"codigo_ies":1711,"codigo_padre":1711,"nombre":"UNIVERSIDAD DE LA SABANA","estado":"Activa","sector":"Privado","caracter":"Universidad","principal_seccional":"Principal","mpio":"Chía","depto":"Cundinamarca","direccion":"Campus  Universitario Puente del Común","web":"www.unisabana.edu.co","programas_vigentes":188.0,"acreditada":true,"bid":false,"geo_score":100.0,"geo_precision":"calle","geo_aceptacion":"acepta","geo_consulta":"nombre","mmi":4.48,"banda":4.0,"nivel":"IV","secretaria":"CHÍA"},"geometry":{"type":"Point","coordinates":[-74.03302,4.86109]}},{"type":"Feature","properties":{"codigo_ies":1712,"codigo_padre":1712,"nombre":"UNIVERSIDAD EAFIT-","estado":"Activa","sector":"Privado","caracter":"Universidad","principal_seccional":"Principal","mpio":"Medellín","depto":"Antioquia","direccion":"Carrera 49  No.7 SUR - 50","web":"www.eafit.edu.co","programas_vigentes":156.0,"acreditada":true,"bid":false,"geo_score":100.0,"geo_precision":"calle","geo_aceptacion":"acepta","geo_consulta":"direccion","mmi":4.92,"banda":4.5,"nivel":"IV","secretaria":"MEDELLIN"},"geometry":{"type":"Point","coordinates":[-75.57872,6.19882]}},{"type":"Feature","properties":{"codigo_ies":1713,"codigo_padre":1713,"nombre":"UNIVERSIDAD DEL NORTE","estado":"Activa","sector":"Privado","caracter":"Universidad","principal_seccional":"Principal","mpio":"Barranquilla","depto":"Atlántico","direccion":"Kilometro 5 Via  Pto. Colombia","web":"www.uninorte.edu.co","programas_vigentes":174.0,"acreditada":true,"bid":false,"geo_score":88.72,"geo_precision":"centroide_municipio","geo_aceptacion":"acepta_centroide","geo_consulta":"direccion","secretaria":"BARRANQUILLA"},"geometry":{"type":"Point","coordinates":[-74.80096,10.96104]}},{"type":"Feature","properties":{"codigo_ies":1714,"codigo_padre":1714,"nombre":"COLEGIO MAYOR DE NUESTRA SEÑORA DEL ROSARIO","estado":"Activa","sector":"Privado","caracter":"Universidad","principal_seccional":"Principal","mpio":"Bogotá, D.C.","depto":"Bogotá, D.C.","direccion":"Calle 12c No. 6-25","web":"www.urosario.edu.co","programas_vigentes":231.0,"acreditada":true,"bid":false,"geo_score":100.0,"geo_precision":"calle","geo_aceptacion":"acepta","geo_consulta":"direccion","mmi":4.35,"banda":4.0,"nivel":"IV","secretaria":"BOGOTA"},"geometry":{"type":"Point","coordinates":[-74.07311,4.60044]}},{"type":"Feature","properties":{"codigo_ies":1715,"codigo_padre":1715,"nombre":"FUNDACION UNIVERSIDAD DE AMERICA","estado":"Activa","sector":"Privado","caracter":"Universidad","principal_seccional":"Principal","mpio":"Bogotá, D.C.","depto":"Bogotá, D.C.","direccion":"Avenida Circunvalar No. 20-53","web":"www.uamerica.edu.co","programas_vigentes":35.0,"acreditada":false,"bid":false,"geo_score":100.0,"geo_precision":"calle","geo_aceptacion":"acepta","geo_consulta":"nombre","mmi":5.59,"banda":5.5,"nivel":"V","secretaria":"BOGOTA"},"geometry":{"type":"Point","coordinates":[-74.09318,4.76118]}},{"type":"Feature","properties":{"codigo_ies":1716,"codigo_padre":1718,"nombre":"UNIVERSIDAD DE SAN BUENAVENTURA","estado":"Activa","sector":"Privado","caracter":"Universidad","principal_seccional":"Seccional","mpio":"Santiago de Cali","depto":"Valle del Cauca","direccion":"Cra 122 No. 6 - 65 via a Pance","web":"www.usbcali.edu.co","programas_vigentes":106.0,"acreditada":true,"bid":false,"geo_score":100.0,"geo_precision":"calle","geo_aceptacion":"acepta","geo_consulta":"nombre","mmi":5.68,"banda":5.5,"nivel":"V"},"geometry":{"type":"Point","coordinates":[-76.54415,3.34233]}},{"type":"Feature","properties":{"codigo_ies":1717,"codigo_padre":1718,"nombre":"UNIVERSIDAD DE SAN BUENAVENTURA","estado":"Activa","sector":"Privado","caracter":"Universidad","principal_seccional":"Seccional","mpio":"Medellín","depto":"Antioquia","direccion":"Carrera 56C   51-90  Barrio San Benito","web":"www.usb-med.edu.co","programas_vigentes":55.0,"acreditada":true,"bid":false,"geo_score":100.0,"geo_precision":"calle","geo_aceptacion":"acepta","geo_consulta":"nombre","mmi":5.3,"banda":5.0,"nivel":"V","secretaria":"MEDELLIN"},"geometry":{"type":"Point","coordinates":[-75.57292,6.25464]}},{"type":"Feature","properties":{"codigo_ies":1718,"codigo_padre":1718,"nombre":"UNIVERSIDAD DE SAN BUENAVENTURA","estado":"Activa","sector":"Privado","caracter":"Universidad","principal_seccional":"Principal","mpio":"Bogotá, D.C.","depto":"Bogotá, D.C.","direccion":"Carrera 8H #172-20 , Rectoría: Cra. 9  No. 123-76 Of.602-603","web":"www.usbbog.edu.co","programas_vigentes":52.0,"acreditada":true,"bid":false,"geo_score":100.0,"geo_precision":"calle","geo_aceptacion":"acepta","geo_consulta":"nombre","mmi":5.05,"banda":5.0,"nivel":"V","secretaria":"BOGOTA"},"geometry":{"type":"Point","coordinates":[-74.02993,4.75172]}},{"type":"Feature","properties":{"codigo_ies":1719,"codigo_padre":1719,"nombre":"UNIVERSIDAD CATOLICA DE COLOMBIA","estado":"Activa","sector":"Privado","caracter":"Universidad","principal_seccional":"Principal","mpio":"Bogotá, D.C.","depto":"Bogotá, D.C.","direccion":"Av Caracas No. 46-72","web":"www.ucatolica.edu.co","programas_vigentes":44.0,"acreditada":true,"bid":false,"geo_score":100.0,"geo_precision":"calle","geo_aceptacion":"acepta","geo_consulta":"direccion","mmi":4.39,"banda":4.0,"nivel":"IV","secretaria":"BOGOTA"},"geometry":{"type":"Point","coordinates":[-74.06718,4.63438]}},{"type":"Feature","properties":{"codigo_ies":1720,"codigo_padre":1720,"nombre":"UNIVERSIDAD MARIANA","estado":"Activa","sector":"Privado","caracter":"Universidad","principal_seccional":"Principal","mpio":"Pasto","depto":"Nariño","direccion":"Calle 18 No. 34-104","web":"www.umariana.edu.co","programas_vigentes":58.0,"acreditada":true,"bid":false,"geo_score":100.0,"geo_precision":"calle","geo_aceptacion":"acepta","geo_consulta":"nombre","secretaria":"PASTO"},"geometry":{"type":"Point","coordinates":[-77.28335,1.22371]}},{"type":"Feature","properties":{"codigo_ies":1722,"codigo_padre":1722,"nombre":"UNIVERSIDAD DE MANIZALES","estado":"Activa","sector":"Privado","caracter":"Universidad","principal_seccional":"Principal","mpio":"Manizales","depto":"Caldas","direccion":"Carrera 9 No. 19-03 Campohermoso","web":"www.umanizales.edu.co","programas_vigentes":122.0,"acreditada":true,"bid":false,"geo_score":100.0,"geo_precision":"calle","geo_aceptacion":"acepta","geo_consulta":"nombre","mmi":6.17,"banda":6.0,"nivel":"VI","secretaria":"MANIZALES","dano_fuente":"noticia","dano_estado":"dano","dano_subtipo":"dano_sd","dano_quien":"El Observatorio de la Universidad Colombiana","dano_cita":"La Universidad de Manizales también tuvo daños materiales, y momentos de pánico durante la evacuación del hospital universitario","dano_medio":"El Observatorio de la Universidad Colombiana","dano_url":"https://www.universidad.edu.co/terremoto-en-colombia-perdidas-aun-no-dimensionadas-en-las-universidades-aflora-la-solidaridad-sectorial/","dano_fecha":"2026-08-13"},"geometry":{"type":"Point","coordinates":[-75.51953,5.07663]}},{"type":"Feature","properties":{"codigo_ies":1723,"codigo_padre":1710,"nombre":"UNIVERSIDAD PONTIFICIA BOLIVARIANA","estado":"Activa","sector":"Privado","caracter":"Universidad","principal_seccional":"Seccional","mpio":"Bucaramanga","depto":"Santander","direccion":"Autopista a Piedecuesta Km. 7","web":"www.upb.edu.co","programas_vigentes":37.0,"acreditada":true,"bid":false,"geo_score":81.54,"geo_precision":"centroide_municipio","geo_aceptacion":"acepta_centroide","geo_consulta":"direccion","secretaria":"BUCARAMANGA"},"geometry":{"type":"Point","coordinates":[-73.12503,7.13118]}},{"type":"Feature","properties":{"codigo_ies":1724,"codigo_padre":1718,"nombre":"UNIVERSIDAD DE SAN BUENAVENTURA","estado":"Activa","sector":"Privado","caracter":"Universidad","principal_seccional":"Seccional","mpio":"Cartagena de Indias","depto":"Bolívar","direccion":"Calle Real Ternera Dig. 32 N. 30 - 966 Cartagena","web":"www.usbctg.edu.co","programas_vigentes":43.0,"acreditada":true,"bid":false,"geo_score":100.0,"geo_precision":"calle","geo_aceptacion":"acepta","geo_consulta":"nombre"},"geometry":{"type":"Point","coordinates":[-75.53567,10.40846]}},{"type":"Feature","properties":{"codigo_ies":1725,"codigo_padre":1725,"nombre":"FUNDACION UNIVERSIDAD AUTONOMA DE COLOMBIA -FUAC-","estado":"Activa","sector":"Privado","caracter":"Universidad","principal_seccional":"Principal","mpio":"Bogotá, D.C.","depto":"Bogotá, D.C.","direccion":"Calle 13  4-31, Correspondencia: Cra.4 12-85","web":"www.fuac.edu.co","programas_vigentes":26.0,"acreditada":false,"bid":false,"geo_score":99.17,"geo_precision":"calle","geo_aceptacion":"acepta","geo_consulta":"nombre","mmi":4.26,"banda":4.0,"nivel":"IV","secretaria":"BOGOTA"},"geometry":{"type":"Point","coordinates":[-74.07212,4.59825]}},{"type":"Feature","properties":{"codigo_ies":1726,"codigo_padre":1726,"nombre":"UNIVERSIDAD CATOLICA DE ORIENTE -UCO","estado":"Activa","sector":"Privado","caracter":"Universidad","principal_seccional":"Principal","mpio":"Rionegro","depto":"Antioquia","direccion":"Carrera 46 #40B-50 Sector 3","web":"www.uco.edu.co","programas_vigentes":62.0,"acreditada":true,"bid":false,"geo_score":98.48,"geo_precision":"calle","geo_aceptacion":"acepta","geo_consulta":"direccion","mmi":5.6,"banda":5.5,"nivel":"V","secretaria":"SANTANDER"},"geometry":{"type":"Point","coordinates":[-75.36748,6.14959]}},{"type":"Feature","properties":{"codigo_ies":1727,"codigo_padre":1710,"nombre":"UNIVERSIDAD PONTIFICIA BOLIVARIANA","estado":"Activa","sector":"Privado","caracter":"Universidad","principal_seccional":"Seccional","mpio":"Montería","depto":"Córdoba","direccion":"Kilómetro 8 Vía a Cereté","web":"www.upbmonteria.edu.co","programas_vigentes":26.0,"acreditada":true,"bid":false,"geo_score":100.0,"geo_precision":"centroide_municipio","geo_aceptacion":"acepta_centroide","geo_consulta":"nombre","secretaria":"MONTERIA"},"geometry":{"type":"Point","coordinates":[-75.88441,8.7427]}},{"type":"Feature","properties":{"codigo_ies":1728,"codigo_padre":1728,"nombre":"UNIVERSIDAD SERGIO ARBOLEDA","estado":"Activa","sector":"Privado","caracter":"Universidad","principal_seccional":"Principal","mpio":"Bogotá, D.C.","depto":"Bogotá, D.C.","direccion":"Calle 74 No. 14-14","web":"www.usergioarboleda.edu.co","programas_vigentes":141.0,"acreditada":true,"bid":false,"geo_score":100.0,"geo_precision":"calle","geo_aceptacion":"acepta","geo_consulta":"direccion","mmi":4.61,"banda":4.5,"nivel":"IV","secretaria":"BOGOTA"},"geometry":{"type":"Point","coordinates":[-74.05982,4.66077]}},{"type":"Feature","properties":{"codigo_ies":1729,"codigo_padre":1729,"nombre":"UNIVERSIDAD EL BOSQUE","estado":"Activa","sector":"Privado","caracter":"Universidad","principal_seccional":"Principal","mpio":"Bogotá, D.C.","depto":"Bogotá, D.C.","direccion":"Av. Cra 9 No. 131 A - 02, Edificio Fundadores","web":"www.unbosque.edu.co","programas_vigentes":183.0,"acreditada":false,"bid":false,"geo_score":100.0,"geo_precision":"calle","geo_aceptacion":"acepta","geo_consulta":"nombre","mmi":4.77,"banda":4.5,"nivel":"IV","secretaria":"BOGOTA"},"geometry":{"type":"Point","coordinates":[-74.03043,4.71017]}},{"type":"Feature","properties":{"codigo_ies":1730,"codigo_padre":1710,"nombre":"UNIVERSIDAD PONTIFICIA BOLIVARIANA","estado":"Activa","sector":"Privado","caracter":"Universidad","principal_seccional":"Seccional","mpio":"Palmira","depto":"Valle del Cauca","direccion":"Km 1 Vía Tienda Nueva Edif. Seminario Cristo Sacerdote Piso 2","web":"www.upb.edu.co","programas_vigentes":5.0,"acreditada":true,"bid":false,"geo_score":100.0,"geo_precision":"centroide_municipio","geo_aceptacion":"acepta_centroide","geo_consulta":"nombre","mmi":6.2,"banda":6.0,"nivel":"VI","secretaria":"PALMIRA"},"geometry":{"type":"Point","coordinates":[-76.29847,3.53892]}},{"type":"Feature","properties":{"codigo_ies":1731,"codigo_padre":1719,"nombre":"UNIVERSIDAD CATOLICA DE COLOMBIA","estado":"Activa","sector":"Privado","caracter":"Universidad","principal_seccional":"Seccional","mpio":"Chía","depto":"Cundinamarca","direccion":"Km. 21 Vía Carrera 7 La Caro","web":"www.ucatolica.edu.co","acreditada":false,"bid":false,"geo_score":89.89,"geo_precision":"incierto","geo_aceptacion":"acepta_con_aviso_baja_precision","geo_consulta":"direccion","mmi":4.07,"banda":4.0,"nivel":"IV","secretaria":"CHÍA"},"geometry":{"type":"Point","coordinates":[-74.02805,4.84125]}},{"type":"Feature","properties":{"codigo_ies":1732,"codigo_padre":1704,"nombre":"UNIVERSIDAD SANTO TOMAS","estado":"Activa","sector":"Privado","caracter":"Universidad","principal_seccional":"Seccional","mpio":"Tunja","depto":"Boyacá","direccion":"Calle 19 No. 11 - 64 Centro","web":"www.ustatunja.edu.co","programas_vigentes":71.0,"acreditada":true,"bid":false,"geo_score":100.0,"geo_precision":"calle","geo_aceptacion":"acepta","geo_consulta":"direccion","mmi":4.01,"banda":4.0,"nivel":"IV","secretaria":"TUNJA"},"geometry":{"type":"Point","coordinates":[-73.36381,5.53261]}},{"type":"Feature","properties":{"codigo_ies":1733,"codigo_padre":1728,"nombre":"UNIVERSIDAD SERGIO ARBOLEDA","estado":"Activa","sector":"Privado","caracter":"Universidad","principal_seccional":"Seccional","mpio":"Santa Marta","depto":"Magdalena","direccion":"Calle 18 Carrera 15,  Esquina","web":"www.usergioarboleda.edu.co/santamarta","programas_vigentes":24.0,"acreditada":true,"bid":false,"geo_score":100.0,"geo_precision":"calle","geo_aceptacion":"acepta","geo_consulta":"nombre","secretaria":"SANTA MARTA"},"geometry":{"type":"Point","coordinates":[-74.17857,11.22058]}},{"type":"Feature","properties":{"codigo_ies":1734,"codigo_padre":1734,"nombre":"UNIVERSIDAD DE BOYACA UNIBOYACA","estado":"Activa","sector":"Privado","caracter":"Universidad","principal_seccional":"Principal","mpio":"Tunja","depto":"Boyacá","direccion":"Carrera 2a. Este No. 64-169","web":"www.uniboyaca.edu.co","programas_vigentes":69.0,"acreditada":true,"bid":false,"geo_score":93.72,"geo_precision":"centroide","geo_aceptacion":"acepta_con_aviso_baja_precision","geo_consulta":"direccion","mmi":4.0,"banda":4.0,"nivel":"IV","secretaria":"TUNJA"},"geometry":{"type":"Point","coordinates":[-73.36483,5.50171]}},{"type":"Feature","properties":{"codigo_ies":1735,"codigo_padre":1735,"nombre":"UNIVERSIDAD MANUELA BELTRAN-UMB-","estado":"Activa","sector":"Privado","caracter":"Universidad","principal_seccional":"Principal","mpio":"Bogotá, D.C.","depto":"Bogotá, D.C.","direccion":"Avenida Circunvalar No. 60 - 00","web":"www.umb.edu.co","programas_vigentes":83.0,"acreditada":true,"bid":false,"geo_score":96.54,"geo_precision":"calle","geo_aceptacion":"acepta","geo_consulta":"nombre","mmi":4.0,"banda":4.0,"nivel":"IV","secretaria":"BOGOTA"},"geometry":{"type":"Point","coordinates":[-74.0544,4.6425]}},{"type":"Feature","properties":{"codigo_ies":1801,"codigo_padre":1801,"nombre":"UNIVERSIDAD LA GRAN COLOMBIA","estado":"Activa","sector":"Privado","caracter":"Universidad","principal_seccional":"Principal","mpio":"Bogotá, D.C.","depto":"Bogotá, D.C.","direccion":"Carrera 6 No. 12B-40","web":"www.ugc.edu.co","programas_vigentes":47.0,"acreditada":false,"bid":false,"geo_score":100.0,"geo_precision":"calle","geo_aceptacion":"acepta","geo_consulta":"direccion","mmi":4.34,"banda":4.0,"nivel":"IV","secretaria":"BOGOTA"},"geometry":{"type":"Point","coordinates":[-74.07316,4.59977]}},{"type":"Feature","properties":{"codigo_ies":1802,"codigo_padre":1801,"nombre":"UNIVERSIDAD LA GRAN COLOMBIA","estado":"Activa","sector":"Privado","caracter":"Universidad","principal_seccional":"Seccional","mpio":"Armenia","depto":"Quindío","direccion":"Av. Bolivar,  Carrera 14 No. 7-46","web":"www.ugcarmen.edu.co","programas_vigentes":34.0,"acreditada":false,"bid":false,"geo_score":91.44,"geo_precision":"centroide","geo_aceptacion":"acepta_con_aviso_baja_precision","geo_consulta":"direccion","mmi":6.6,"banda":6.5,"nivel":"VI","secretaria":"ARMENIA"},"geometry":{"type":"Point","coordinates":[-75.66629,4.53906]}},{"type":"Feature","properties":{"codigo_ies":1803,"codigo_padre":1803,"nombre":"UNIVERSIDAD DE LA SALLE","estado":"Activa","sector":"Privado","caracter":"Universidad","principal_seccional":"Principal","mpio":"Bogotá, D.C.","depto":"Bogotá, D.C.","direccion":"Cra.5  59A-44","web":"www.lasalle.edu.co","programas_vigentes":134.0,"acreditada":true,"bid":false,"geo_score":100.0,"geo_precision":"calle","geo_aceptacion":"acepta","geo_consulta":"direccion","mmi":4.21,"banda":4.0,"nivel":"IV","secretaria":"BOGOTA"},"geometry":{"type":"Point","coordinates":[-74.06006,4.64473]}},{"type":"Feature","properties":{"codigo_ies":1804,"codigo_padre":1804,"nombre":"UNIVERSIDAD AUTONOMA DEL CARIBE- UNIAUTONOMA","estado":"Activa","sector":"Privado","caracter":"Universidad","principal_seccional":"Principal","mpio":"Barranquilla","depto":"Atlántico","direccion":"Calle 90  46-112","web":"www.uac.edu.co","programas_vigentes":49.0,"acreditada":false,"bid":false,"geo_score":100.0,"geo_precision":"calle","geo_aceptacion":"acepta","geo_consulta":"direccion","secretaria":"BARRANQUILLA"},"geometry":{"type":"Point","coordinates":[-74.82388,11.00449]}},{"type":"Feature","properties":{"codigo_ies":1805,"codigo_padre":1805,"nombre":"UNIVERSIDAD SANTIAGO DE CALI","estado":"Activa","sector":"Privado","caracter":"Universidad","principal_seccional":"Principal","mpio":"Santiago de Cali","depto":"Valle del Cauca","direccion":"Carrera 62 Calle 5 Campus Pampalinda","web":"www.usc.edu.co","programas_vigentes":101.0,"acreditada":true,"bid":false,"geo_score":100.0,"geo_precision":"calle","geo_aceptacion":"acepta","geo_consulta":"nombre","mmi":5.42,"banda":5.0,"nivel":"V","dano_fuente":"noticia","dano_estado":"dano","dano_subtipo":"dano_sd","dano_quien":"El Observatorio de la Universidad Colombiana","dano_cita":"En la privada Universidad Santiago de Cali sí hubo significativos daños, especialmente de fachadas, puertas y vidrios, en varios de sus edificios recientemente remodelados.","dano_medio":"El Observatorio de la Universidad Colombiana","dano_url":"https://www.universidad.edu.co/terremoto-en-colombia-perdidas-aun-no-dimensionadas-en-las-universidades-aflora-la-solidaridad-sectorial/","dano_fecha":"2026-08-13","secretaria":"CALI"},"geometry":{"type":"Point","coordinates":[-76.56414,3.41701]}},{"type":"Feature","properties":{"codigo_ies":1806,"codigo_padre":1806,"nombre":"UNIVERSIDAD LIBRE","estado":"Activa","sector":"Privado","caracter":"Universidad","principal_seccional":"Principal","mpio":"Bogotá, D.C.","depto":"Bogotá, D.C.","direccion":"Calle 8 No. 5-80","web":"www.unilibre.edu.co","programas_vigentes":80.0,"acreditada":true,"bid":false,"geo_score":100.0,"geo_precision":"calle","geo_aceptacion":"acepta","geo_consulta":"direccion","mmi":4.37,"banda":4.0,"nivel":"IV","secretaria":"BOGOTA"},"geometry":{"type":"Point","coordinates":[-74.07579,4.59505]}},{"type":"Feature","properties":{"codigo_ies":1807,"codigo_padre":1806,"nombre":"UNIVERSIDAD LIBRE","estado":"Activa","sector":"Privado","caracter":"Universidad","principal_seccional":"Seccional","mpio":"Santiago de Cali","depto":"Valle del Cauca","direccion":"Diagonal 37A No. 3-29  Santa Isabel","web":"www.unilibrecali.edu.co","programas_vigentes":49.0,"acreditada":true,"bid":false,"geo_score":100.0,"geo_precision":"calle","geo_aceptacion":"acepta","geo_consulta":"direccion","mmi":5.51,"banda":5.5,"nivel":"V"},"geometry":{"type":"Point","coordinates":[-76.54997,3.42691]}},{"type":"Feature","properties":{"codigo_ies":1808,"codigo_padre":1806,"nombre":"UNIVERSIDAD LIBRE","estado":"Activa","sector":"Privado","caracter":"Universidad","principal_seccional":"Seccional","mpio":"Barranquilla","depto":"Atlántico","direccion":"Km. 7 antigua vía Puerto Colombia","web":"www.unilibrebaq.edu.co","programas_vigentes":53.0,"acreditada":true,"bid":false,"geo_score":89.24,"geo_precision":"centroide_municipio","geo_aceptacion":"acepta_centroide","geo_consulta":"direccion","secretaria":"BARRANQUILLA"},"geometry":{"type":"Point","coordinates":[-74.80096,10.96104]}},{"type":"Feature","properties":{"codigo_ies":1809,"codigo_padre":1806,"nombre":"UNIVERSIDAD LIBRE","estado":"Activa","sector":"Privado","caracter":"Universidad","principal_seccional":"Seccional","mpio":"Pereira","depto":"Risaralda","direccion":"Calle 40 Nº 7-30","web":"www.unilibrepereira.edu.co","programas_vigentes":44.0,"acreditada":true,"bid":false,"geo_score":100.0,"geo_precision":"calle","geo_aceptacion":"acepta","geo_consulta":"nombre","mmi":6.53,"banda":6.5,"nivel":"VI","secretaria":"PEREIRA","dano_fuente":"noticia","dano_estado":"colapso","dano_subtipo":"colapso_sd","dano_quien":"El Observatorio de la Universidad Colombiana","dano_cita":"La Universidad Libre — Pereira es probablemente el caso universitario más visible en términos de daño físico directo. Gran parte de su fachada cayó (foto) en momentos en que los estudiantes evacuaban a las carreras.","dano_medio":"El Observatorio de la Universidad Colombiana","dano_url":"https://www.universidad.edu.co/terremoto-en-colombia-perdidas-aun-no-dimensionadas-en-las-universidades-aflora-la-solidaridad-sectorial/","dano_fecha":"2026-08-13"},"geometry":{"type":"Point","coordinates":[-75.71198,4.81622]}},{"type":"Feature","properties":{"codigo_ies":1810,"codigo_padre":1806,"nombre":"UNIVERSIDAD LIBRE","estado":"Activa","sector":"Privado","caracter":"Universidad","principal_seccional":"Seccional","mpio":"San José de Cúcuta","depto":"Norte de Santander","direccion":"Av. Canal Bogotá Margen Izquierdo, Intersección Benjamín Herrera","web":"www.unilibrecucuta.edu.co","programas_vigentes":36.0,"acreditada":true,"bid":false,"geo_score":100.0,"geo_precision":"calle","geo_aceptacion":"acepta","geo_consulta":"nombre"},"geometry":{"type":"Point","coordinates":[-72.49745,7.91316]}},{"type":"Feature","properties":{"codigo_ies":1811,"codigo_padre":1806,"nombre":"UNIVERSIDAD LIBRE","estado":"Activa","sector":"Privado","caracter":"Universidad","principal_seccional":"Seccional","mpio":"Socorro","depto":"Santander","direccion":"Campus Universitario Majavita","web":"www.unilibresoc.edu.co","programas_vigentes":17.0,"acreditada":true,"bid":false,"geo_score":100.0,"geo_precision":"calle","geo_aceptacion":"acepta","geo_consulta":"nombre","mmi":3.7,"banda":3.5,"nivel":"III","secretaria":"SANTANDER"},"geometry":{"type":"Point","coordinates":[-73.25512,6.4755]}},{"type":"Feature","properties":{"codigo_ies":1812,"codigo_padre":1812,"nombre":"UNIVERSIDAD DE MEDELLIN","estado":"Activa","sector":"Privado","caracter":"Universidad","principal_seccional":"Principal","mpio":"Medellín","depto":"Antioquia","direccion":"Carrera 87 No. 30-65 Los Alpes","web":"www.udem.edu.co","programas_vigentes":106.0,"acreditada":true,"bid":false,"geo_score":100.0,"geo_precision":"calle","geo_aceptacion":"acepta","geo_consulta":"nombre","mmi":4.77,"banda":4.5,"nivel":"IV","secretaria":"MEDELLIN"},"geometry":{"type":"Point","coordinates":[-75.61094,6.23193]}},{"type":"Feature","properties":{"codigo_ies":1813,"codigo_padre":1813,"nombre":"UNIVERSIDAD DE LOS ANDES","estado":"Activa","sector":"Privado","caracter":"Universidad","principal_seccional":"Principal","mpio":"Bogotá, D.C.","depto":"Bogotá, D.C.","direccion":"CR 1 N. 18A -12","web":"www.uniandes.edu.co","programas_vigentes":217.0,"acreditada":true,"bid":false,"geo_score":100.0,"geo_precision":"calle","geo_aceptacion":"acepta","geo_consulta":"direccion","mmi":3.98,"banda":3.5,"nivel":"III","secretaria":"BOGOTA"},"geometry":{"type":"Point","coordinates":[-74.06638,4.60149]}},{"type":"Feature","properties":{"codigo_ies":1814,"codigo_padre":1814,"nombre":"UNIVERSIDAD AUTONOMA LATINOAMERICANA-UNAULA-","estado":"Activa","sector":"Privado","caracter":"Universidad","principal_seccional":"Principal","mpio":"Medellín","depto":"Antioquia","direccion":"Carrera 55A  49 - 51","web":"www.unaula.edu.co","programas_vigentes":41.0,"acreditada":true,"bid":false,"geo_score":100.0,"geo_precision":"calle","geo_aceptacion":"acepta","geo_consulta":"direccion","mmi":5.3,"banda":5.0,"nivel":"V","secretaria":"MEDELLIN"},"geometry":{"type":"Point","coordinates":[-75.57269,6.25168]}},{"type":"Feature","properties":{"codigo_ies":1815,"codigo_padre":1815,"nombre":"CORPORACION UNIVERSIDAD PILOTO DE COLOMBIA","estado":"Activa","sector":"Privado","caracter":"Universidad","principal_seccional":"Principal","mpio":"Bogotá, D.C.","depto":"Bogotá, D.C.","direccion":"Carrera  9  45A-44","web":"www.unipiloto.edu.co","programas_vigentes":70.0,"acreditada":true,"bid":false,"geo_score":100.0,"geo_precision":"calle","geo_aceptacion":"acepta","geo_consulta":"direccion","mmi":4.27,"banda":4.0,"nivel":"IV","secretaria":"BOGOTA"},"geometry":{"type":"Point","coordinates":[-74.06533,4.63278]}},{"type":"Feature","properties":{"codigo_ies":1816,"codigo_padre":1816,"nombre":"UNIVERSIDAD COOPERATIVA DE COLOMBIA","estado":"Activa","sector":"Privado","caracter":"Universidad","principal_seccional":"Principal","mpio":"Medellín","depto":"Antioquia","direccion":"Calle 50  41-70","web":"www.ucc.edu.co","programas_vigentes":56.0,"acreditada":true,"bid":false,"geo_score":100.0,"geo_precision":"calle","geo_aceptacion":"acepta","geo_consulta":"direccion","mmi":4.85,"banda":4.5,"nivel":"IV","secretaria":"MEDELLIN"},"geometry":{"type":"Point","coordinates":[-75.56175,6.24674]}},{"type":"Feature","properties":{"codigo_ies":1817,"codigo_padre":1816,"nombre":"UNIVERSIDAD COOPERATIVA DE COLOMBIA","estado":"Activa","sector":"Privado","caracter":"Universidad","principal_seccional":"Seccional","mpio":"Bucaramanga","depto":"Santander","direccion":"Calle 30A  33-51.","web":"www.ucc.edu.co","programas_vigentes":35.0,"acreditada":true,"bid":false,"geo_score":100.0,"geo_precision":"calle","geo_aceptacion":"acepta","geo_consulta":"direccion","secretaria":"BUCARAMANGA"},"geometry":{"type":"Point","coordinates":[-73.11177,7.12916]}},{"type":"Feature","properties":{"codigo_ies":1818,"codigo_padre":1816,"nombre":"UNIVERSIDAD COOPERATIVA DE COLOMBIA","estado":"Activa","sector":"Privado","caracter":"Universidad","principal_seccional":"Seccional","mpio":"Bogotá, D.C.","depto":"Bogotá, D.C.","direccion":"Av. Caracas  No. 44-21, Recibo Correspondencia: Av. Caracas No. 37-63","web":"www.ucc.edu.co","programas_vigentes":227.0,"acreditada":true,"bid":false,"geo_score":100.0,"geo_precision":"calle","geo_aceptacion":"acepta","geo_consulta":"nombre","mmi":4.44,"banda":4.0,"nivel":"IV","secretaria":"BOGOTA"},"geometry":{"type":"Point","coordinates":[-74.06909,4.626]}},{"type":"Feature","properties":{"codigo_ies":1819,"codigo_padre":1816,"nombre":"UNIVERSIDAD COOPERATIVA DE COLOMBIA","estado":"Activa","sector":"Privado","caracter":"Universidad","principal_seccional":"Seccional","mpio":"Barrancabermeja","depto":"Santander","direccion":"Calle 57 entre carrerras 24 y 27 Barrio G","web":"ucc.edu.co","programas_vigentes":10.0,"acreditada":false,"bid":false,"geo_score":86.0,"geo_precision":"incierto","geo_aceptacion":"acepta_con_aviso_baja_precision","geo_consulta":"direccion","mmi":4.42,"banda":4.0,"nivel":"IV","secretaria":"BARRANCABERMEJA"},"geometry":{"type":"Point","coordinates":[-73.84244,7.06647]}},{"type":"Feature","properties":{"codigo_ies":1820,"codigo_padre":1816,"nombre":"UNIVERSIDAD COOPERATIVA DE COLOMBIA","estado":"Activa","sector":"Privado","caracter":"Universidad","principal_seccional":"Seccional","mpio":"Santa Marta","depto":"Magdalena","direccion":"Troncal del Caribe Sector Mamatoco","web":"www.ucc.edu.co","programas_vigentes":21.0,"acreditada":false,"bid":false,"geo_score":91.52,"geo_precision":"centroide","geo_aceptacion":"acepta_con_aviso_baja_precision","geo_consulta":"nombre","secretaria":"SANTA MARTA"},"geometry":{"type":"Point","coordinates":[-74.21475,11.2314]}},{"type":"Feature","properties":{"codigo_ies":1822,"codigo_padre":1815,"nombre":"CORPORACION UNIVERSIDAD PILOTO DE COLOMBIA","estado":"Activa","sector":"Privado","caracter":"Universidad","principal_seccional":"Seccional","mpio":"Girardot","depto":"Cundinamarca","direccion":"Cra. 19  17-33 Barrio Las Quintas","web":"www.unipiloto.edu.co","programas_vigentes":10.0,"acreditada":false,"bid":false,"geo_score":96.98,"geo_precision":"calle","geo_aceptacion":"acepta","geo_consulta":"direccion","mmi":5.89,"banda":5.5,"nivel":"V","secretaria":"GIRARDOT"},"geometry":{"type":"Point","coordinates":[-74.81116,4.30082]}},{"type":"Feature","properties":{"codigo_ies":1823,"codigo_padre":1823,"nombre":"UNIVERSIDAD AUTONOMA DE BUCARAMANGA-UNAB-","estado":"Activa","sector":"Privado","caracter":"Universidad","principal_seccional":"Principal","mpio":"Bucaramanga","depto":"Santander","direccion":"Avenida 42 No. 48 - 11","web":"www.unab.edu.co","programas_vigentes":133.0,"acreditada":true,"bid":false,"geo_score":98.37,"geo_precision":"calle","geo_aceptacion":"acepta","geo_consulta":"direccion","secretaria":"BUCARAMANGA"},"geometry":{"type":"Point","coordinates":[-73.10596,7.11548]}},{"type":"Feature","properties":{"codigo_ies":1824,"codigo_padre":1824,"nombre":"UNIVERSIDAD METROPOLITANA","estado":"Activa","sector":"Privado","caracter":"Universidad","principal_seccional":"Principal","mpio":"Barranquilla","depto":"Atlántico","direccion":"Calle 76 No. 42-78","web":"www.unimetro.edu.co","programas_vigentes":25.0,"acreditada":false,"bid":false,"geo_score":100.0,"geo_precision":"calle","geo_aceptacion":"acepta","geo_consulta":"nombre","secretaria":"BARRANQUILLA"},"geometry":{"type":"Point","coordinates":[-74.81335,10.99277]}},{"type":"Feature","properties":{"codigo_ies":1825,"codigo_padre":1825,"nombre":"UNIVERSIDAD AUTONOMA DE MANIZALES","estado":"Activa","sector":"Privado","caracter":"Universidad","principal_seccional":"Principal","mpio":"Manizales","depto":"Caldas","direccion":"Antigua Estacion del Ferocarril","web":"www.autonoma.edu.co","programas_vigentes":82.0,"acreditada":true,"bid":false,"geo_score":99.67,"geo_precision":"calle","geo_aceptacion":"acepta","geo_consulta":"direccion","mmi":6.44,"banda":6.0,"nivel":"VI","secretaria":"MANIZALES"},"geometry":{"type":"Point","coordinates":[-75.50549,5.06701]}},{"type":"Feature","properties":{"codigo_ies":1826,"codigo_padre":1826,"nombre":"UNIVERSIDAD ANTONIO NARIÑO","estado":"Activa","sector":"Privado","caracter":"Universidad","principal_seccional":"Principal","mpio":"Bogotá, D.C.","depto":"Bogotá, D.C.","direccion":"Carrera 38  58 A 77","web":"www.uan.edu.co","programas_vigentes":174.0,"acreditada":true,"bid":false,"geo_score":100.0,"geo_precision":"calle","geo_aceptacion":"acepta","geo_consulta":"direccion","mmi":5.09,"banda":5.0,"nivel":"V","secretaria":"BOGOTA"},"geometry":{"type":"Point","coordinates":[-74.08256,4.65003]}},{"type":"Feature","properties":{"codigo_ies":1827,"codigo_padre":1827,"nombre":"UNIVERSIDAD CATOLICA DE MANIZALES","estado":"Activa","sector":"Privado","caracter":"Universidad","principal_seccional":"Principal","mpio":"Manizales","depto":"Caldas","direccion":"Carrera 23  60-63","web":"www.ucm.edu.co","programas_vigentes":58.0,"acreditada":true,"bid":false,"geo_score":100.0,"geo_precision":"calle","geo_aceptacion":"acepta","geo_consulta":"nombre","mmi":6.37,"banda":6.0,"nivel":"VI","secretaria":"MANIZALES","dano_fuente":"noticia","dano_estado":"dano","dano_subtipo":"dano_sd","dano_quien":"El Observatorio de la Universidad Colombiana","dano_cita":"La Universidad Católica de Manizales evidencia daños en la institución y en su entorno inmediato como el colapso de un edificio vecino.","dano_medio":"El Observatorio de la Universidad Colombiana","dano_url":"https://www.universidad.edu.co/terremoto-en-colombia-perdidas-aun-no-dimensionadas-en-las-universidades-aflora-la-solidaridad-sectorial/","dano_fecha":"2026-08-13"},"geometry":{"type":"Point","coordinates":[-75.4877,5.06034]}},{"type":"Feature","properties":{"codigo_ies":1828,"codigo_padre":1828,"nombre":"UNIVERSIDAD ICESI","estado":"Activa","sector":"Privado","caracter":"Universidad","principal_seccional":"Principal","mpio":"Santiago de Cali","depto":"Valle del Cauca","direccion":"Calle 18 No.122-135 (Pance)","web":"www.icesi.edu.co","programas_vigentes":168.0,"acreditada":true,"bid":false,"geo_score":100.0,"geo_precision":"calle","geo_aceptacion":"acepta","geo_consulta":"nombre","mmi":5.7,"banda":5.5,"nivel":"V"},"geometry":{"type":"Point","coordinates":[-76.5296,3.34165]}},{"type":"Feature","properties":{"codigo_ies":1829,"codigo_padre":1805,"nombre":"UNIVERSIDAD SANTIAGO DE CALI","estado":"Activa","sector":"Privado","caracter":"Universidad","principal_seccional":"Seccional","mpio":"Palmira","depto":"Valle del Cauca","direccion":"Carrera 30 Calle 38 Esquina","web":"www.usc.edu.co/palmira","programas_vigentes":13.0,"acreditada":false,"bid":false,"geo_score":100.0,"geo_precision":"calle","geo_aceptacion":"acepta","geo_consulta":"nombre","mmi":6.2,"banda":6.0,"nivel":"VI","secretaria":"PALMIRA"},"geometry":{"type":"Point","coordinates":[-76.29786,3.53492]}},{"type":"Feature","properties":{"codigo_ies":1830,"codigo_padre":1830,"nombre":"UNIVERSIDAD AUTONOMA DE OCCIDENTE","estado":"Activa","sector":"Privado","caracter":"Universidad","principal_seccional":"Principal","mpio":"Santiago de Cali","depto":"Valle del Cauca","direccion":"Calle 25 115 - 85  Km. 2 Vía Jamundí","web":"www.uao.edu.co","programas_vigentes":166.0,"acreditada":true,"bid":false,"geo_score":100.0,"geo_precision":"calle","geo_aceptacion":"acepta","geo_consulta":"nombre","mmi":5.83,"banda":5.5,"nivel":"V"},"geometry":{"type":"Point","coordinates":[-76.52315,3.3538]}},{"type":"Feature","properties":{"codigo_ies":1831,"codigo_padre":1831,"nombre":"UNIVERSIDAD DE IBAGUE","estado":"Activa","sector":"Privado","caracter":"Universidad","principal_seccional":"Principal","mpio":"Ibagué","depto":"Tolima","direccion":"Barrio Ambala, Carrera 22 Calle 67","web":"www.unibague.edu.co","programas_vigentes":45.0,"acreditada":true,"bid":false,"geo_score":100.0,"geo_precision":"calle","geo_aceptacion":"acepta","geo_consulta":"nombre","mmi":5.71,"banda":5.5,"nivel":"V","secretaria":"IBAGUE"},"geometry":{"type":"Point","coordinates":[-75.19989,4.45024]}},{"type":"Feature","properties":{"codigo_ies":1832,"codigo_padre":1832,"nombre":"UNIVERSIDAD TECNOLOGICA DE BOLIVAR","estado":"Activa","sector":"Privado","caracter":"Universidad","principal_seccional":"Principal","mpio":"Cartagena de Indias","depto":"Bolívar","direccion":"Campus de Ternera, Vía a Turbaco Km. 1","web":"www.unitecnologica.edu.co","programas_vigentes":94.0,"acreditada":true,"bid":false,"geo_score":100.0,"geo_precision":"calle","geo_aceptacion":"acepta","geo_consulta":"nombre"},"geometry":{"type":"Point","coordinates":[-75.53814,10.41241]}},{"type":"Feature","properties":{"codigo_ies":1833,"codigo_padre":1833,"nombre":"CORPORACIÓN UNIVERSIDAD DEL SINU - ELIAS BECHARA ZAINUM - UNISINU -","estado":"Activa","sector":"Privado","caracter":"Universidad","principal_seccional":"Principal","mpio":"Montería","depto":"Córdoba","direccion":"Carrera 1W Calle 38 Barrio Juan XXIII","web":"www.unisinu.edu.co","programas_vigentes":70.0,"acreditada":true,"bid":false,"geo_score":92.86,"geo_precision":"centroide","geo_aceptacion":"acepta_con_aviso_baja_precision","geo_consulta":"nombre","secretaria":"MONTERIA"},"geometry":{"type":"Point","coordinates":[-75.87842,8.72389]}},{"type":"Feature","properties":{"codigo_ies":1834,"codigo_padre":1833,"nombre":"CORPORACIÓN UNIVERSIDAD DEL SINU - ELIAS BECHARA ZAINUM - UNISINU -","estado":"Activa","sector":"Privado","caracter":"Universidad","principal_seccional":"Seccional","mpio":"Cartagena de Indias","depto":"Bolívar","direccion":"Av. El Bosque, Transv. 54 No. 30-453","web":"www.unisinucartagena.edu.co","programas_vigentes":60.0,"acreditada":false,"bid":false,"geo_score":98.25,"geo_precision":"calle","geo_aceptacion":"acepta","geo_consulta":"direccion"},"geometry":{"type":"Point","coordinates":[-75.49937,10.38915]}},{"type":"Feature","properties":{"codigo_ies":1835,"codigo_padre":1835,"nombre":"UNIVERSIDAD DE CIENCIAS APLICADAS Y AMBIENTALES - UDCA","estado":"Activa","sector":"Privado","caracter":"Universidad","principal_seccional":"Principal","mpio":"Bogotá, D.C.","depto":"Bogotá, D.C.","direccion":"Calle 222  54-37","web":"www.udca.edu.co","programas_vigentes":51.0,"acreditada":true,"bid":false,"geo_score":100.0,"geo_precision":"calle","geo_aceptacion":"acepta","geo_consulta":"direccion","mmi":5.4,"banda":5.0,"nivel":"V","secretaria":"BOGOTA"},"geometry":{"type":"Point","coordinates":[-74.04862,4.80033]}},{"type":"Feature","properties":{"codigo_ies":2102,"codigo_padre":2102,"nombre":"UNIVERSIDAD NACIONAL ABIERTA Y A DISTANCIA UNAD","estado":"Activa","sector":"Oficial","caracter":"Universidad","principal_seccional":"Principal","mpio":"Bogotá, D.C.","depto":"Bogotá, D.C.","direccion":"Calle 14 No 14-23 Sur","web":"www.unad.edu.co","programas_vigentes":123.0,"acreditada":true,"bid":false,"geo_score":100.0,"geo_precision":"calle","geo_aceptacion":"acepta","geo_consulta":"nombre","mmi":4.48,"banda":4.0,"nivel":"IV","secretaria":"BOGOTA"},"geometry":{"type":"Point","coordinates":[-74.06681,4.64032]}},{"type":"Feature","properties":{"codigo_ies":2104,"codigo_padre":2104,"nombre":"ESCUELA SUPERIOR DE ADMINISTRACION PUBLICA-ESAP-","estado":"Activa","sector":"Oficial","caracter":"Institución Universitaria/Escuela Tecnológica","principal_seccional":"Principal","mpio":"Bogotá, D.C.","depto":"Bogotá, D.C.","direccion":"Calle 44 # 53 - 37 CAN","web":"www.esap.edu.co","programas_vigentes":17.0,"acreditada":false,"bid":true,"geo_score":99.21,"geo_precision":"calle","geo_aceptacion":"acepta","geo_consulta":"direccion","mmi":5.1,"banda":5.0,"nivel":"V","secretaria":"BOGOTA"},"geometry":{"type":"Point","coordinates":[-74.09244,4.64485]}},{"type":"Feature","properties":{"codigo_ies":2106,"codigo_padre":2106,"nombre":"DIRECCION DE EDUCACION POLICIAL","estado":"Activa","sector":"Oficial","caracter":"Institución Universitaria/Escuela Tecnológica","principal_seccional":"Principal","mpio":"Bogotá, D.C.","depto":"Bogotá, D.C.","direccion":"Transversal 33 47A-35 Sur Barrio Fátima","web":"www.policia.edu.co","programas_vigentes":64.0,"acreditada":true,"bid":false,"geo_score":88.42,"geo_precision":"incierto","geo_aceptacion":"acepta_con_aviso_baja_precision","geo_consulta":"nombre","mmi":5.27,"banda":5.0,"nivel":"V","secretaria":"BOGOTA"},"geometry":{"type":"Point","coordinates":[-74.18412,4.61001]}},{"type":"Feature","properties":{"codigo_ies":2110,"codigo_padre":2110,"nombre":"COLEGIO MAYOR DE ANTIOQUIA","estado":"Activa","sector":"Oficial","caracter":"Institución Universitaria/Escuela Tecnológica","principal_seccional":"Principal","mpio":"Medellín","depto":"Antioquia","direccion":"Calle 65  77-126 Robledo","web":"www.colmayor.edu.co","programas_vigentes":42.0,"acreditada":true,"bid":true,"geo_score":100.0,"geo_precision":"calle","geo_aceptacion":"acepta","geo_consulta":"nombre","mmi":4.75,"banda":4.5,"nivel":"IV","secretaria":"MEDELLIN"},"geometry":{"type":"Point","coordinates":[-75.59025,6.27383]}},{"type":"Feature","properties":{"codigo_ies":2111,"codigo_padre":2104,"nombre":"ESCUELA SUPERIOR DE ADMINISTRACION PUBLICA-ESAP-","estado":"Activa","sector":"Oficial","caracter":"Institución Universitaria/Escuela Tecnológica","principal_seccional":"Seccional","mpio":"Medellín","depto":"Antioquia","direccion":"Calle 56 (Bolivia)  45-34","web":"www.esap.edu.co","acreditada":false,"bid":false,"bid_de":2104,"geo_score":99.17,"geo_precision":"calle","geo_aceptacion":"acepta","geo_consulta":"nombre","mmi":4.85,"banda":4.5,"nivel":"IV","secretaria":"MEDELLIN"},"geometry":{"type":"Point","coordinates":[-75.56229,6.25191]}},{"type":"Feature","properties":{"codigo_ies":2114,"codigo_padre":2114,"nombre":"ESCUELA NACIONAL DEL DEPORTE","estado":"Activa","sector":"Oficial","caracter":"Institución Universitaria/Escuela Tecnológica","principal_seccional":"Principal","mpio":"Santiago de Cali","depto":"Valle del Cauca","direccion":"Calle  9  34-01","web":"www.endeporte.edu.co","programas_vigentes":15.0,"acreditada":false,"bid":true,"geo_score":100.0,"geo_precision":"calle","geo_aceptacion":"acepta","geo_consulta":"direccion","mmi":6.06,"banda":6.0,"nivel":"VI"},"geometry":{"type":"Point","coordinates":[-76.53775,3.4257]}},{"type":"Feature","properties":{"codigo_ies":2206,"codigo_padre":2206,"nombre":"INSTITUTO DEPARTAMENTAL DE BELLAS ARTES","estado":"Activa","sector":"Oficial","caracter":"Institución Universitaria/Escuela Tecnológica","principal_seccional":"Principal","mpio":"Santiago de Cali","depto":"Valle del Cauca","direccion":"Avenida 2a. Norte  7N-28","web":"www.bellasartes.edu.co","programas_vigentes":5.0,"acreditada":false,"bid":false,"geo_score":100.0,"geo_precision":"calle","geo_aceptacion":"acepta","geo_consulta":"nombre","mmi":5.76,"banda":5.5,"nivel":"V"},"geometry":{"type":"Point","coordinates":[-76.53647,3.45299]}},{"type":"Feature","properties":{"codigo_ies":2207,"codigo_padre":2207,"nombre":"INSTITUTO UNIVERSITARIO DE LA PAZ","estado":"Activa","sector":"Oficial","caracter":"Institución Universitaria/Escuela Tecnológica","principal_seccional":"Principal","mpio":"Barrancabermeja","depto":"Santander","direccion":"Centro de Investigaciones Santa Lucia, Kim. 14, via Bucaramanga,","web":"www.unipaz.edu.co","programas_vigentes":39.0,"acreditada":false,"bid":true,"geo_score":100.0,"geo_precision":"calle","geo_aceptacion":"acepta","geo_consulta":"nombre","mmi":4.49,"banda":4.0,"nivel":"IV","secretaria":"BARRANCABERMEJA"},"geometry":{"type":"Point","coordinates":[-73.85105,7.04052]}},{"type":"Feature","properties":{"codigo_ies":2208,"codigo_padre":2208,"nombre":"CONSERVATORIO DEL TOLIMA","estado":"Activa","sector":"Oficial","caracter":"Institución Universitaria/Escuela Tecnológica","principal_seccional":"Principal","mpio":"Ibagué","depto":"Tolima","direccion":"Calle 9  1-18","web":"www.conservatoriodeltolima.edu.co","programas_vigentes":5.0,"acreditada":true,"bid":false,"geo_score":100.0,"geo_precision":"centroide_municipio","geo_aceptacion":"acepta_centroide","geo_consulta":"direccion","mmi":5.67,"banda":5.5,"nivel":"V","secretaria":"IBAGUE"},"geometry":{"type":"Point","coordinates":[-75.24434,4.4436]}},{"type":"Feature","properties":{"codigo_ies":2209,"codigo_padre":2209,"nombre":"POLITECNICO COLOMBIANO JAIME ISAZA CADAVID","estado":"Activa","sector":"Oficial","caracter":"Institución Universitaria/Escuela Tecnológica","principal_seccional":"Principal","mpio":"Medellín","depto":"Antioquia","direccion":"Carrera 48  7-151","web":"www.politecnicojic.edu.co","programas_vigentes":68.0,"acreditada":true,"bid":false,"geo_score":100.0,"geo_precision":"calle","geo_aceptacion":"acepta","geo_consulta":"nombre","mmi":4.89,"banda":4.5,"nivel":"IV","secretaria":"MEDELLIN"},"geometry":{"type":"Point","coordinates":[-75.57596,6.21483]}},{"type":"Feature","properties":{"codigo_ies":2211,"codigo_padre":2211,"nombre":"INSTITUCION UNIVERSITARIA BELLAS ARTES Y CIENCIAS DE BOLIVAR","estado":"Activa","sector":"Oficial","caracter":"Institución Universitaria/Escuela Tecnológica","principal_seccional":"Principal","mpio":"Cartagena de Indias","depto":"Bolívar","direccion":"Carrera 9 No.39-12","web":"www.unibac.edu.co","programas_vigentes":6.0,"acreditada":false,"bid":false,"geo_score":100.0,"geo_precision":"calle","geo_aceptacion":"acepta","geo_consulta":"direccion"},"geometry":{"type":"Point","coordinates":[-75.54737,10.42814]}},{"type":"Feature","properties":{"codigo_ies":2301,"codigo_padre":2301,"nombre":"UNIDAD CENTRAL DEL VALLE DEL CAUCA","estado":"Activa","sector":"Oficial","caracter":"Institución Universitaria/Escuela Tecnológica","principal_seccional":"Principal","mpio":"Tuluá","depto":"Valle del Cauca","direccion":"Carrera 27 A No.48-144 Km.1 salida Sur Tuluá","web":"www.uceva.edu.co","programas_vigentes":36.0,"acreditada":false,"bid":false,"geo_score":88.92,"geo_precision":"incierto","geo_aceptacion":"acepta_con_aviso_baja_precision","geo_consulta":"direccion","mmi":6.59,"banda":6.5,"nivel":"VI","secretaria":"TULUA"},"geometry":{"type":"Point","coordinates":[-76.19641,4.07671]}},{"type":"Feature","properties":{"codigo_ies":2302,"codigo_padre":2302,"nombre":"INSTITUCION UNIVERSITARIA DE ENVIGADO","estado":"Activa","sector":"Oficial","caracter":"Institución Universitaria/Escuela Tecnológica","principal_seccional":"Principal","mpio":"Envigado","depto":"Antioquia","direccion":"Cra. 27B No. 39 A sur 57","web":"www.iue.edu.co","programas_vigentes":45.0,"acreditada":true,"bid":false,"geo_score":100.0,"geo_precision":"calle","geo_aceptacion":"acepta","geo_consulta":"direccion","mmi":4.76,"banda":4.5,"nivel":"IV","secretaria":"ENVIGADO"},"geometry":{"type":"Point","coordinates":[-75.58033,6.15895]}},{"type":"Feature","properties":{"codigo_ies":2701,"codigo_padre":2701,"nombre":"INSTITUCION UNIVERSITARIA COLEGIOS DE COLOMBIA - UNICOC","estado":"Activa","sector":"Privado","caracter":"Institución Universitaria/Escuela Tecnológica","principal_seccional":"Principal","mpio":"Bogotá, D.C.","depto":"Bogotá, D.C.","direccion":"Carrera 9  13-40 Piso 4","web":"www.odontologico.edu.co","programas_vigentes":24.0,"acreditada":false,"bid":false,"geo_score":100.0,"geo_precision":"calle","geo_aceptacion":"acepta","geo_consulta":"direccion","mmi":4.5,"banda":4.5,"nivel":"IV","secretaria":"BOGOTA"},"geometry":{"type":"Point","coordinates":[-74.07521,4.60258]}},{"type":"Feature","properties":{"codigo_ies":2702,"codigo_padre":2702,"nombre":"UNIVERSIDAD FUCS","estado":"Activa","sector":"Privado","caracter":"Universidad","principal_seccional":"Principal","mpio":"Bogotá, D.C.","depto":"Bogotá, D.C.","direccion":"Carrera 19  8A-32","web":"www.fucsalud.edu.co","programas_vigentes":89.0,"acreditada":true,"bid":false,"geo_score":97.01,"geo_precision":"calle","geo_aceptacion":"acepta","geo_consulta":"direccion","mmi":4.93,"banda":4.5,"nivel":"IV","secretaria":"BOGOTA"},"geometry":{"type":"Point","coordinates":[-74.08804,4.60377]}},{"type":"Feature","properties":{"codigo_ies":2704,"codigo_padre":2704,"nombre":"COLEGIO DE ESTUDIOS SUPERIORES DE ADMINISTRACION-CESA-","estado":"Activa","sector":"Privado","caracter":"Institución Universitaria/Escuela Tecnológica","principal_seccional":"Principal","mpio":"Bogotá, D.C.","depto":"Bogotá, D.C.","direccion":"Calle 35 No. 6-16","web":"www.cesa.edu.co","programas_vigentes":13.0,"acreditada":true,"bid":false,"geo_score":100.0,"geo_precision":"calle","geo_aceptacion":"acepta","geo_consulta":"direccion","mmi":4.19,"banda":4.0,"nivel":"IV","secretaria":"BOGOTA"},"geometry":{"type":"Point","coordinates":[-74.06596,4.62213]}},{"type":"Feature","properties":{"codigo_ies":2707,"codigo_padre":2707,"nombre":"FUNDACIÓN UNIVERSITARIA JUAN N. CORPAS","estado":"Activa","sector":"Privado","caracter":"Institución Universitaria/Escuela Tecnológica","principal_seccional":"Principal","mpio":"Bogotá, D.C.","depto":"Bogotá, D.C.","direccion":"Carrera 111 No. 159 A 61 (Av. Corpas Km. 3 Suba)","web":"www.juancorpas.edu.co","programas_vigentes":16.0,"acreditada":true,"bid":false,"geo_score":100.0,"geo_precision":"calle","geo_aceptacion":"acepta","geo_consulta":"nombre","mmi":5.12,"banda":5.0,"nivel":"V","secretaria":"BOGOTA"},"geometry":{"type":"Point","coordinates":[-74.11946,4.58674]}},{"type":"Feature","properties":{"codigo_ies":2708,"codigo_padre":2708,"nombre":"UNIVERSIDAD CES","estado":"Activa","sector":"Privado","caracter":"Universidad","principal_seccional":"Principal","mpio":"Medellín","depto":"Antioquia","direccion":"Calle 10A  22-04","web":"www.ces.edu.co","programas_vigentes":133.0,"acreditada":true,"bid":false,"geo_score":100.0,"geo_precision":"calle","geo_aceptacion":"acepta","geo_consulta":"direccion","mmi":4.2,"banda":4.0,"nivel":"IV","secretaria":"MEDELLIN"},"geometry":{"type":"Point","coordinates":[-75.5534,6.20886]}},{"type":"Feature","properties":{"codigo_ies":2709,"codigo_padre":2709,"nombre":"FUNDACION UNIVERSITARIA SAN MARTIN","estado":"Activa","sector":"Privado","caracter":"Institución Universitaria/Escuela Tecnológica","principal_seccional":"Principal","mpio":"Bogotá, D.C.","depto":"Bogotá, D.C.","direccion":"Carrera 18 No. 80-45","web":"www.sanmartin.edu.co","programas_vigentes":26.0,"acreditada":false,"bid":false,"geo_score":100.0,"geo_precision":"calle","geo_aceptacion":"acepta","geo_consulta":"direccion","mmi":4.75,"banda":4.5,"nivel":"IV","secretaria":"BOGOTA"},"geometry":{"type":"Point","coordinates":[-74.05847,4.66786]}},{"type":"Feature","properties":{"codigo_ies":2710,"codigo_padre":2710,"nombre":"FUNDACION UNIVERSITARIA MONSERRATE -UNIMONSERRATE","estado":"Activa","sector":"Privado","caracter":"Institución Universitaria/Escuela Tecnológica","principal_seccional":"Principal","mpio":"Bogotá, D.C.","depto":"Bogotá, D.C.","direccion":"Calle 72  11-41","web":"www.unimonserrate.edu.co","programas_vigentes":21.0,"acreditada":false,"bid":false,"geo_score":100.0,"geo_precision":"calle","geo_aceptacion":"acepta","geo_consulta":"direccion","mmi":4.49,"banda":4.0,"nivel":"IV","secretaria":"BOGOTA"},"geometry":{"type":"Point","coordinates":[-74.05941,4.65742]}},{"type":"Feature","properties":{"codigo_ies":2711,"codigo_padre":2711,"nombre":"UNIVERSIDAD CATOLICA DE PEREIRA","estado":"Activa","sector":"Privado","caracter":"Universidad","principal_seccional":"Principal","mpio":"Pereira","depto":"Risaralda","direccion":"Avenida de las Américas Cra. 21  49-95","web":"www.ucp.edu.co","programas_vigentes":35.0,"acreditada":false,"bid":false,"geo_score":97.01,"geo_precision":"calle","geo_aceptacion":"acepta","geo_consulta":"nombre","mmi":6.68,"banda":6.5,"nivel":"VI","secretaria":"PEREIRA"},"geometry":{"type":"Point","coordinates":[-75.72674,4.80401]}},{"type":"Feature","properties":{"codigo_ies":2712,"codigo_padre":2712,"nombre":"FUNDACION UNIVERSITARIA KONRAD LORENZ","estado":"Activa","sector":"Privado","caracter":"Institución Universitaria/Escuela Tecnológica","principal_seccional":"Principal","mpio":"Bogotá, D.C.","depto":"Bogotá, D.C.","direccion":"Carrera 9 Bis  62-43","web":"www.konradlorenz.edu.co","programas_vigentes":26.0,"acreditada":true,"bid":false,"geo_score":100.0,"geo_precision":"calle","geo_aceptacion":"acepta","geo_consulta":"direccion","mmi":4.37,"banda":4.0,"nivel":"IV","secretaria":"BOGOTA"},"geometry":{"type":"Point","coordinates":[-74.06132,4.6484]}},{"type":"Feature","properties":{"codigo_ies":2713,"codigo_padre":2713,"nombre":"FUNDACION UNIVERSITARIA LOS LIBERTADORES","estado":"Activa","sector":"Privado","caracter":"Institución Universitaria/Escuela Tecnológica","principal_seccional":"Principal","mpio":"Bogotá, D.C.","depto":"Bogotá, D.C.","direccion":"Carrera 16  63A-68","web":"https://www.ulibertadores.edu.co","programas_vigentes":66.0,"acreditada":true,"bid":false,"geo_score":100.0,"geo_precision":"calle","geo_aceptacion":"acepta","geo_consulta":"direccion","mmi":4.7,"banda":4.5,"nivel":"IV","secretaria":"BOGOTA"},"geometry":{"type":"Point","coordinates":[-74.06637,4.65156]}},{"type":"Feature","properties":{"codigo_ies":2715,"codigo_padre":2715,"nombre":"FUNDACION UNIVERSITARIA DE POPAYAN","estado":"Activa","sector":"Privado","caracter":"Institución Universitaria/Escuela Tecnológica","principal_seccional":"Principal","mpio":"Popayán","depto":"Cauca","direccion":"Los Robles Km.. 8 vía al Sur","web":"www.fup.edu.co","programas_vigentes":28.0,"acreditada":false,"bid":false,"geo_score":100.0,"geo_precision":"centroide_municipio","geo_aceptacion":"acepta_centroide","geo_consulta":"nombre","mmi":5.03,"banda":5.0,"nivel":"V","secretaria":"POPAYAN"},"geometry":{"type":"Point","coordinates":[-76.61456,2.44451]}},{"type":"Feature","properties":{"codigo_ies":2716,"codigo_padre":2716,"nombre":"INSTITUTO UNIVERSITARIO DE HISTORIA DE COLOMBIA","estado":"Inactiva","sector":"Privado","caracter":"Institución Universitaria/Escuela Tecnológica","principal_seccional":"Principal","mpio":"Bogotá, D.C.","depto":"Bogotá, D.C.","direccion":"Calle 10 8-95","web":"No disponible","acreditada":false,"bid":false,"geo_score":100.0,"geo_precision":"calle","geo_aceptacion":"acepta","geo_consulta":"direccion","mmi":4.52,"banda":4.5,"nivel":"IV","secretaria":"BOGOTA"},"geometry":{"type":"Point","coordinates":[-74.07753,4.59837]}},{"type":"Feature","properties":{"codigo_ies":2717,"codigo_padre":2717,"nombre":"FUNDACION UNIVERSITARIA DE GARCIA ROVIRA,NORTE Y GUTIERREZ","estado":"Inactiva","sector":"Privado","caracter":"Institución Universitaria/Escuela Tecnológica","principal_seccional":"Principal","mpio":"Málaga","depto":"Santander","direccion":"Ciudad Universitaria-Malaga","web":"1","acreditada":false,"bid":false,"geo_score":84.17,"geo_precision":"incierto","geo_aceptacion":"acepta_con_aviso_baja_precision","geo_consulta":"direccion","secretaria":"SANTANDER"},"geometry":{"type":"Point","coordinates":[-72.73177,6.70245]}},{"type":"Feature","properties":{"codigo_ies":2719,"codigo_padre":2719,"nombre":"UNIVERSIDAD CATÓLICA LUIS AMIGÓ","estado":"Activa","sector":"Privado","caracter":"Universidad","principal_seccional":"Principal","mpio":"Medellín","depto":"Antioquia","direccion":"Transversal  51A  67B - 90","web":"www.ucatolicaluisamigo.edu.co","programas_vigentes":102.0,"acreditada":false,"bid":false,"geo_score":100.0,"geo_precision":"calle","geo_aceptacion":"acepta","geo_consulta":"direccion","mmi":5.15,"banda":5.0,"nivel":"V","secretaria":"MEDELLIN"},"geometry":{"type":"Point","coordinates":[-75.58414,6.25898]}},{"type":"Feature","properties":{"codigo_ies":2720,"codigo_padre":2720,"nombre":"FUNDACION UNIVERSITARIA JUAN DE CASTELLANOS","estado":"Activa","sector":"Privado","caracter":"Institución Universitaria/Escuela Tecnológica","principal_seccional":"Principal","mpio":"Tunja","depto":"Boyacá","direccion":"Carrera 11 11-16","web":"www.jdc.edu.co","programas_vigentes":49.0,"acreditada":false,"bid":false,"geo_score":100.0,"geo_precision":"calle","geo_aceptacion":"acepta","geo_consulta":"nombre","mmi":4.0,"banda":4.0,"nivel":"IV","secretaria":"TUNJA"},"geometry":{"type":"Point","coordinates":[-73.36582,5.52479]}},{"type":"Feature","properties":{"codigo_ies":2721,"codigo_padre":2721,"nombre":"FUNDACION UNIVERSITARIA MARIA CANO","estado":"Activa","sector":"Privado","caracter":"Institución Universitaria/Escuela Tecnológica","principal_seccional":"Principal","mpio":"Medellín","depto":"Antioquia","direccion":"Calle 56  41-90","web":"www.fumc.edu.co","programas_vigentes":50.0,"acreditada":false,"bid":false,"geo_score":100.0,"geo_precision":"calle","geo_aceptacion":"acepta","geo_consulta":"direccion","mmi":4.77,"banda":4.5,"nivel":"IV","secretaria":"MEDELLIN"},"geometry":{"type":"Point","coordinates":[-75.55996,6.25103]}},{"type":"Feature","properties":{"codigo_ies":2722,"codigo_padre":2722,"nombre":"FUNDACION CENTRO UNIVERSITARIO DE BIENESTAR RURAL","estado":"Activa","sector":"Privado","caracter":"Institución Universitaria/Escuela Tecnológica","principal_seccional":"Principal","mpio":"Puerto Tejada","depto":"Cauca","direccion":"Vereda Periconegro","web":"www.cubr.edu.co","acreditada":false,"bid":false,"geo_score":80.0,"geo_precision":"centroide_municipio","geo_aceptacion":"acepta_centroide","geo_consulta":"nombre","mmi":6.0,"banda":6.0,"nivel":"VI","secretaria":"CAUCA"},"geometry":{"type":"Point","coordinates":[-76.41877,3.26662]}},{"type":"Feature","properties":{"codigo_ies":2723,"codigo_padre":2723,"nombre":"FUNDACION UNIVERSITARIA AGRARIA DE COLOMBIA -UNIAGRARIA-","estado":"Activa","sector":"Privado","caracter":"Institución Universitaria/Escuela Tecnológica","principal_seccional":"Principal","mpio":"Bogotá, D.C.","depto":"Bogotá, D.C.","direccion":"Calle 170 No. 54 A -10","web":"www.uniagraria.edu.co","programas_vigentes":26.0,"acreditada":false,"bid":false,"geo_score":100.0,"geo_precision":"calle","geo_aceptacion":"acepta","geo_consulta":"direccion","mmi":5.39,"banda":5.0,"nivel":"V","secretaria":"BOGOTA"},"geometry":{"type":"Point","coordinates":[-74.0535,4.75338]}},{"type":"Feature","properties":{"codigo_ies":2724,"codigo_padre":2724,"nombre":"FUNDACION UNIVERSITARIA DE SAN GIL - UNISANGIL -","estado":"Activa","sector":"Privado","caracter":"Institución Universitaria/Escuela Tecnológica","principal_seccional":"Principal","mpio":"San Gil","depto":"Santander","direccion":"Km. 2  via San Gil - Charalá","web":"www.unisangil.edu.co","programas_vigentes":39.0,"acreditada":false,"bid":false,"geo_score":100.0,"geo_precision":"calle","geo_aceptacion":"acepta","geo_consulta":"nombre","mmi":3.79,"banda":3.5,"nivel":"III","secretaria":"SANTANDER"},"geometry":{"type":"Point","coordinates":[-73.12772,6.544]}},{"type":"Feature","properties":{"codigo_ies":2725,"codigo_padre":2725,"nombre":"POLITECNICO GRANCOLOMBIANO","estado":"Activa","sector":"Privado","caracter":"Institución Universitaria/Escuela Tecnológica","principal_seccional":"Principal","mpio":"Bogotá, D.C.","depto":"Bogotá, D.C.","direccion":"Calle 57  3-00 Este","web":"www.poli.edu.co","programas_vigentes":116.0,"acreditada":false,"bid":false,"geo_score":100.0,"geo_precision":"calle","geo_aceptacion":"acepta","geo_consulta":"nombre","mmi":4.47,"banda":4.0,"nivel":"IV","secretaria":"BOGOTA"},"geometry":{"type":"Point","coordinates":[-74.06196,4.65141]}},{"type":"Feature","properties":{"codigo_ies":2727,"codigo_padre":2727,"nombre":"FUNDACION UNIVERSITARIA-CEIPA-","estado":"Activa","sector":"Privado","caracter":"Institución Universitaria/Escuela Tecnológica","principal_seccional":"Principal","mpio":"Sabaneta","depto":"Antioquia","direccion":"Calle 77 sur No. 40 -165","web":"www.ceipa.edu.co","programas_vigentes":52.0,"acreditada":false,"bid":false,"geo_score":100.0,"geo_precision":"calle","geo_aceptacion":"acepta","geo_consulta":"direccion","mmi":5.08,"banda":5.0,"nivel":"V","secretaria":"SABANETA"},"geometry":{"type":"Point","coordinates":[-75.61932,6.14519]}},{"type":"Feature","properties":{"codigo_ies":2728,"codigo_padre":2728,"nombre":"FUNDACION UNIVERSITARIA DEL AREA ANDINA","estado":"Activa","sector":"Privado","caracter":"Institución Universitaria/Escuela Tecnológica","principal_seccional":"Principal","mpio":"Bogotá, D.C.","depto":"Bogotá, D.C.","direccion":"Clle 71 No. 13-21","web":"https://www.areandina.edu.co/","programas_vigentes":102.0,"acreditada":true,"bid":false,"geo_score":100.0,"geo_precision":"calle","geo_aceptacion":"acepta","geo_consulta":"direccion","mmi":4.59,"banda":4.5,"nivel":"IV","secretaria":"BOGOTA"},"geometry":{"type":"Point","coordinates":[-74.06132,4.65741]}},{"type":"Feature","properties":{"codigo_ies":2730,"codigo_padre":2730,"nombre":"FUNDACIÓN UNIVERSITARIA ESCUELA COLOMBIANA DE REHABILITACIÓN","estado":"Activa","sector":"Privado","caracter":"Institución Universitaria/Escuela Tecnológica","principal_seccional":"Principal","mpio":"Bogotá, D.C.","depto":"Bogotá, D.C.","direccion":"Avenida Cra. 15   151-68","web":"www.ecr.edu.co","programas_vigentes":13.0,"acreditada":false,"bid":false,"geo_score":100.0,"geo_precision":"calle","geo_aceptacion":"acepta","geo_consulta":"direccion","mmi":5.6,"banda":5.5,"nivel":"V","secretaria":"BOGOTA"},"geometry":{"type":"Point","coordinates":[-74.03997,4.73288]}},{"type":"Feature","properties":{"codigo_ies":2731,"codigo_padre":2731,"nombre":"FUNDACION UNIVERSITARIA CATOLICA LUMEN GENTIUM - UNICATÓLICA - CALI","estado":"Activa","sector":"Privado","caracter":"Institución Universitaria/Escuela Tecnológica","principal_seccional":"Principal","mpio":"Santiago de Cali","depto":"Valle del Cauca","direccion":"Carrera 122  12 - 459 Pance","web":"www.unicatolica.edu.co","programas_vigentes":30.0,"acreditada":false,"bid":false,"geo_score":94.02,"geo_precision":"centroide","geo_aceptacion":"acepta_con_aviso_baja_precision","geo_consulta":"nombre","mmi":5.67,"banda":5.5,"nivel":"V"},"geometry":{"type":"Point","coordinates":[-76.5393,3.34291]}},{"type":"Feature","properties":{"codigo_ies":2732,"codigo_padre":2732,"nombre":"FUNDACION UNIVERSITARIA CATOLICA DEL NORTE","estado":"Activa","sector":"Privado","caracter":"Institución Universitaria/Escuela Tecnológica","principal_seccional":"Principal","mpio":"Santa Rosa de Osos","depto":"Antioquia","direccion":"Carrera 21  34B -  07","web":"www.ucn.edu.co","programas_vigentes":37.0,"acreditada":false,"bid":false,"geo_score":87.83,"geo_precision":"centroide_municipio","geo_aceptacion":"acepta_centroide","geo_consulta":"direccion","mmi":5.22,"banda":5.0,"nivel":"V","secretaria":"ANTIOQUIA"},"geometry":{"type":"Point","coordinates":[-75.43891,6.67574]}},{"type":"Feature","properties":{"codigo_ies":2733,"codigo_padre":2733,"nombre":"FUNDACIÓN UNIVERSITARIA SAN ALFONSO- FUSA-","estado":"Activa","sector":"Privado","caracter":"Institución Universitaria/Escuela Tecnológica","principal_seccional":"Principal","mpio":"Bogotá, D.C.","depto":"Bogotá, D.C.","direccion":"Calle 37  22 - 47","web":"www.fusa.edu.co","programas_vigentes":8.0,"acreditada":false,"bid":false,"geo_score":96.67,"geo_precision":"calle","geo_aceptacion":"acepta","geo_consulta":"nombre","mmi":4.47,"banda":4.0,"nivel":"IV","secretaria":"BOGOTA"},"geometry":{"type":"Point","coordinates":[-74.0726,4.60765]}},{"type":"Feature","properties":{"codigo_ies":2736,"codigo_padre":2736,"nombre":"FUNDACION UNIVERSITARIA SEMINARIO BIBLICO DE COLOMBIA - FUSBC","estado":"Activa","sector":"Privado","caracter":"Institución Universitaria/Escuela Tecnológica","principal_seccional":"Principal","mpio":"Medellín","depto":"Antioquia","direccion":"Calle 76 No. 87 - 14","web":"www.unisbc.edu.co","programas_vigentes":5.0,"acreditada":false,"bid":false,"geo_score":100.0,"geo_precision":"calle","geo_aceptacion":"acepta","geo_consulta":"direccion","mmi":4.51,"banda":4.5,"nivel":"IV","secretaria":"MEDELLIN"},"geometry":{"type":"Point","coordinates":[-75.5938,6.2798]}},{"type":"Feature","properties":{"codigo_ies":2737,"codigo_padre":2728,"nombre":"FUNDACION UNIVERSITARIA DEL AREA ANDINA","estado":"Activa","sector":"Privado","caracter":"Institución Universitaria/Escuela Tecnológica","principal_seccional":"Seccional","mpio":"Pereira","depto":"Risaralda","direccion":"Calle 24 No.8-55","web":"https://www.areandina.edu.co/","programas_vigentes":29.0,"acreditada":true,"bid":false,"geo_score":100.0,"geo_precision":"calle","geo_aceptacion":"acepta","geo_consulta":"direccion","mmi":6.6,"banda":6.5,"nivel":"VI","secretaria":"PEREIRA"},"geometry":{"type":"Point","coordinates":[-75.69849,4.81375]}},{"type":"Feature","properties":{"codigo_ies":2738,"codigo_padre":2738,"nombre":"FUNDACION UNIVERSITARIA EMPRESARIAL DE LA CAMARA DE COMERCIO DE BOGOTA- UNIEMPRESARIAL","estado":"Activa","sector":"Privado","caracter":"Institución Universitaria/Escuela Tecnológica","principal_seccional":"Principal","mpio":"Bogotá, D.C.","depto":"Bogotá, D.C.","direccion":"Carrera 33 A No.30-20","web":"www.uniempresarial.edu.co","programas_vigentes":24.0,"acreditada":false,"bid":false,"geo_score":100.0,"geo_precision":"calle","geo_aceptacion":"acepta","geo_consulta":"direccion","mmi":4.95,"banda":4.5,"nivel":"IV","secretaria":"BOGOTA"},"geometry":{"type":"Point","coordinates":[-74.08095,4.63236]}},{"type":"Feature","properties":{"codigo_ies":2739,"codigo_padre":2739,"nombre":"FUNDACION DE ESTUDIOS SUPERIORES UNIVERSITARIOS DE URABA ANTONIO ROLDAN BETANCUR","estado":"Activa","sector":"Privado","caracter":"Institución Universitaria/Escuela Tecnológica","principal_seccional":"Principal","mpio":"Apartadó","depto":"Antioquia","direccion":"Carrera 111  101-64 Barrio Los Pinos","web":"www.fesu.edu.co","programas_vigentes":12.0,"acreditada":false,"bid":false,"geo_score":87.69,"geo_precision":"incierto","geo_aceptacion":"acepta_con_aviso_baja_precision","geo_consulta":"direccion","mmi":4.7,"banda":4.5,"nivel":"IV","secretaria":"APARTADO"},"geometry":{"type":"Point","coordinates":[-76.63809,7.88569]}},{"type":"Feature","properties":{"codigo_ies":2740,"codigo_padre":2740,"nombre":"INSTITUCION UNIVERSITARIA COLOMBO AMERICANA - UNICA","estado":"Activa","sector":"Privado","caracter":"Institución Universitaria/Escuela Tecnológica","principal_seccional":"Principal","mpio":"Bogotá, D.C.","depto":"Bogotá, D.C.","direccion":"Avenida 19 No. 2A-49","web":"www.unica.edu.co","programas_vigentes":4.0,"acreditada":false,"bid":false,"geo_score":90.54,"geo_precision":"centroide","geo_aceptacion":"acepta_con_aviso_baja_precision","geo_consulta":"direccion","mmi":5.36,"banda":5.0,"nivel":"V","secretaria":"BOGOTA"},"geometry":{"type":"Point","coordinates":[-74.04748,4.71014]}},{"type":"Feature","properties":{"codigo_ies":2741,"codigo_padre":2741,"nombre":"FUNDACION DE ESTUDIOS SUPERIORES - MONSEÑOR ABRAHAM ESCUDERO MONTOYA  - FUNDES","estado":"Activa","sector":"Privado","caracter":"Institución Universitaria/Escuela Tecnológica","principal_seccional":"Principal","mpio":"Espinal","depto":"Tolima","direccion":"Carrera 7  10-37","web":"www.fundes.edu.co","programas_vigentes":11.0,"acreditada":false,"bid":false,"geo_score":100.0,"geo_precision":"centroide_municipio","geo_aceptacion":"acepta_centroide","geo_consulta":"direccion","mmi":5.99,"banda":5.5,"nivel":"V","secretaria":"TOLIMA"},"geometry":{"type":"Point","coordinates":[-74.88555,4.14965]}},{"type":"Feature","properties":{"codigo_ies":2743,"codigo_padre":2743,"nombre":"UNIVERSIDAD INTERNACIONAL DEL TRÓPICO AMERICANO - UNITRÓPICO","estado":"Activa","sector":"Oficial","caracter":"Universidad","principal_seccional":"Principal","mpio":"Yopal","depto":"Casanare","direccion":"Carrera 19  39 - 40","web":"www.unitropico.edu.co","programas_vigentes":35.0,"acreditada":false,"bid":false,"geo_score":100.0,"geo_precision":"calle","geo_aceptacion":"acepta","geo_consulta":"direccion","secretaria":"YOPAL"},"geometry":{"type":"Point","coordinates":[-72.38814,5.32281]}},{"type":"Feature","properties":{"codigo_ies":2744,"codigo_padre":2744,"nombre":"UNIVERSIDAD CESMAG - UNICESMAG","estado":"Activa","sector":"Privado","caracter":"Universidad","principal_seccional":"Principal","mpio":"Pasto","depto":"Nariño","direccion":"Carrera 20A  14-54","web":"www.iucesmag.edu.co","programas_vigentes":29.0,"acreditada":false,"bid":false,"geo_score":95.76,"geo_precision":"calle","geo_aceptacion":"acepta","geo_consulta":"direccion","secretaria":"PASTO"},"geometry":{"type":"Point","coordinates":[-77.28257,1.20666]}},{"type":"Feature","properties":{"codigo_ies":2745,"codigo_padre":2745,"nombre":"FUNDACIÓN UNIVERSITARIA COMPENSAR","estado":"Activa","sector":"Privado","caracter":"Institución Universitaria/Escuela Tecnológica","principal_seccional":"Principal","mpio":"Bogotá, D.C.","depto":"Bogotá, D.C.","direccion":"Av. 32   17-30","web":"www.unipanamericana.edu.co","programas_vigentes":113.0,"acreditada":false,"bid":false,"geo_score":99.78,"geo_precision":"calle","geo_aceptacion":"acepta","geo_consulta":"direccion","mmi":4.6,"banda":4.5,"nivel":"IV","secretaria":"BOGOTA"},"geometry":{"type":"Point","coordinates":[-74.07308,4.62076]}},{"type":"Feature","properties":{"codigo_ies":2746,"codigo_padre":2746,"nombre":"FUNDACION UNIVERSITARIA SANITAS","estado":"Activa","sector":"Privado","caracter":"Institución Universitaria/Escuela Tecnológica","principal_seccional":"Principal","mpio":"Bogotá, D.C.","depto":"Bogotá, D.C.","direccion":"Calle 170 # 08-41","web":"www.unisanitas.edu.co","programas_vigentes":41.0,"acreditada":false,"bid":false,"geo_score":100.0,"geo_precision":"calle","geo_aceptacion":"acepta","geo_consulta":"nombre","mmi":5.1,"banda":5.0,"nivel":"V","secretaria":"BOGOTA"},"geometry":{"type":"Point","coordinates":[-74.10829,4.64689]}},{"type":"Feature","properties":{"codigo_ies":2747,"codigo_padre":2747,"nombre":"INSTITUCIÓN UNIVERSITARIA VISIÓN DE LAS AMÉRICAS","estado":"Activa","sector":"Privado","caracter":"Institución Universitaria/Escuela Tecnológica","principal_seccional":"Principal","mpio":"Medellín","depto":"Antioquia","direccion":"Circular 73  35 -04","web":"www.uam.edu.co","programas_vigentes":37.0,"acreditada":false,"bid":false,"geo_score":100.0,"geo_precision":"calle","geo_aceptacion":"acepta","geo_consulta":"direccion","mmi":5.07,"banda":5.0,"nivel":"V","secretaria":"MEDELLIN"},"geometry":{"type":"Point","coordinates":[-75.59628,6.24103]}},{"type":"Feature","properties":{"codigo_ies":2748,"codigo_padre":2748,"nombre":"FUNDACION UNIVERSITARIA SEMINARIO TEOLOGICO BAUTISTA INTERNACIONAL","estado":"Activa","sector":"Privado","caracter":"Institución Universitaria/Escuela Tecnológica","principal_seccional":"Principal","mpio":"Santiago de Cali","depto":"Valle del Cauca","direccion":"Carrera 56 (Av. Guadalupe)  1B-112","web":"www.funibautista.edu.co","programas_vigentes":4.0,"acreditada":false,"bid":false,"geo_score":90.67,"geo_precision":"centroide","geo_aceptacion":"acepta_con_aviso_baja_precision","geo_consulta":"direccion","mmi":5.77,"banda":5.5,"nivel":"V"},"geometry":{"type":"Point","coordinates":[-76.55738,3.41159]}},{"type":"Feature","properties":{"codigo_ies":2749,"codigo_padre":2749,"nombre":"INSTITUCION UNIVERSITARIA  SALAZAR Y HERRERA","estado":"Activa","sector":"Privado","caracter":"Institución Universitaria/Escuela Tecnológica","principal_seccional":"Principal","mpio":"Medellín","depto":"Antioquia","direccion":"Carrera 70  52-49 Barrio Los Colores","web":"www.iush.edu.co","programas_vigentes":35.0,"acreditada":false,"bid":false,"geo_score":100.0,"geo_precision":"calle","geo_aceptacion":"acepta","geo_consulta":"nombre","mmi":5.1,"banda":5.0,"nivel":"V","secretaria":"MEDELLIN"},"geometry":{"type":"Point","coordinates":[-75.5857,6.26034]}},{"type":"Feature","properties":{"codigo_ies":2805,"codigo_padre":2805,"nombre":"UNIVERSIDAD SIMÓN BOLÍVAR","estado":"Activa","sector":"Privado","caracter":"Universidad","principal_seccional":"Principal","mpio":"Barranquilla","depto":"Atlántico","direccion":"Carrera 54 No.59 - 102 El Prado","web":"www.unisimon.edu.co","programas_vigentes":148.0,"acreditada":true,"bid":false,"geo_score":99.98,"geo_precision":"calle","geo_aceptacion":"acepta","geo_consulta":"nombre","secretaria":"BARRANQUILLA"},"geometry":{"type":"Point","coordinates":[-74.79286,10.99383]}},{"type":"Feature","properties":{"codigo_ies":2810,"codigo_padre":2810,"nombre":"CORPORACION UNIVERSIDAD DE LA COSTA CUC","estado":"Activa","sector":"Privado","caracter":"Universidad","principal_seccional":"Principal","mpio":"Barranquilla","depto":"Atlántico","direccion":"Calle 58  55-66","web":"www.cuc.edu.co","programas_vigentes":116.0,"acreditada":true,"bid":false,"geo_score":100.0,"geo_precision":"calle","geo_aceptacion":"acepta","geo_consulta":"direccion","secretaria":"BARRANQUILLA"},"geometry":{"type":"Point","coordinates":[-74.79128,10.99501]}},{"type":"Feature","properties":{"codigo_ies":2811,"codigo_padre":2811,"nombre":"UNIVERSIDAD ESCUELA COLOMBIANA DE INGENIERIA JULIO GARAVITO","estado":"Activa","sector":"Privado","caracter":"Universidad","principal_seccional":"Principal","mpio":"Bogotá, D.C.","depto":"Bogotá, D.C.","direccion":"AK 45  205-59 (Autopista Norte - Km.13)","web":"www.escuelaing.edu.co","programas_vigentes":47.0,"acreditada":true,"bid":false,"geo_score":92.86,"geo_precision":"centroide","geo_aceptacion":"acepta_con_aviso_baja_precision","geo_consulta":"nombre","mmi":5.22,"banda":5.0,"nivel":"V","secretaria":"BOGOTA"},"geometry":{"type":"Point","coordinates":[-74.05468,4.70313]}},{"type":"Feature","properties":{"codigo_ies":2812,"codigo_padre":2812,"nombre":"UNIVERSIDAD EAN","estado":"Activa","sector":"Privado","caracter":"Universidad","principal_seccional":"Principal","mpio":"Bogotá, D.C.","depto":"Bogotá, D.C.","direccion":"Carrera 11 No 78-47","web":"www.ean.edu.co","programas_vigentes":151.0,"acreditada":true,"bid":false,"geo_score":100.0,"geo_precision":"calle","geo_aceptacion":"acepta","geo_consulta":"direccion","mmi":4.44,"banda":4.0,"nivel":"IV","secretaria":"BOGOTA"},"geometry":{"type":"Point","coordinates":[-74.05487,4.66314]}},{"type":"Feature","properties":{"codigo_ies":2813,"codigo_padre":2813,"nombre":"UNIVERSIDAD EIA","estado":"Activa","sector":"Privado","caracter":"Universidad","principal_seccional":"Principal","mpio":"Envigado","depto":"Antioquia","direccion":"Calle 23 AA Sur Nro. 5-200 variante aeropuerto José María Córdova","web":"www.eia.edu.co","programas_vigentes":45.0,"acreditada":true,"bid":false,"geo_score":85.64,"geo_precision":"centroide_municipio","geo_aceptacion":"acepta_centroide","geo_consulta":"nombre","mmi":5.21,"banda":5.0,"nivel":"V","secretaria":"ENVIGADO"},"geometry":{"type":"Point","coordinates":[-75.5921,6.1732]}},{"type":"Feature","properties":{"codigo_ies":2815,"codigo_padre":2815,"nombre":"CORPORACION UNIVERSITARIA ADVENTISTA - UNAC","estado":"Activa","sector":"Privado","caracter":"Institución Universitaria/Escuela Tecnológica","principal_seccional":"Principal","mpio":"Medellín","depto":"Antioquia","direccion":"Cra 84 No. 33 AA - 01","web":"www.unac.edu.co","programas_vigentes":26.0,"acreditada":false,"bid":false,"geo_score":99.99,"geo_precision":"calle","geo_aceptacion":"acepta","geo_consulta":"direccion","mmi":4.85,"banda":4.5,"nivel":"IV","secretaria":"MEDELLIN"},"geometry":{"type":"Point","coordinates":[-75.60821,6.2404]}},{"type":"Feature","properties":{"codigo_ies":2818,"codigo_padre":2818,"nombre":"CORPORACION UNIVERSITARIA DE SANTA ROSA DE CABAL-UNISARC-","estado":"Activa","sector":"Privado","caracter":"Institución Universitaria/Escuela Tecnológica","principal_seccional":"Principal","mpio":"Santa Rosa de Cabal","depto":"Risaralda","direccion":"Vereda el Jazmin kilometro 4 Via Santa Rosa de Cabal, Chinchina","web":"www.unisarc.edu.co","programas_vigentes":14.0,"acreditada":false,"bid":false,"geo_score":85.96,"geo_precision":"incierto","geo_aceptacion":"acepta_con_aviso_baja_precision","geo_consulta":"direccion","mmi":6.46,"banda":6.0,"nivel":"VI","secretaria":"RISARALDA"},"geometry":{"type":"Point","coordinates":[-75.62375,4.91576]}},{"type":"Feature","properties":{"codigo_ies":2820,"codigo_padre":2820,"nombre":"CORPORACION UNIVERSITARIA LASALLISTA","estado":"Activa","sector":"Privado","caracter":"Institución Universitaria/Escuela Tecnológica","principal_seccional":"Principal","mpio":"Caldas","depto":"Antioquia","direccion":"Carrera  51  118 Sur-57","web":"www.lasallista.edu.co","programas_vigentes":27.0,"acreditada":true,"bid":false,"geo_score":100.0,"geo_precision":"calle","geo_aceptacion":"acepta","geo_consulta":"direccion","mmi":5.28,"banda":5.0,"nivel":"V","secretaria":"ANTIOQUIA"},"geometry":{"type":"Point","coordinates":[-75.63677,6.09998]}},{"type":"Feature","properties":{"codigo_ies":2822,"codigo_padre":2822,"nombre":"ESCUELA SUPERIOR DE OFTALMOLOGIA, INSTITUTO BARRAQUER DE AMERICA","estado":"Activa","sector":"Privado","caracter":"Institución Universitaria/Escuela Tecnológica","principal_seccional":"Principal","mpio":"Bogotá, D.C.","depto":"Bogotá, D.C.","direccion":"Avenida  Calle 100  18A - 51, Oficina 306","web":"www.institutobarraquer.com","programas_vigentes":1.0,"acreditada":false,"bid":false,"geo_score":100.0,"geo_precision":"calle","geo_aceptacion":"acepta","geo_consulta":"nombre","mmi":5.02,"banda":5.0,"nivel":"V","secretaria":"BOGOTA"},"geometry":{"type":"Point","coordinates":[-74.05192,4.68561]}},{"type":"Feature","properties":{"codigo_ies":2823,"codigo_padre":2823,"nombre":"CORPORACION UNIVERSITARIA DEL CARIBE - CECAR","estado":"Activa","sector":"Privado","caracter":"Institución Universitaria/Escuela Tecnológica","principal_seccional":"Principal","mpio":"Sincelejo","depto":"Sucre","direccion":"Carretera Troncal Occidente Vía Corozal","web":"www.cecar.edu.co","programas_vigentes":57.0,"acreditada":false,"bid":false,"geo_score":100.0,"geo_precision":"calle","geo_aceptacion":"acepta","geo_consulta":"nombre","secretaria":"SINCELEJO"},"geometry":{"type":"Point","coordinates":[-75.36827,9.30877]}},{"type":"Feature","properties":{"codigo_ies":2824,"codigo_padre":2824,"nombre":"CORPORACION UNIVERSITARIA DE COLOMBIA IDEAS","estado":"Activa","sector":"Privado","caracter":"Institución Universitaria/Escuela Tecnológica","principal_seccional":"Principal","mpio":"Bogotá, D.C.","depto":"Bogotá, D.C.","direccion":"Calle 69  No. 10A-36","web":"www.ideas.edu.co","programas_vigentes":1.0,"acreditada":false,"bid":false,"geo_score":100.0,"geo_precision":"calle","geo_aceptacion":"acepta","geo_consulta":"direccion","mmi":4.45,"banda":4.0,"nivel":"IV","secretaria":"BOGOTA"},"geometry":{"type":"Point","coordinates":[-74.06053,4.65392]}},{"type":"Feature","properties":{"codigo_ies":2825,"codigo_padre":2825,"nombre":"CORPORACION UNIVERSITARIA RAFAEL NUÑEZ","estado":"Activa","sector":"Privado","caracter":"Institución Universitaria/Escuela Tecnológica","principal_seccional":"Principal","mpio":"Cartagena de Indias","depto":"Bolívar","direccion":"Edificio Rafael Nuñez, Centro Calle de la Soledad No. 5-70","web":"www.curn.edu.co","programas_vigentes":29.0,"acreditada":false,"bid":false,"geo_score":100.0,"geo_precision":"calle","geo_aceptacion":"acepta","geo_consulta":"nombre"},"geometry":{"type":"Point","coordinates":[-75.55107,10.42598]}},{"type":"Feature","properties":{"codigo_ies":2827,"codigo_padre":2827,"nombre":"CORPORACION UNIVERSITARIA DEL META - UNIMETA","estado":"Activa","sector":"Privado","caracter":"Institución Universitaria/Escuela Tecnológica","principal_seccional":"Principal","mpio":"Villavicencio","depto":"Meta","direccion":"Carrera 33 No. 34-06 Edificio Héroes del Pantano de Vargas","web":"www.unimeta.edu.co","programas_vigentes":25.0,"acreditada":false,"bid":false,"geo_score":94.44,"geo_precision":"centroide","geo_aceptacion":"acepta_con_aviso_baja_precision","geo_consulta":"nombre","mmi":4.11,"banda":4.0,"nivel":"IV","secretaria":"VILLAVICENCIO"},"geometry":{"type":"Point","coordinates":[-73.6364,4.14725]}},{"type":"Feature","properties":{"codigo_ies":2828,"codigo_padre":2828,"nombre":"CORPORACION UNIVERSITARIA DEL HUILA-CORHUILA-","estado":"Activa","sector":"Privado","caracter":"Institución Universitaria/Escuela Tecnológica","principal_seccional":"Principal","mpio":"Neiva","depto":"Huila","direccion":"Calle 21  6-01","web":"www.corhuila.edu.co","programas_vigentes":34.0,"acreditada":false,"bid":false,"geo_score":99.17,"geo_precision":"calle","geo_aceptacion":"acepta","geo_consulta":"nombre","mmi":5.24,"banda":5.0,"nivel":"V","secretaria":"NEIVA"},"geometry":{"type":"Point","coordinates":[-75.29008,2.93747]}},{"type":"Feature","properties":{"codigo_ies":2829,"codigo_padre":2829,"nombre":"CORPORACION UNIVERSITARIA MINUTO DE DIOS -UNIMINUTO-","estado":"Activa","sector":"Privado","caracter":"Institución Universitaria/Escuela Tecnológica","principal_seccional":"Principal","mpio":"Bogotá, D.C.","depto":"Bogotá, D.C.","direccion":"Carrera 73A N. 81B - 70 Minuto de Dios","web":"www.uniminuto.edu","programas_vigentes":367.0,"acreditada":true,"bid":false,"geo_score":98.41,"geo_precision":"calle","geo_aceptacion":"acepta","geo_consulta":"direccion","mmi":5.13,"banda":5.0,"nivel":"V","secretaria":"BOGOTA"},"geometry":{"type":"Point","coordinates":[-74.08955,4.69871]}},{"type":"Feature","properties":{"codigo_ies":2830,"codigo_padre":2830,"nombre":"CORPORACION UNIVERSITARIA IBEROAMERICANA","estado":"Activa","sector":"Privado","caracter":"Institución Universitaria/Escuela Tecnológica","principal_seccional":"Principal","mpio":"Bogotá, D.C.","depto":"Bogotá, D.C.","direccion":"Carrera 5 # 66 - 43","web":"https://www.ibero.edu.co/","programas_vigentes":75.0,"acreditada":true,"bid":false,"geo_score":100.0,"geo_precision":"calle","geo_aceptacion":"acepta","geo_consulta":"direccion","mmi":4.17,"banda":4.0,"nivel":"IV","secretaria":"BOGOTA"},"geometry":{"type":"Point","coordinates":[-74.05721,4.64961]}},{"type":"Feature","properties":{"codigo_ies":2831,"codigo_padre":2831,"nombre":"CORPORACION UNIVERSITARIA DE CIENCIA Y DESARROLLO - UNICIENCIA","estado":"Activa","sector":"Privado","caracter":"Institución Universitaria/Escuela Tecnológica","principal_seccional":"Principal","mpio":"Bogotá, D.C.","depto":"Bogotá, D.C.","direccion":"Calle 74  15-73","web":"www.uniciencia.edu.co","programas_vigentes":21.0,"acreditada":false,"bid":false,"geo_score":100.0,"geo_precision":"calle","geo_aceptacion":"acepta","geo_consulta":"direccion","mmi":4.69,"banda":4.5,"nivel":"IV","secretaria":"BOGOTA"},"geometry":{"type":"Point","coordinates":[-74.0611,4.66143]}},{"type":"Feature","properties":{"codigo_ies":2832,"codigo_padre":2832,"nombre":"UNIVERSIDAD DE SANTANDER - UDES","estado":"Activa","sector":"Privado","caracter":"Universidad","principal_seccional":"Principal","mpio":"Bucaramanga","depto":"Santander","direccion":"Calle 70 No. 55-210 Lagos del Cacique","web":"www.udes.edu.co","programas_vigentes":137.0,"acreditada":true,"bid":false,"geo_score":99.17,"geo_precision":"calle","geo_aceptacion":"acepta","geo_consulta":"nombre","secretaria":"BUCARAMANGA"},"geometry":{"type":"Point","coordinates":[-73.11231,7.11691]}},{"type":"Feature","properties":{"codigo_ies":2833,"codigo_padre":2833,"nombre":"CORPORACION UNIVERSITARIA REMINGTON","estado":"Activa","sector":"Privado","caracter":"Institución Universitaria/Escuela Tecnológica","principal_seccional":"Principal","mpio":"Medellín","depto":"Antioquia","direccion":"Calle 51  51-27, Edificio Coltabaco, Torre 1","web":"www.remington.edu.co","programas_vigentes":98.0,"acreditada":false,"bid":false,"geo_score":97.12,"geo_precision":"calle","geo_aceptacion":"acepta","geo_consulta":"direccion","mmi":5.13,"banda":5.0,"nivel":"V","secretaria":"MEDELLIN"},"geometry":{"type":"Point","coordinates":[-75.56866,6.25063]}},{"type":"Feature","properties":{"codigo_ies":2834,"codigo_padre":2834,"nombre":"UNIVERSITARIA AGUSTINIANA- UNIAGUSTINIANA","estado":"Activa","sector":"Privado","caracter":"Institución Universitaria/Escuela Tecnológica","principal_seccional":"Principal","mpio":"Bogotá, D.C.","depto":"Bogotá, D.C.","direccion":"Av Ciudad de Cali No 11B-95","web":"www.uniagustiniana.edu.co","programas_vigentes":46.0,"acreditada":false,"bid":false,"geo_score":96.89,"geo_precision":"calle","geo_aceptacion":"acepta","geo_consulta":"direccion","mmi":5.16,"banda":5.0,"nivel":"V","secretaria":"BOGOTA"},"geometry":{"type":"Point","coordinates":[-74.14349,4.65276]}},{"type":"Feature","properties":{"codigo_ies":2835,"codigo_padre":2835,"nombre":"CORPORACION CRISTIANA UNIVERSITARIA DE SAN ANDRES, PROVIDENCIA Y SANTA CATALINA","estado":"Inactiva","sector":"Privado","caracter":"Institución Universitaria/Escuela Tecnológica","principal_seccional":"Principal","mpio":"San Andrés","depto":"Archipiélago de San Andrés, Providencia y Santa Catalina","direccion":"Km. 14   2-29 South End","web":"No disponible","acreditada":false,"bid":false,"geo_score":92.5,"geo_precision":"centroide_municipio","geo_aceptacion":"acepta_centroide","geo_consulta":"direccion","secretaria":"SANTANDER"},"geometry":{"type":"Point","coordinates":[-81.71665,12.54793]}},{"type":"Feature","properties":{"codigo_ies":2836,"codigo_padre":2836,"nombre":"CORPORACION UNIVERSITARIA EMPRESARIAL DE SALAMANCA","estado":"Activa","sector":"Privado","caracter":"Institución Universitaria/Escuela Tecnológica","principal_seccional":"Principal","mpio":"Barranquilla","depto":"Atlántico","direccion":"Carrera 50  79 - 155","web":"www.cunivemsa.edu.co","programas_vigentes":7.0,"acreditada":false,"bid":false,"geo_score":100.0,"geo_precision":"calle","geo_aceptacion":"acepta","geo_consulta":"direccion","secretaria":"BARRANQUILLA"},"geometry":{"type":"Point","coordinates":[-74.81193,11.00124]}},{"type":"Feature","properties":{"codigo_ies":2837,"codigo_padre":2837,"nombre":"CORPORACION UNIVERSITARIA REPUBLICANA","estado":"Activa","sector":"Privado","caracter":"Institución Universitaria/Escuela Tecnológica","principal_seccional":"Principal","mpio":"Bogotá, D.C.","depto":"Bogotá, D.C.","direccion":"Carrera 7  19-38","web":"www.urepublicana.edu.co","programas_vigentes":29.0,"acreditada":false,"bid":false,"geo_score":100.0,"geo_precision":"calle","geo_aceptacion":"acepta","geo_consulta":"direccion","mmi":4.35,"banda":4.0,"nivel":"IV","secretaria":"BOGOTA"},"geometry":{"type":"Point","coordinates":[-74.0713,4.6058]}},{"type":"Feature","properties":{"codigo_ies":2838,"codigo_padre":2838,"nombre":"CORPORACION COLEGIATURA COLOMBIANA","estado":"Activa","sector":"Privado","caracter":"Institución Universitaria/Escuela Tecnológica","principal_seccional":"Principal","mpio":"Medellín","depto":"Antioquia","direccion":"Km 7. Vía Las Palmas","web":"www.colegiatura.edu.co","programas_vigentes":11.0,"acreditada":false,"bid":false,"geo_score":97.38,"geo_precision":"calle","geo_aceptacion":"acepta","geo_consulta":"direccion","mmi":4.2,"banda":4.0,"nivel":"IV","secretaria":"MEDELLIN"},"geometry":{"type":"Point","coordinates":[-75.54443,6.20152]}},{"type":"Feature","properties":{"codigo_ies":2840,"codigo_padre":2840,"nombre":"CORPORACION UNIVERSITARIA EMPRESARIAL ALEXANDER VON HUMBOLDT - CUE","estado":"Activa","sector":"Privado","caracter":"Institución Universitaria/Escuela Tecnológica","principal_seccional":"Principal","mpio":"Armenia","depto":"Quindío","direccion":"Avenida Bolivar #1-189","web":"www.uempresarial@cue.edu.co","programas_vigentes":15.0,"acreditada":false,"bid":false,"geo_score":98.25,"geo_precision":"calle","geo_aceptacion":"acepta","geo_consulta":"direccion","mmi":6.6,"banda":6.5,"nivel":"VI","secretaria":"ARMENIA"},"geometry":{"type":"Point","coordinates":[-75.66291,4.54256]}},{"type":"Feature","properties":{"codigo_ies":2841,"codigo_padre":2829,"nombre":"CORPORACION UNIVERSITARIA MINUTO DE DIOS -UNIMINUTO-","estado":"Activa","sector":"Privado","caracter":"Institución Universitaria/Escuela Tecnológica","principal_seccional":"Seccional","mpio":"Bello","depto":"Antioquia","direccion":"Carrera 45   22 D - 25","web":"www.uniminuto.edu","programas_vigentes":42.0,"acreditada":false,"bid":false,"geo_score":100.0,"geo_precision":"calle","geo_aceptacion":"acepta","geo_consulta":"direccion","mmi":4.73,"banda":4.5,"nivel":"IV","secretaria":"BELLO"},"geometry":{"type":"Point","coordinates":[-75.55484,6.31114]}},{"type":"Feature","properties":{"codigo_ies":2842,"codigo_padre":2842,"nombre":"CORPORACION UNIVERSITARIA REFORMADA - CUR -","estado":"Activa","sector":"Privado","caracter":"Institución Universitaria/Escuela Tecnológica","principal_seccional":"Principal","mpio":"Barranquilla","depto":"Atlántico","direccion":"Carrera 38 74-179","web":"www.unireformada.edu.co","programas_vigentes":25.0,"acreditada":false,"bid":false,"geo_score":100.0,"geo_precision":"calle","geo_aceptacion":"acepta","geo_consulta":"direccion","secretaria":"BARRANQUILLA"},"geometry":{"type":"Point","coordinates":[-74.81453,10.986]}},{"type":"Feature","properties":{"codigo_ies":2847,"codigo_padre":2847,"nombre":"UNIVERSIDAD DE INVESTIGACION Y DESARROLLO - UDI","estado":"Activa","sector":"Privado","caracter":"Universidad","principal_seccional":"Principal","mpio":"Bucaramanga","depto":"Santander","direccion":"Calle 9  23-55","web":"www.udi.edu.co","programas_vigentes":51.0,"acreditada":false,"bid":false,"geo_score":100.0,"geo_precision":"calle","geo_aceptacion":"acepta","geo_consulta":"direccion","secretaria":"BUCARAMANGA"},"geometry":{"type":"Point","coordinates":[-73.12409,7.1381]}},{"type":"Feature","properties":{"codigo_ies":2848,"codigo_padre":2848,"nombre":"CORPORACION UNIVERSITARIA  UNITEC","estado":"Activa","sector":"Privado","caracter":"Institución Universitaria/Escuela Tecnológica","principal_seccional":"Principal","mpio":"Bogotá, D.C.","depto":"Bogotá, D.C.","direccion":"Calle 73 No. 20A-52","web":"www.unitec.edu.co","programas_vigentes":42.0,"acreditada":false,"bid":false,"geo_score":100.0,"geo_precision":"calle","geo_aceptacion":"acepta","geo_consulta":"direccion","mmi":4.77,"banda":4.5,"nivel":"IV","secretaria":"BOGOTA"},"geometry":{"type":"Point","coordinates":[-74.06289,4.66174]}},{"type":"Feature","properties":{"codigo_ies":2849,"codigo_padre":2849,"nombre":"CORPORACION UNIVERSITARIA AUTONOMA DEL CAUCA","estado":"Activa","sector":"Privado","caracter":"Institución Universitaria/Escuela Tecnológica","principal_seccional":"Principal","mpio":"Popayán","depto":"Cauca","direccion":"Calle 5  3-85","web":"www.uniautonoma.edu.co","programas_vigentes":29.0,"acreditada":false,"bid":false,"geo_score":100.0,"geo_precision":"calle","geo_aceptacion":"acepta","geo_consulta":"direccion","mmi":4.78,"banda":4.5,"nivel":"IV","secretaria":"POPAYAN"},"geometry":{"type":"Point","coordinates":[-76.60412,2.44068]}},{"type":"Feature","properties":{"codigo_ies":2850,"codigo_padre":2850,"nombre":"CORPORACION UNIVERSITARIA ANTONIO JOSE DE SUCRE - CORPOSUCRE","estado":"Activa","sector":"Privado","caracter":"Institución Universitaria/Escuela Tecnológica","principal_seccional":"Principal","mpio":"Sincelejo","depto":"Sucre","direccion":"Carrera 21 25-59 La María","web":"www.corposucre.edu.co","programas_vigentes":29.0,"acreditada":false,"bid":false,"geo_score":96.67,"geo_precision":"calle","geo_aceptacion":"acepta","geo_consulta":"direccion","secretaria":"SINCELEJO"},"geometry":{"type":"Point","coordinates":[-75.39269,9.29959]}},{"type":"Feature","properties":{"codigo_ies":2901,"codigo_padre":2901,"nombre":"ESCUELA DE INTELIGENCIA Y CONTRAINTELIGENCIA BRIGADIER GENERAL RICARDO CHARRY SOLANO","estado":"Activa","sector":"Oficial","caracter":"Institución Universitaria/Escuela Tecnológica","principal_seccional":"Principal","mpio":"Bogotá, D.C.","depto":"Bogotá, D.C.","direccion":"Carrera 8a No. 101-33","web":"www.esici.edu.co","programas_vigentes":8.0,"acreditada":false,"bid":false,"geo_score":100.0,"geo_precision":"calle","geo_aceptacion":"acepta","geo_consulta":"direccion","mmi":4.47,"banda":4.0,"nivel":"IV","secretaria":"BOGOTA"},"geometry":{"type":"Point","coordinates":[-74.03924,4.68241]}},{"type":"Feature","properties":{"codigo_ies":2902,"codigo_padre":2902,"nombre":"ESCUELA DE LOGISTICA","estado":"Activa","sector":"Oficial","caracter":"Institución Universitaria/Escuela Tecnológica","principal_seccional":"Principal","mpio":"Bogotá, D.C.","depto":"Bogotá, D.C.","direccion":"Calle 11 Sur  10-50 Este, San Cristóbal","web":"No disponible","programas_vigentes":3.0,"acreditada":false,"bid":false,"geo_score":100.0,"geo_precision":"calle","geo_aceptacion":"acepta","geo_consulta":"nombre","mmi":4.06,"banda":4.0,"nivel":"IV","secretaria":"BOGOTA"},"geometry":{"type":"Point","coordinates":[-74.07122,4.5715]}},{"type":"Feature","properties":{"codigo_ies":2903,"codigo_padre":2903,"nombre":"ESCUELA DE COMUNICACIONES","estado":"Inactiva","sector":"Oficial","caracter":"Institución Universitaria/Escuela Tecnológica","principal_seccional":"Principal","mpio":"Facatativá","depto":"Cundinamarca","direccion":"Calle 5 No. 15-00","web":"www.escom.mil.co","acreditada":false,"bid":false,"geo_score":99.78,"geo_precision":"calle","geo_aceptacion":"acepta","geo_consulta":"nombre","mmi":5.06,"banda":5.0,"nivel":"V","secretaria":"FACATATIVA"},"geometry":{"type":"Point","coordinates":[-74.34789,4.82055]}},{"type":"Feature","properties":{"codigo_ies":2904,"codigo_padre":2904,"nombre":"ESCUELA SUPERIOR DE GUERRA GENERAL RAFAEL REYES PRIETO","estado":"Activa","sector":"Oficial","caracter":"Institución Universitaria/Escuela Tecnológica","principal_seccional":"Principal","mpio":"Bogotá, D.C.","depto":"Bogotá, D.C.","direccion":"Carrera 11 102-50","web":"www.esdegue.mil.co","programas_vigentes":6.0,"acreditada":false,"bid":false,"geo_score":95.39,"geo_precision":"calle","geo_aceptacion":"acepta","geo_consulta":"direccion","mmi":4.86,"banda":4.5,"nivel":"IV","secretaria":"BOGOTA"},"geometry":{"type":"Point","coordinates":[-74.12434,4.55847]}},{"type":"Feature","properties":{"codigo_ies":2905,"codigo_padre":2905,"nombre":"CENTRO DE EDUCACION MILITAR - CEMIL","estado":"Activa","sector":"Oficial","caracter":"Institución Universitaria/Escuela Tecnológica","principal_seccional":"Principal","mpio":"Bogotá, D.C.","depto":"Bogotá, D.C.","direccion":"Calle 102 7-80","web":"www.cemil.mil.co","programas_vigentes":10.0,"acreditada":false,"bid":false,"geo_score":100.0,"geo_precision":"calle","geo_aceptacion":"acepta","geo_consulta":"direccion","mmi":4.44,"banda":4.0,"nivel":"IV","secretaria":"BOGOTA"},"geometry":{"type":"Point","coordinates":[-74.03881,4.6822]}},{"type":"Feature","properties":{"codigo_ies":2906,"codigo_padre":2906,"nombre":"ESCUELA DE POSTGRADOS DE LA FAC-EPFAC","estado":"Activa","sector":"Oficial","caracter":"Institución Universitaria/Escuela Tecnológica","principal_seccional":"Principal","mpio":"Bogotá, D.C.","depto":"Bogotá, D.C.","direccion":"Carrera 11 102 - 50 Edificio ESDEGUE, Of.412","web":"www.epfac.edu.co","programas_vigentes":2.0,"acreditada":false,"bid":false,"geo_score":84.91,"geo_precision":"incierto","geo_aceptacion":"acepta_con_aviso_baja_precision","geo_consulta":"direccion","mmi":4.86,"banda":4.5,"nivel":"IV","secretaria":"BOGOTA"},"geometry":{"type":"Point","coordinates":[-74.12434,4.55847]}},{"type":"Feature","properties":{"codigo_ies":3102,"codigo_padre":3102,"nombre":"INSTITUTO SUPERIOR DE EDUCACION RURAL-ISER-","estado":"Activa","sector":"Oficial","caracter":"Institución Tecnológica","principal_seccional":"Principal","mpio":"Pamplona","depto":"Norte de Santander","direccion":"Calle  8   No.8-155","web":"www.iser.edu.co","programas_vigentes":20.0,"acreditada":false,"bid":true,"geo_score":97.1,"geo_precision":"calle","geo_aceptacion":"acepta","geo_consulta":"nombre","secretaria":"NORTE SANTANDER"},"geometry":{"type":"Point","coordinates":[-72.64611,7.37211]}},{"type":"Feature","properties":{"codigo_ies":3103,"codigo_padre":3103,"nombre":"INSTITUCIÓN UNIVERSITARIA MAYOR DE CARTAGENA","estado":"Activa","sector":"Oficial","caracter":"Institución Universitaria/Escuela Tecnológica","principal_seccional":"Principal","mpio":"Cartagena de Indias","depto":"Bolívar","direccion":"Calle de la Factoría  carrera 3 #36-95","web":"www.umayor.edu.co","programas_vigentes":34.0,"acreditada":false,"bid":true,"geo_score":97.38,"geo_precision":"calle","geo_aceptacion":"acepta","geo_consulta":"direccion"},"geometry":{"type":"Point","coordinates":[-75.55195,10.42603]}},{"type":"Feature","properties":{"codigo_ies":3104,"codigo_padre":3104,"nombre":"COLEGIO MAYOR DEL CAUCA","estado":"Activa","sector":"Oficial","caracter":"Institución Universitaria/Escuela Tecnológica","principal_seccional":"Principal","mpio":"Popayán","depto":"Cauca","direccion":"Cra.5#5-40 (SEDE PPAL), Calle 3#6-42 (CASA OB","web":"www.colmayorcauca.edu.co","programas_vigentes":19.0,"acreditada":false,"bid":false,"geo_score":96.0,"geo_precision":"calle","geo_aceptacion":"acepta","geo_consulta":"direccion","mmi":4.82,"banda":4.5,"nivel":"IV","secretaria":"POPAYAN"},"geometry":{"type":"Point","coordinates":[-76.60535,2.44055]}},{"type":"Feature","properties":{"codigo_ies":3107,"codigo_padre":3107,"nombre":"INSTITUCIÓN UNIVERSITARIA PASCUAL BRAVO","estado":"Activa","sector":"Oficial","caracter":"Institución Universitaria/Escuela Tecnológica","principal_seccional":"Principal","mpio":"Medellín","depto":"Antioquia","direccion":"Calle 73 No. 73A-226","web":"www.pascualbravo.edu.co","programas_vigentes":51.0,"acreditada":true,"bid":false,"geo_score":100.0,"geo_precision":"calle","geo_aceptacion":"acepta","geo_consulta":"nombre","mmi":4.92,"banda":4.5,"nivel":"IV","secretaria":"MEDELLIN"},"geometry":{"type":"Point","coordinates":[-75.57939,6.27359]}},{"type":"Feature","properties":{"codigo_ies":3114,"codigo_padre":3114,"nombre":"ESCUELA NAVAL DE SUBOFICIALES ARC BARRANQUILLA","estado":"Activa","sector":"Oficial","caracter":"Institución Tecnológica","principal_seccional":"Principal","mpio":"Barranquilla","depto":"Atlántico","direccion":"Vía 40 Calle 58","web":"www.armada.mil.co","programas_vigentes":25.0,"acreditada":true,"bid":false,"geo_score":95.73,"geo_precision":"calle","geo_aceptacion":"acepta","geo_consulta":"direccion","secretaria":"BARRANQUILLA"},"geometry":{"type":"Point","coordinates":[-74.78036,10.98946]}},{"type":"Feature","properties":{"codigo_ies":3115,"codigo_padre":3115,"nombre":"INSTITUCIÓN UNIVERSITARIA DEL PUTUMAYO","estado":"Activa","sector":"Oficial","caracter":"Institución Universitaria/Escuela Tecnológica","principal_seccional":"Principal","mpio":"Mocoa","depto":"Putumayo","direccion":"Barrio la Esmeralda aire libre","web":"www.itp.edu.co","programas_vigentes":45.0,"acreditada":false,"bid":false,"geo_score":80.0,"geo_precision":"centroide_municipio","geo_aceptacion":"acepta_centroide","geo_consulta":"direccion","secretaria":"PUTUMAYO"},"geometry":{"type":"Point","coordinates":[-76.64775,1.14893]}},{"type":"Feature","properties":{"codigo_ies":3116,"codigo_padre":3115,"nombre":"INSTITUCIÓN UNIVERSITARIA DEL PUTUMAYO","estado":"Activa","sector":"Oficial","caracter":"Institución Universitaria/Escuela Tecnológica","principal_seccional":"Seccional","mpio":"Sibundoy","depto":"Putumayo","direccion":"Correspondencia: Barrio Luis Carlos Galan - Mocoa - Putumayo","web":"www.itp.edu.co","acreditada":false,"bid":false,"geo_score":80.0,"geo_precision":"centroide_municipio","geo_aceptacion":"acepta_centroide","geo_consulta":"direccion","secretaria":"PUTUMAYO"},"geometry":{"type":"Point","coordinates":[-76.91185,1.22408]}},{"type":"Feature","properties":{"codigo_ies":3117,"codigo_padre":3117,"nombre":"INSTITUCIÓN UNIVERSITARIA DE BARRANQUILLA - IUB","estado":"Activa","sector":"Oficial","caracter":"Institución Universitaria/Escuela Tecnológica","principal_seccional":"Principal","mpio":"Barranquilla","depto":"Atlántico","direccion":"Cra 45 No.48-31 Barrio El Carmen, Barranquilla","web":"www.itsa.edu.co","programas_vigentes":55.0,"acreditada":true,"bid":true,"geo_score":91.52,"geo_precision":"centroide","geo_aceptacion":"acepta_con_aviso_baja_precision","geo_consulta":"direccion","secretaria":"BARRANQUILLA"},"geometry":{"type":"Point","coordinates":[-74.78755,10.98689]}},{"type":"Feature","properties":{"codigo_ies":3201,"codigo_padre":3201,"nombre":"UNIDADES TECNOLOGICAS DE SANTANDER","estado":"Activa","sector":"Oficial","caracter":"Institución Tecnológica","principal_seccional":"Principal","mpio":"Bucaramanga","depto":"Santander","direccion":"Calle de los Estudiantes No.9 - 82","web":"www.uts.edu.co","programas_vigentes":60.0,"acreditada":true,"bid":false,"geo_score":98.15,"geo_precision":"calle","geo_aceptacion":"acepta","geo_consulta":"direccion","secretaria":"BUCARAMANGA"},"geometry":{"type":"Point","coordinates":[-73.12409,7.10507]}},{"type":"Feature","properties":{"codigo_ies":3204,"codigo_padre":3204,"nombre":"TECNOLOGICO DE ANTIOQUIA","estado":"Activa","sector":"Oficial","caracter":"Institución Universitaria/Escuela Tecnológica","principal_seccional":"Principal","mpio":"Medellín","depto":"Antioquia","direccion":"Calle 78B  72A-220","web":"www.tdea.edu.co","programas_vigentes":63.0,"acreditada":true,"bid":true,"geo_score":100.0,"geo_precision":"calle","geo_aceptacion":"acepta","geo_consulta":"nombre","mmi":4.7,"banda":4.5,"nivel":"IV","secretaria":"MEDELLIN"},"geometry":{"type":"Point","coordinates":[-75.58319,6.27993]}},{"type":"Feature","properties":{"codigo_ies":3301,"codigo_padre":3301,"nombre":"INSTITUCION UNIVERSITARIA ANTONIO JOSE CAMACHO","estado":"Activa","sector":"Oficial","caracter":"Institución Universitaria/Escuela Tecnológica","principal_seccional":"Principal","mpio":"Santiago de Cali","depto":"Valle del Cauca","direccion":"Av. 6ª  28N-102 Barrio San Vicente","web":"www.uniaj.edu.co","programas_vigentes":52.0,"acreditada":false,"bid":true,"geo_score":100.0,"geo_precision":"calle","geo_aceptacion":"acepta","geo_consulta":"nombre","mmi":5.79,"banda":5.5,"nivel":"V"},"geometry":{"type":"Point","coordinates":[-76.52524,3.33247]}},{"type":"Feature","properties":{"codigo_ies":3302,"codigo_padre":3302,"nombre":"INSTITUCION UNIVERSITARIA - ITM","estado":"Activa","sector":"Oficial","caracter":"Institución Universitaria/Escuela Tecnológica","principal_seccional":"Principal","mpio":"Medellín","depto":"Antioquia","direccion":"Calle 73 NO. 76A-354 Via al Volador","web":"www.itm.edu.co","programas_vigentes":72.0,"acreditada":true,"bid":true,"geo_score":93.86,"geo_precision":"centroide","geo_aceptacion":"acepta_con_aviso_baja_precision","geo_consulta":"nombre","mmi":4.92,"banda":4.5,"nivel":"IV","secretaria":"MEDELLIN"},"geometry":{"type":"Point","coordinates":[-75.57939,6.27359]}},{"type":"Feature","properties":{"codigo_ies":3303,"codigo_padre":3303,"nombre":"TECNOLÓGICO DE ARTES DÉBORA ARANGO INSTITUCIÓN REDEFINIDA","estado":"Activa","sector":"Oficial","caracter":"Institución Tecnológica","principal_seccional":"Principal","mpio":"Envigado","depto":"Antioquia","direccion":"Calle 38 Sur  44 - 120 Barrio Alcala","web":"www.ladebora.edu.co","programas_vigentes":31.0,"acreditada":false,"bid":true,"geo_score":93.94,"geo_precision":"centroide","geo_aceptacion":"acepta_con_aviso_baja_precision","geo_consulta":"direccion","mmi":5.1,"banda":5.0,"nivel":"V","secretaria":"ENVIGADO"},"geometry":{"type":"Point","coordinates":[-75.58987,6.17086]}},{"type":"Feature","properties":{"codigo_ies":3702,"codigo_padre":3702,"nombre":"FUNDACION TECNOLOGICA AUTONOMA DE BOGOTA-FABA-","estado":"Activa","sector":"Privado","caracter":"Institución Tecnológica","principal_seccional":"Principal","mpio":"Bogotá, D.C.","depto":"Bogotá, D.C.","direccion":"Carrera 14   80 - 35","web":"www.faba.edu.co","programas_vigentes":14.0,"acreditada":false,"bid":false,"geo_score":100.0,"geo_precision":"calle","geo_aceptacion":"acepta","geo_consulta":"direccion","mmi":4.63,"banda":4.5,"nivel":"IV","secretaria":"BOGOTA"},"geometry":{"type":"Point","coordinates":[-74.05624,4.66639]}},{"type":"Feature","properties":{"codigo_ies":3703,"codigo_padre":3703,"nombre":"INSTITUCION UNIVERSITARIA ESCOLME","estado":"Activa","sector":"Privado","caracter":"Institución Universitaria/Escuela Tecnológica","principal_seccional":"Principal","mpio":"Medellín","depto":"Antioquia","direccion":"Calle 50   40-39","web":"www.escolme.edu.co","programas_vigentes":20.0,"acreditada":false,"bid":false,"geo_score":100.0,"geo_precision":"calle","geo_aceptacion":"acepta","geo_consulta":"direccion","mmi":4.84,"banda":4.5,"nivel":"IV","secretaria":"MEDELLIN"},"geometry":{"type":"Point","coordinates":[-75.56091,6.24613]}},{"type":"Feature","properties":{"codigo_ies":3705,"codigo_padre":3705,"nombre":"FUNDACION UNIVERSITARIA TECNOLOGICO COMFENALCO - CARTAGENA","estado":"Activa","sector":"Privado","caracter":"Institución Universitaria/Escuela Tecnológica","principal_seccional":"Principal","mpio":"Cartagena de Indias","depto":"Bolívar","direccion":"Carrera 44 D  30 A-91","web":"www.tecnologicocomfenalco.edu.co","programas_vigentes":54.0,"acreditada":false,"bid":false,"geo_score":100.0,"geo_precision":"calle","geo_aceptacion":"acepta","geo_consulta":"nombre"},"geometry":{"type":"Point","coordinates":[-75.50382,10.40429]}},{"type":"Feature","properties":{"codigo_ies":3706,"codigo_padre":3706,"nombre":"FUNDACION CENTRO COLOMBIANO DE ESTUDIOS PROFESIONALES, -F.C.E.C.E.P.","estado":"Activa","sector":"Privado","caracter":"Institución Tecnológica","principal_seccional":"Principal","mpio":"Santiago de Cali","depto":"Valle del Cauca","direccion":"Calle 9B  29A-67 Champag?at","web":"www.cecep.edu.co","programas_vigentes":15.0,"acreditada":false,"bid":false,"geo_score":98.89,"geo_precision":"calle","geo_aceptacion":"acepta","geo_consulta":"direccion","mmi":6.08,"banda":6.0,"nivel":"VI"},"geometry":{"type":"Point","coordinates":[-76.53495,3.42954]}},{"type":"Feature","properties":{"codigo_ies":3710,"codigo_padre":3710,"nombre":"FUNDACION UNIVERSITARIA ANTONIO DE AREVALO - UNITECNAR","estado":"Activa","sector":"Privado","caracter":"Institución Universitaria/Escuela Tecnológica","principal_seccional":"Principal","mpio":"Cartagena de Indias","depto":"Bolívar","direccion":"Calle del Cuartel 36-54","web":"www.tecnar.edu.co","programas_vigentes":106.0,"acreditada":true,"bid":false,"geo_score":85.1,"geo_precision":"centroide_municipio","geo_aceptacion":"acepta_centroide","geo_consulta":"direccion"},"geometry":{"type":"Point","coordinates":[-75.5021,10.40253]}},{"type":"Feature","properties":{"codigo_ies":3712,"codigo_padre":3712,"nombre":"FUNDACION CENTRO DE INVESTIGACION DOCENCIA Y CONSULTORIA ADMINISTRATIVA-F-CIDCA-","estado":"Activa","sector":"Privado","caracter":"Institución Tecnológica","principal_seccional":"Principal","mpio":"Bogotá, D.C.","depto":"Bogotá, D.C.","direccion":"Calle 61  11-09 , sede Carrera 18  38-19","web":"www.cidca.edu.co.","programas_vigentes":19.0,"acreditada":false,"bid":false,"geo_score":96.81,"geo_precision":"calle","geo_aceptacion":"acepta","geo_consulta":"nombre","mmi":4.45,"banda":4.0,"nivel":"IV","secretaria":"BOGOTA"},"geometry":{"type":"Point","coordinates":[-74.06336,4.64729]}},{"type":"Feature","properties":{"codigo_ies":3713,"codigo_padre":3713,"nombre":"FUNDACION UNIVERSITARIA PARA EL DESARROLLO HUMANO - UNINPAHU","estado":"Activa","sector":"Privado","caracter":"Institución Universitaria/Escuela Tecnológica","principal_seccional":"Principal","mpio":"Bogotá, D.C.","depto":"Bogotá, D.C.","direccion":"Avenida 39  15-58","web":"www.uninpahu.edu.co","programas_vigentes":30.0,"acreditada":false,"bid":false,"geo_score":90.27,"geo_precision":"centroide","geo_aceptacion":"acepta_con_aviso_baja_precision","geo_consulta":"direccion","mmi":4.24,"banda":4.0,"nivel":"IV","secretaria":"BOGOTA"},"geometry":{"type":"Point","coordinates":[-74.06755,4.61879]}},{"type":"Feature","properties":{"codigo_ies":3715,"codigo_padre":3715,"nombre":"FUNDACION TECNOLOGICA AUTONOMA DEL PACIFICO","estado":"Activa","sector":"Privado","caracter":"Institución Tecnológica","principal_seccional":"Principal","mpio":"Santiago de Cali","depto":"Valle del Cauca","direccion":"Carrera 1 #46c esquina Barrio Popular","web":"www.utap.edu.co","programas_vigentes":16.0,"acreditada":false,"bid":false,"geo_score":100.0,"geo_precision":"calle","geo_aceptacion":"acepta","geo_consulta":"nombre","mmi":6.13,"banda":6.0,"nivel":"VI"},"geometry":{"type":"Point","coordinates":[-76.51699,3.47908]}},{"type":"Feature","properties":{"codigo_ies":3716,"codigo_padre":3716,"nombre":"TECNOLOGICA FITEC","estado":"Activa","sector":"Privado","caracter":"Institución Tecnológica","principal_seccional":"Principal","mpio":"Bucaramanga","depto":"Santander","direccion":"Calle 58 32-16 Barrio Conucos","web":"www.fitec.edu.co","programas_vigentes":22.0,"acreditada":false,"bid":false,"geo_score":100.0,"geo_precision":"calle","geo_aceptacion":"acepta","geo_consulta":"nombre","secretaria":"BUCARAMANGA"},"geometry":{"type":"Point","coordinates":[-73.10861,7.1166]}},{"type":"Feature","properties":{"codigo_ies":3718,"codigo_padre":3718,"nombre":"FUNDACION DE ESTUDIOS SUPERIORES COMFANORTE -F.E.S.C.-","estado":"Activa","sector":"Privado","caracter":"Institución Tecnológica","principal_seccional":"Principal","mpio":"San José de Cúcuta","depto":"Norte de Santander","direccion":"Avenida 5#15-27 CENTRO","web":"www.fesc.edu.co","programas_vigentes":52.0,"acreditada":false,"bid":false,"geo_score":99.6,"geo_precision":"calle","geo_aceptacion":"acepta","geo_consulta":"direccion"},"geometry":{"type":"Point","coordinates":[-72.50273,7.8815]}},{"type":"Feature","properties":{"codigo_ies":3719,"codigo_padre":3719,"nombre":"INSTITUCION UNIVERSITARIA LATINA - UNILATINA","estado":"Activa","sector":"Privado","caracter":"Institución Universitaria/Escuela Tecnológica","principal_seccional":"Principal","mpio":"Bogotá, D.C.","depto":"Bogotá, D.C.","direccion":"Calle 46 No. 3-05","web":"www.unilatina.edu.co","programas_vigentes":14.0,"acreditada":false,"bid":false,"geo_score":98.06,"geo_precision":"calle","geo_aceptacion":"acepta","geo_consulta":"direccion","mmi":4.16,"banda":4.0,"nivel":"IV","secretaria":"BOGOTA"},"geometry":{"type":"Point","coordinates":[-74.06188,4.63216]}},{"type":"Feature","properties":{"codigo_ies":3720,"codigo_padre":3720,"nombre":"FUNDACION UNIVERSITARIA ESUMER","estado":"Activa","sector":"Privado","caracter":"Institución Universitaria/Escuela Tecnológica","principal_seccional":"Principal","mpio":"Medellín","depto":"Antioquia","direccion":"Calle 76  80-126 Carretera al Mar","web":"www.esumer.edu.co","programas_vigentes":34.0,"acreditada":false,"bid":false,"geo_score":100.0,"geo_precision":"calle","geo_aceptacion":"acepta","geo_consulta":"nombre","mmi":4.82,"banda":4.5,"nivel":"IV","secretaria":"MEDELLIN"},"geometry":{"type":"Point","coordinates":[-75.56996,6.22991]}},{"type":"Feature","properties":{"codigo_ies":3723,"codigo_padre":3723,"nombre":"FUNDACIÓN EUROCOLOMBIANA DE EDUCACIÓN SUPERIOR - EUROCOL","estado":"Inactiva","sector":"Privado","caracter":"Institución Tecnológica","principal_seccional":"Principal","mpio":"Bogotá, D.C.","depto":"Bogotá, D.C.","direccion":"Cra. 27 # 46-69","web":"www.eurocol.edu.co","acreditada":false,"bid":false,"geo_score":100.0,"geo_precision":"calle","geo_aceptacion":"acepta","geo_consulta":"direccion","mmi":4.87,"banda":4.5,"nivel":"IV","secretaria":"BOGOTA"},"geometry":{"type":"Point","coordinates":[-74.07712,4.63651]}},{"type":"Feature","properties":{"codigo_ies":3724,"codigo_padre":3724,"nombre":"INSTITUCION INTERNACIONAL DE ALTOS ESTUDIOS LEON COOPER","estado":"Activa","sector":"Privado","caracter":"Institución Tecnológica","principal_seccional":"Principal","mpio":"Bogotá, D.C.","depto":"Bogotá, D.C.","direccion":"Carrera 16 #79-81 Edificio Eastern Tower","web":"https://iaecooper.co","programas_vigentes":13.0,"acreditada":false,"bid":false,"geo_score":96.49,"geo_precision":"calle","geo_aceptacion":"acepta","geo_consulta":"direccion","mmi":4.69,"banda":4.5,"nivel":"IV","secretaria":"BOGOTA"},"geometry":{"type":"Point","coordinates":[-74.05785,4.66656]}},{"type":"Feature","properties":{"codigo_ies":3725,"codigo_padre":3725,"nombre":"FUNDACION DE EDUCACION SUPERIOR ALBERTO MERANI","estado":"Activa","sector":"Privado","caracter":"Institución Tecnológica","principal_seccional":"Principal","mpio":"Bogotá, D.C.","depto":"Bogotá, D.C.","direccion":"Calle 73 # 20B-15 barrio San Felipe, Bogotá.","web":"www.tecnologicafusfa.edu.co","programas_vigentes":16.0,"acreditada":false,"bid":false,"geo_score":98.95,"geo_precision":"calle","geo_aceptacion":"acepta","geo_consulta":"direccion","mmi":4.8,"banda":4.5,"nivel":"IV","secretaria":"BOGOTA"},"geometry":{"type":"Point","coordinates":[-74.06336,4.66192]}},{"type":"Feature","properties":{"codigo_ies":3801,"codigo_padre":3801,"nombre":"CORPORACION DE ESTUDIOS TECNOLOGICOS DEL NORTE DEL VALLE","estado":"Activa","sector":"Privado","caracter":"Institución Tecnológica","principal_seccional":"Principal","mpio":"Cartago","depto":"Valle del Cauca","direccion":"Calle 10  3-95","web":"www.cotecnova.edu.co","programas_vigentes":19.0,"acreditada":false,"bid":false,"geo_score":100.0,"geo_precision":"calle","geo_aceptacion":"acepta","geo_consulta":"direccion","mmi":6.85,"banda":6.5,"nivel":"VI","secretaria":"CARTAGO"},"geometry":{"type":"Point","coordinates":[-75.91143,4.75031]}},{"type":"Feature","properties":{"codigo_ies":3802,"codigo_padre":3802,"nombre":"CORPORACIÓN TECNOLÓGICO SUPERIOR","estado":"Activa","sector":"Privado","caracter":"Institución Tecnológica","principal_seccional":"Principal","mpio":"Medellín","depto":"Antioquia","direccion":"Calle 48 No. 77 C - 32","web":"www.tecnologicosuperior.edu.co","programas_vigentes":2.0,"acreditada":false,"bid":false,"geo_score":100.0,"geo_precision":"calle","geo_aceptacion":"acepta","geo_consulta":"direccion","mmi":4.99,"banda":4.5,"nivel":"IV","secretaria":"MEDELLIN"},"geometry":{"type":"Point","coordinates":[-75.59586,6.25847]}},{"type":"Feature","properties":{"codigo_ies":3803,"codigo_padre":3803,"nombre":"CORPORACION UNIVERSITARIA CENTRO SUPERIOR - UNICUCES","estado":"Activa","sector":"Privado","caracter":"Institución Universitaria/Escuela Tecnológica","principal_seccional":"Principal","mpio":"Santiago de Cali","depto":"Valle del Cauca","direccion":"Calle 14 Norte 8 - 35 Barrio Granada","web":"www.unicuces.edu.co","programas_vigentes":15.0,"acreditada":false,"bid":false,"geo_score":99.05,"geo_precision":"calle","geo_aceptacion":"acepta","geo_consulta":"direccion","mmi":5.69,"banda":5.5,"nivel":"V"},"geometry":{"type":"Point","coordinates":[-76.53449,3.45832]}},{"type":"Feature","properties":{"codigo_ies":3805,"codigo_padre":3805,"nombre":"INSTITUTO DE EDUCACION EMPRESARIAL-IDEE-","estado":"Inactiva","sector":"Privado","caracter":"Institución Tecnológica","principal_seccional":"Principal","mpio":"Santiago de Cali","depto":"Valle del Cauca","direccion":"Calle 19 Norte 5AN 37, Barrio Versalles","web":"www.idee.edu.co","acreditada":false,"bid":false,"geo_score":94.25,"geo_precision":"centroide","geo_aceptacion":"acepta_con_aviso_baja_precision","geo_consulta":"direccion","mmi":5.78,"banda":5.5,"nivel":"V"},"geometry":{"type":"Point","coordinates":[-76.52958,3.4605]}},{"type":"Feature","properties":{"codigo_ies":3806,"codigo_padre":3806,"nombre":"CORPORACION ESCUELA SUPERIOR DE ADMINISTRACION Y ESTUDIOS TECNOLOGICOS- EAE","estado":"Activa","sector":"Privado","caracter":"Institución Tecnológica","principal_seccional":"Principal","mpio":"Santiago de Cali","depto":"Valle del Cauca","direccion":"Avenida 6N No. 23DN-16 Barrio Versalles","web":"www.eae.edu.co","programas_vigentes":5.0,"acreditada":false,"bid":false,"geo_score":93.07,"geo_precision":"centroide","geo_aceptacion":"acepta_con_aviso_baja_precision","geo_consulta":"nombre","mmi":6.2,"banda":6.0,"nivel":"VI"},"geometry":{"type":"Point","coordinates":[-76.53061,3.40896]}},{"type":"Feature","properties":{"codigo_ies":3807,"codigo_padre":3807,"nombre":"ESCUELA DE TECNOLOGIAS DE ANTIOQUIA -ETA-","estado":"Activa","sector":"Privado","caracter":"Institución Tecnológica","principal_seccional":"Principal","mpio":"Medellín","depto":"Antioquia","direccion":"Carrera 80B No. 32EE-61","web":"www.etdea.edu.co","programas_vigentes":8.0,"acreditada":false,"bid":false,"geo_score":100.0,"geo_precision":"calle","geo_aceptacion":"acepta","geo_consulta":"direccion","mmi":4.96,"banda":4.5,"nivel":"IV","secretaria":"MEDELLIN"},"geometry":{"type":"Point","coordinates":[-75.60167,6.23829]}},{"type":"Feature","properties":{"codigo_ies":3808,"codigo_padre":3808,"nombre":"CORPORACION TECNOLOGICA DE BOGOTA - CTB","estado":"Activa","sector":"Privado","caracter":"Institución Tecnológica","principal_seccional":"Principal","mpio":"Bogotá, D.C.","depto":"Bogotá, D.C.","direccion":"Carrera 21 53D-35","web":"www.ctb.edu.co","programas_vigentes":8.0,"acreditada":false,"bid":false,"geo_score":100.0,"geo_precision":"calle","geo_aceptacion":"acepta","geo_consulta":"direccion","mmi":4.77,"banda":4.5,"nivel":"IV","secretaria":"BOGOTA"},"geometry":{"type":"Point","coordinates":[-74.0717,4.64344]}},{"type":"Feature","properties":{"codigo_ies":3809,"codigo_padre":3809,"nombre":"INSTITUTO SUPERIOR DE CIENCIAS SOCIALES Y ECONOMICO FAMILIARES-ICSEF-","estado":"Activa","sector":"Privado","caracter":"Institución Tecnológica","principal_seccional":"Principal","mpio":"Fusagasugá","depto":"Cundinamarca","direccion":"Vereda Usatama Finca Torreblanca","web":"www.icsef.edu.co","programas_vigentes":9.0,"acreditada":false,"bid":false,"geo_score":84.23,"geo_precision":"incierto","geo_aceptacion":"acepta_con_aviso_baja_precision","geo_consulta":"direccion","mmi":4.8,"banda":4.5,"nivel":"IV","secretaria":"FUSAGASUGA"},"geometry":{"type":"Point","coordinates":[-74.35479,4.38587]}},{"type":"Feature","properties":{"codigo_ies":3810,"codigo_padre":3810,"nombre":"CORPORACION EDUCATIVA -ITAE-","estado":"Activa","sector":"Privado","caracter":"Institución Tecnológica","principal_seccional":"Principal","mpio":"Bucaramanga","depto":"Santander","direccion":"Calle de los Estudiantes  10-20 Ciudadela","web":"www.itae.edu.co","programas_vigentes":8.0,"acreditada":false,"bid":false,"geo_score":96.61,"geo_precision":"calle","geo_aceptacion":"acepta","geo_consulta":"direccion","secretaria":"BUCARAMANGA"},"geometry":{"type":"Point","coordinates":[-73.12349,7.10713]}},{"type":"Feature","properties":{"codigo_ies":3811,"codigo_padre":3811,"nombre":"CORPORACION DE EDUCACION DEL NORTE DEL TOLIMA - COREDUCACION","estado":"Activa","sector":"Privado","caracter":"Institución Tecnológica","principal_seccional":"Principal","mpio":"Honda","depto":"Tolima","direccion":"Calle 10 #29-93/33 Barrio El Reposo","web":"www.coreducacion.edu.co","programas_vigentes":8.0,"acreditada":false,"bid":false,"geo_score":84.78,"geo_precision":"incierto","geo_aceptacion":"acepta_con_aviso_baja_precision","geo_consulta":"direccion","mmi":5.53,"banda":5.5,"nivel":"V","secretaria":"TOLIMA"},"geometry":{"type":"Point","coordinates":[-74.76282,5.21105]}},{"type":"Feature","properties":{"codigo_ies":3812,"codigo_padre":3812,"nombre":"INSTITUCION UNIVERSITARIA MARCO FIDEL SUAREZ - IUMAFIS","estado":"Activa","sector":"Privado","caracter":"Institución Universitaria/Escuela Tecnológica","principal_seccional":"Principal","mpio":"Bello","depto":"Antioquia","direccion":"Calle 48  50-30","web":"www.pmfs.edu.co","programas_vigentes":21.0,"acreditada":false,"bid":false,"geo_score":100.0,"geo_precision":"calle","geo_aceptacion":"acepta","geo_consulta":"direccion","mmi":5.06,"banda":5.0,"nivel":"V","secretaria":"BELLO"},"geometry":{"type":"Point","coordinates":[-75.55854,6.33313]}},{"type":"Feature","properties":{"codigo_ies":3817,"codigo_padre":3817,"nombre":"CORPORACION UNIVERSITARIA AUTONOMA DE NARIÑO -AUNAR-","estado":"Activa","sector":"Privado","caracter":"Institución Universitaria/Escuela Tecnológica","principal_seccional":"Principal","mpio":"Pasto","depto":"Nariño","direccion":"Calle 19  27-80","web":"www.aunar.edu.co","programas_vigentes":23.0,"acreditada":false,"bid":false,"geo_score":96.09,"geo_precision":"calle","geo_aceptacion":"acepta","geo_consulta":"nombre","secretaria":"PASTO"},"geometry":{"type":"Point","coordinates":[-77.2789,1.2174]}},{"type":"Feature","properties":{"codigo_ies":3819,"codigo_padre":3819,"nombre":"CORPORACION TECNOLOGICA INDUSTRIAL COLOMBIANA - TEINCO","estado":"Activa","sector":"Privado","caracter":"Institución Tecnológica","principal_seccional":"Principal","mpio":"Bogotá, D.C.","depto":"Bogotá, D.C.","direccion":"Avenida Calle 63 #22-39","web":"www.teinco.edu.co","programas_vigentes":29.0,"acreditada":false,"bid":false,"geo_score":100.0,"geo_precision":"calle","geo_aceptacion":"acepta","geo_consulta":"direccion","mmi":4.87,"banda":4.5,"nivel":"IV","secretaria":"BOGOTA"},"geometry":{"type":"Point","coordinates":[-74.07166,4.65073]}},{"type":"Feature","properties":{"codigo_ies":3820,"codigo_padre":3820,"nombre":"CORPORACION ACADEMIA TECNOLOGICA DE COLOMBIA -ATEC-","estado":"Activa","sector":"Privado","caracter":"Institución Tecnológica","principal_seccional":"Principal","mpio":"Medellín","depto":"Antioquia","direccion":"Carrera 42  47-82 Centro","web":"www.atec.edu.co","programas_vigentes":2.0,"acreditada":false,"bid":false,"geo_score":98.64,"geo_precision":"calle","geo_aceptacion":"acepta","geo_consulta":"direccion","mmi":4.87,"banda":4.5,"nivel":"IV","secretaria":"MEDELLIN"},"geometry":{"type":"Point","coordinates":[-75.5628,6.24465]}},{"type":"Feature","properties":{"codigo_ies":3821,"codigo_padre":3821,"nombre":"CORPORACION UNIVERSITARIA POLITECNICO COSTA ATLANTICA","estado":"Activa","sector":"Privado","caracter":"Institución Universitaria/Escuela Tecnológica","principal_seccional":"Principal","mpio":"Barranquilla","depto":"Atlántico","direccion":"Cra. 38 No. 79A-167 Claustro de Santa Bernardita","web":"www.pca.edu.co","programas_vigentes":34.0,"acreditada":false,"bid":false,"geo_score":85.37,"geo_precision":"incierto","geo_aceptacion":"acepta_con_aviso_baja_precision","geo_consulta":"direccion","secretaria":"BARRANQUILLA"},"geometry":{"type":"Point","coordinates":[-74.81994,10.9869]}},{"type":"Feature","properties":{"codigo_ies":3822,"codigo_padre":3822,"nombre":"POLITECNICO ICAFT","estado":"Activa","sector":"Privado","caracter":"Institución Tecnológica","principal_seccional":"Principal","mpio":"Bogotá, D.C.","depto":"Bogotá, D.C.","direccion":"Calle 13 No.68D-60","web":"www.icaft.edu.co","programas_vigentes":8.0,"acreditada":false,"bid":false,"geo_score":99.78,"geo_precision":"calle","geo_aceptacion":"acepta","geo_consulta":"direccion","mmi":5.08,"banda":5.0,"nivel":"V","secretaria":"BOGOTA"},"geometry":{"type":"Point","coordinates":[-74.12251,4.64093]}},{"type":"Feature","properties":{"codigo_ies":3823,"codigo_padre":3823,"nombre":"UNION AMERICANA DE EDUCACION SUPERIOR- UNION AMERICANA","estado":"Inactiva","sector":"Privado","caracter":"Institución Tecnológica","principal_seccional":"Principal","mpio":"Bogotá, D.C.","depto":"Bogotá, D.C.","direccion":"Carrera 14A 57-43","web":"http://unaes.edu.co/","acreditada":false,"bid":false,"geo_score":100.0,"geo_precision":"calle","geo_aceptacion":"acepta","geo_consulta":"direccion","mmi":4.56,"banda":4.5,"nivel":"IV","secretaria":"BOGOTA"},"geometry":{"type":"Point","coordinates":[-74.06649,4.64475]}},{"type":"Feature","properties":{"codigo_ies":3824,"codigo_padre":3824,"nombre":"CENTRO DE CONOCIMIENTO ALEJANDRÍA - ALEJANDRÍA","estado":"Activa","sector":"Privado","caracter":"Institución Tecnológica","principal_seccional":"Principal","mpio":"Bogotá, D.C.","depto":"Bogotá, D.C.","direccion":"Calle 16 # 7-76","web":"www.eciem.edu.co","programas_vigentes":5.0,"acreditada":false,"bid":false,"geo_score":100.0,"geo_precision":"calle","geo_aceptacion":"acepta","geo_consulta":"direccion","mmi":4.42,"banda":4.0,"nivel":"IV","secretaria":"BOGOTA"},"geometry":{"type":"Point","coordinates":[-74.07344,4.60299]}},{"type":"Feature","properties":{"codigo_ies":3826,"codigo_padre":3826,"nombre":"CORPORACION INTERNACIONAL PARA EL DESARROLLO EDUCATIVO -CIDE-","estado":"Activa","sector":"Privado","caracter":"Institución Tecnológica","principal_seccional":"Principal","mpio":"Bogotá, D.C.","depto":"Bogotá, D.C.","direccion":"Calle 41  27A-56 La Soledad","web":"www.cide.edu.co","programas_vigentes":34.0,"acreditada":false,"bid":false,"geo_score":98.41,"geo_precision":"calle","geo_aceptacion":"acepta","geo_consulta":"direccion","mmi":4.9,"banda":4.5,"nivel":"IV","secretaria":"BOGOTA"},"geometry":{"type":"Point","coordinates":[-74.0788,4.63225]}},{"type":"Feature","properties":{"codigo_ies":3827,"codigo_padre":3827,"nombre":"POLITECNICO SANTAFE DE BOGOTA","estado":"Activa","sector":"Privado","caracter":"Institución Tecnológica","principal_seccional":"Principal","mpio":"Bogotá, D.C.","depto":"Bogotá, D.C.","direccion":"Transversal 18 A Bis No. 37 - 11","web":"www.psb.edu.co","programas_vigentes":17.0,"acreditada":false,"bid":false,"geo_score":100.0,"geo_precision":"calle","geo_aceptacion":"acepta","geo_consulta":"direccion","mmi":4.69,"banda":4.5,"nivel":"IV","secretaria":"BOGOTA"},"geometry":{"type":"Point","coordinates":[-74.07271,4.62623]}},{"type":"Feature","properties":{"codigo_ies":3828,"codigo_padre":3828,"nombre":"CORPORACION TECNOLOGICA DE EDUCACION SUPERIOR SAPIENZA CTE","estado":"Activa","sector":"Privado","caracter":"Institución Tecnológica","principal_seccional":"Principal","mpio":"Bogotá, D.C.","depto":"Bogotá, D.C.","direccion":"Carrera 14 A N. 71 - 29 BARRIOS UNIDOS","web":"www.sapienza.edu.co","programas_vigentes":4.0,"acreditada":false,"bid":false,"geo_score":100.0,"geo_precision":"calle","geo_aceptacion":"acepta","geo_consulta":"direccion","mmi":4.7,"banda":4.5,"nivel":"IV","secretaria":"BOGOTA"},"geometry":{"type":"Point","coordinates":[-74.06282,4.65883]}},{"type":"Feature","properties":{"codigo_ies":3829,"codigo_padre":3829,"nombre":"CORPORACIÓN JOHN F. KENNEDY","estado":"Activa","sector":"Privado","caracter":"Institución Tecnológica","principal_seccional":"Principal","mpio":"Bogotá, D.C.","depto":"Bogotá, D.C.","direccion":"calle 52 No 22 - 50","web":"www.jfk.edu.co","acreditada":false,"bid":false,"geo_score":100.0,"geo_precision":"calle","geo_aceptacion":"acepta","geo_consulta":"direccion","mmi":4.81,"banda":4.5,"nivel":"IV","secretaria":"BOGOTA"},"geometry":{"type":"Point","coordinates":[-74.07328,4.64066]}},{"type":"Feature","properties":{"codigo_ies":3830,"codigo_padre":3830,"nombre":"CORPORACION UNIVERSAL DE INVESTIGACION Y TECNOLOGIA -CORUNIVERSITEC-","estado":"Activa","sector":"Privado","caracter":"Institución Tecnológica","principal_seccional":"Principal","mpio":"Bogotá, D.C.","depto":"Bogotá, D.C.","direccion":"Calle 34  15-36","web":"www.coruniversitec.edu.co","programas_vigentes":12.0,"acreditada":false,"bid":false,"geo_score":100.0,"geo_precision":"calle","geo_aceptacion":"acepta","geo_consulta":"nombre","mmi":4.28,"banda":4.0,"nivel":"IV","secretaria":"BOGOTA"},"geometry":{"type":"Point","coordinates":[-74.07991,4.58132]}},{"type":"Feature","properties":{"codigo_ies":3831,"codigo_padre":3831,"nombre":"CORPORACION UNIVERSITARIA COMFACAUCA - UNICOMFACAUCA","estado":"Activa","sector":"Privado","caracter":"Institución Universitaria/Escuela Tecnológica","principal_seccional":"Principal","mpio":"Popayán","depto":"Cauca","direccion":"Calle 4   No. 8 - 30","web":"www.unicomfacauca.edu.co","programas_vigentes":23.0,"acreditada":true,"bid":false,"geo_score":97.74,"geo_precision":"calle","geo_aceptacion":"acepta","geo_consulta":"direccion","mmi":4.93,"banda":4.5,"nivel":"IV","secretaria":"POPAYAN"},"geometry":{"type":"Point","coordinates":[-76.60789,2.44286]}},{"type":"Feature","properties":{"codigo_ies":3832,"codigo_padre":3832,"nombre":"CORPORACION TECNOLOGICA  SUPERIOR SIGLO  XXI","estado":"Inactiva","sector":"Privado","caracter":"Institución Tecnológica","principal_seccional":"Principal","mpio":"Cereté","depto":"Córdoba","direccion":"Calle 9 9B-27 Barrio Santa Clara","web":"No disponible","acreditada":false,"bid":false,"geo_score":85.11,"geo_precision":"incierto","geo_aceptacion":"acepta_con_aviso_baja_precision","geo_consulta":"direccion"},"geometry":{"type":"Point","coordinates":[-75.79333,8.8818]}},{"type":"Feature","properties":{"codigo_ies":3833,"codigo_padre":3833,"nombre":"CORPORACION TECNOLOGICO COPACABANA - TECO -","estado":"Inactiva","sector":"Privado","caracter":"Institución Tecnológica","principal_seccional":"Principal","mpio":"Copacabana","depto":"Antioquia","direccion":"Calle 50 39-203 Barrio El Mojón","web":"No disponible","acreditada":false,"bid":false,"geo_score":98.85,"geo_precision":"calle","geo_aceptacion":"acepta","geo_consulta":"direccion","mmi":4.76,"banda":4.5,"nivel":"IV","secretaria":"ANTIOQUIA"},"geometry":{"type":"Point","coordinates":[-75.50188,6.34955]}},{"type":"Feature","properties":{"codigo_ies":3834,"codigo_padre":3834,"nombre":"CORPORACION TECNOLOGICA CATOLICA DE OCCIDENTE - TECOC -","estado":"Activa","sector":"Privado","caracter":"Institución Tecnológica","principal_seccional":"Principal","mpio":"Santa Fé de Antioquia","depto":"Antioquia","direccion":"Calle 20  5-07  Llano de Bolivar","web":"No disponible","programas_vigentes":2.0,"acreditada":false,"bid":false,"geo_score":92.88,"geo_precision":"centroide","geo_aceptacion":"acepta_con_aviso_baja_precision","geo_consulta":"direccion","mmi":5.27,"banda":5.0,"nivel":"V"},"geometry":{"type":"Point","coordinates":[-75.815,6.56861]}},{"type":"Feature","properties":{"codigo_ies":3901,"codigo_padre":3901,"nombre":"ESCUELA DE FORMACION DE INFANTERIA DE MARINA","estado":"Activa","sector":"Oficial","caracter":"Institución Tecnológica","principal_seccional":"Principal","mpio":"Coveñas","depto":"Sucre","direccion":"Carretera Troncal vía Lorica, Coveñas - Sucre","web":"www.armada.mil.co","programas_vigentes":5.0,"acreditada":true,"bid":false,"geo_score":83.43,"geo_precision":"incierto","geo_aceptacion":"acepta_con_aviso_baja_precision","geo_consulta":"nombre","secretaria":"SUCRE"},"geometry":{"type":"Point","coordinates":[-75.68404,9.40305]}},{"type":"Feature","properties":{"codigo_ies":3902,"codigo_padre":3902,"nombre":"ESCUELA  MILITAR DE SUBOFICIALES SARGENTO INOCENCIO CHINCA","estado":"Activa","sector":"Oficial","caracter":"Institución Tecnológica","principal_seccional":"Principal","mpio":"Nilo","depto":"Cundinamarca","direccion":"Fuerte Militar de Tolemaida km 1 Bogotá - Girardot","web":"www.emsub.edu.co","programas_vigentes":5.0,"acreditada":false,"bid":false,"geo_score":81.76,"geo_precision":"incierto","geo_aceptacion":"acepta_con_aviso_baja_precision","geo_consulta":"direccion","mmi":5.48,"banda":5.0,"nivel":"V","secretaria":"CUNDINAMARCA"},"geometry":{"type":"Point","coordinates":[-74.64141,4.24553]}},{"type":"Feature","properties":{"codigo_ies":4101,"codigo_padre":4101,"nombre":"INSTITUCIÓN UNIVERSITARIA DE ROLDANILLO - UNINTEP","estado":"Activa","sector":"Oficial","caracter":"Institución Universitaria/Escuela Tecnológica","principal_seccional":"Principal","mpio":"Roldanillo","depto":"Valle del Cauca","direccion":"Carrera 7 10-20 Roldanillo","web":"www.intep.edu.co","programas_vigentes":45.0,"acreditada":false,"bid":true,"geo_score":100.0,"geo_precision":"calle","geo_aceptacion":"acepta","geo_consulta":"direccion","mmi":6.65,"banda":6.5,"nivel":"VI","secretaria":"VALLE","dano_fuente":"oficial","dano_emisor":"BID","dano_estado":"dano","dano_subtipo":"dano_sd","dano_quien":"Equipo PTIES","dano_cita":"Daños significativos en la infraestructura. Cese de actividades PTIES.","dano_medio":"BID","dano_url":"data/derived/Reporte Orden publico y Terremoto PTIES 10082026.docx","dano_fecha":"2026-08-10"},"geometry":{"type":"Point","coordinates":[-76.15167,4.41065]}},{"type":"Feature","properties":{"codigo_ies":4102,"codigo_padre":4102,"nombre":"INSTITUCION UNIVERSITARIA NACIONAL TECNOLOGICA DE LA GUAJIRA - UNITEG","estado":"Activa","sector":"Oficial","caracter":"Institución Universitaria/Escuela Tecnológica","principal_seccional":"Principal","mpio":"San Juan del Cesar","depto":"La Guajira","direccion":"Carrera 13 7A-61 Barrio 20 de Julio","web":"www.infotep.edu.co","programas_vigentes":21.0,"acreditada":false,"bid":false,"geo_score":88.92,"geo_precision":"incierto","geo_aceptacion":"acepta_con_aviso_baja_precision","geo_consulta":"direccion","secretaria":"LA GUAJIRA"},"geometry":{"type":"Point","coordinates":[-72.99845,10.77075]}},{"type":"Feature","properties":{"codigo_ies":4106,"codigo_padre":4106,"nombre":"INSTITUCIÓN UNIVERSITARIA DE SAN ANDRÉS PROVIDENCIA Y SANTA CATALINA - IUSAI","estado":"Activa","sector":"Oficial","caracter":"Institución Universitaria/Escuela Tecnológica","principal_seccional":"Principal","mpio":"San Andrés","depto":"Archipiélago de San Andrés, Providencia y Santa Catalina","direccion":"Barrio Sarie Bay con Av. Colombia","web":"www.infotepsai.edu.co","programas_vigentes":35.0,"acreditada":false,"bid":false,"geo_score":90.82,"geo_precision":"centroide","geo_aceptacion":"acepta_con_aviso_baja_precision","geo_consulta":"direccion","secretaria":"SANTANDER"},"geometry":{"type":"Point","coordinates":[-81.70539,12.59151]}},{"type":"Feature","properties":{"codigo_ies":4107,"codigo_padre":4107,"nombre":"INSTITUCIÓN UNIVERSITARIA TÉCNICA PARA EL DESARROLLO PROFESIONAL - UTEDÉ","estado":"Activa","sector":"Oficial","caracter":"Institución Universitaria/Escuela Tecnológica","principal_seccional":"Principal","mpio":"Guadalajara de Buga","depto":"Valle del Cauca","direccion":"Carrera 13   Calle 26C","web":"www.ita.edu.co","programas_vigentes":20.0,"acreditada":false,"bid":true,"geo_score":94.27,"geo_precision":"centroide","geo_aceptacion":"acepta_con_aviso_baja_precision","geo_consulta":"direccion","mmi":6.32,"banda":6.0,"nivel":"VI"},"geometry":{"type":"Point","coordinates":[-76.29689,3.91576]}},{"type":"Feature","properties":{"codigo_ies":4108,"codigo_padre":4108,"nombre":"ESCUELA TECNOLOGICA INSTITUTO TECNICO CENTRAL","estado":"Activa","sector":"Oficial","caracter":"Institución Universitaria/Escuela Tecnológica","principal_seccional":"Principal","mpio":"Bogotá, D.C.","depto":"Bogotá, D.C.","direccion":"Calle 13 No.16-74","web":"www.itc.edu.co","programas_vigentes":24.0,"acreditada":false,"bid":false,"geo_score":100.0,"geo_precision":"calle","geo_aceptacion":"acepta","geo_consulta":"nombre","mmi":4.8,"banda":4.5,"nivel":"IV","secretaria":"BOGOTA"},"geometry":{"type":"Point","coordinates":[-74.08135,4.6063]}},{"type":"Feature","properties":{"codigo_ies":4109,"codigo_padre":4109,"nombre":"INSTITUTO TECNICO NACIONAL DE COMERCIO SIMON RODRIGUEZ - INTENALCO","estado":"Activa","sector":"Oficial","caracter":"Institución Técnica Profesional","principal_seccional":"Principal","mpio":"Santiago de Cali","depto":"Valle del Cauca","direccion":"Avenida 4 Norte # 34AN-18 Barrio Prados de¡ Norte Comuna No 02","web":"www.intenalco.edu.co","programas_vigentes":17.0,"acreditada":false,"bid":false,"geo_score":83.56,"geo_precision":"incierto","geo_aceptacion":"acepta_con_aviso_baja_precision","geo_consulta":"direccion","mmi":5.95,"banda":5.5,"nivel":"V"},"geometry":{"type":"Point","coordinates":[-76.52262,3.46865]}},{"type":"Feature","properties":{"codigo_ies":4110,"codigo_padre":4110,"nombre":"INSTITUCION UNIVERSITARIA DE EL ESPINAL - UNIESPINAL","estado":"Activa","sector":"Oficial","caracter":"Institución Universitaria/Escuela Tecnológica","principal_seccional":"Principal","mpio":"Espinal","depto":"Tolima","direccion":"Calle 18 Carrera 1a","web":"www.itfip.edu.co","programas_vigentes":33.0,"acreditada":false,"bid":false,"geo_score":93.38,"geo_precision":"centroide","geo_aceptacion":"acepta_con_aviso_baja_precision","geo_consulta":"direccion","mmi":5.99,"banda":5.5,"nivel":"V","secretaria":"TOLIMA"},"geometry":{"type":"Point","coordinates":[-74.88573,4.15614]}},{"type":"Feature","properties":{"codigo_ies":4111,"codigo_padre":4111,"nombre":"INSTITUCIÓN UNIVERSITARIA DEL CARIBE","estado":"Activa","sector":"Oficial","caracter":"Institución Universitaria/Escuela Tecnológica","principal_seccional":"Principal","mpio":"Ciénaga","depto":"Magdalena","direccion":"Calle 10 12-22 Plaza del Centenario","web":"www.infotephvg.edu.co","programas_vigentes":47.0,"acreditada":false,"bid":true,"geo_score":96.6,"geo_precision":"centroide_municipio","geo_aceptacion":"acepta_centroide","geo_consulta":"direccion","secretaria":"CIENAGA"},"geometry":{"type":"Point","coordinates":[-74.25066,11.01038]}},{"type":"Feature","properties":{"codigo_ies":4112,"codigo_padre":4112,"nombre":"INSTITUCION UNIVERSITARIA ORIENTE DE CALDAS - UNIOC","estado":"Activa","sector":"Oficial","caracter":"Institución Universitaria/Escuela Tecnológica","principal_seccional":"Principal","mpio":"Pensilvania","depto":"Caldas","direccion":"Carrera 5 # 6-30","web":"www.iescinoc.edu.co","programas_vigentes":36.0,"acreditada":false,"bid":true,"geo_score":100.0,"geo_precision":"calle","geo_aceptacion":"acepta","geo_consulta":"direccion","mmi":5.35,"banda":5.0,"nivel":"V","secretaria":"CALDAS"},"geometry":{"type":"Point","coordinates":[-75.16001,5.38441]}},{"type":"Feature","properties":{"codigo_ies":4301,"codigo_padre":4301,"nombre":"UNIDAD TECNICA PROFESIONAL DE SEVILLA-UNITEPS-","estado":"Activa","sector":"Oficial","caracter":"Institución Técnica Profesional","principal_seccional":"Principal","mpio":"Sevilla","depto":"Valle del Cauca","direccion":"Calle 51 No. 48 - 31","web":"uniteps@col2.telecom.com.co","acreditada":false,"bid":false,"geo_score":100.0,"geo_precision":"calle","geo_aceptacion":"acepta","geo_consulta":"direccion","mmi":6.18,"banda":6.0,"nivel":"VI","secretaria":"VALLE"},"geometry":{"type":"Point","coordinates":[-75.93263,4.26471]}},{"type":"Feature","properties":{"codigo_ies":4701,"codigo_padre":4701,"nombre":"FUNDACION ACADEMIA DE DIBUJO PROFESIONAL","estado":"Activa","sector":"Privado","caracter":"Institución Técnica Profesional","principal_seccional":"Principal","mpio":"Santiago de Cali","depto":"Valle del Cauca","direccion":"Calle 27 Norte No. 6BN-50","web":"www.fadp.edu.co","programas_vigentes":10.0,"acreditada":false,"bid":false,"geo_score":95.46,"geo_precision":"calle","geo_aceptacion":"acepta","geo_consulta":"direccion","mmi":5.5,"banda":5.5,"nivel":"V"},"geometry":{"type":"Point","coordinates":[-76.53018,3.46971]}},{"type":"Feature","properties":{"codigo_ies":4702,"codigo_padre":4702,"nombre":"FUNDACION DE EDUCACION SUPERIOR SAN JOSE -FESSANJOSE-","estado":"Activa","sector":"Privado","caracter":"Institución Tecnológica","principal_seccional":"Principal","mpio":"Bogotá, D.C.","depto":"Bogotá, D.C.","direccion":"Calle  67   14A-29","web":"No disponible","programas_vigentes":41.0,"acreditada":false,"bid":false,"geo_score":100.0,"geo_precision":"calle","geo_aceptacion":"acepta","geo_consulta":"direccion","mmi":4.67,"banda":4.5,"nivel":"IV","secretaria":"BOGOTA"},"geometry":{"type":"Point","coordinates":[-74.06435,4.65456]}},{"type":"Feature","properties":{"codigo_ies":4704,"codigo_padre":4704,"nombre":"FUNDACION PARA LA EDUCACION SUPERIOR REAL DE COLOMBIA","estado":"Activa","sector":"Privado","caracter":"Institución Técnica Profesional","principal_seccional":"Principal","mpio":"Bogotá, D.C.","depto":"Bogotá, D.C.","direccion":"Carrera 48  No.91-16","web":"No disponible","programas_vigentes":2.0,"acreditada":false,"bid":false,"geo_score":100.0,"geo_precision":"calle","geo_aceptacion":"acepta","geo_consulta":"direccion","mmi":4.99,"banda":4.5,"nivel":"IV","secretaria":"BOGOTA"},"geometry":{"type":"Point","coordinates":[-74.06161,4.67914]}},{"type":"Feature","properties":{"codigo_ies":4705,"codigo_padre":4705,"nombre":"FUNDACIÓN DE EDUCACIÓN SUPERIOR UPARSISTEM","estado":"Activa","sector":"Privado","caracter":"Institución Técnica Profesional","principal_seccional":"Principal","mpio":"Valledupar","depto":"Cesar","direccion":"Calle 16A N. 12-15","web":"www.uniuparsistem.edu.co","programas_vigentes":1.0,"acreditada":false,"bid":false,"geo_score":100.0,"geo_precision":"calle","geo_aceptacion":"acepta","geo_consulta":"direccion","secretaria":"VALLEDUPAR"},"geometry":{"type":"Point","coordinates":[-73.24928,10.47233]}},{"type":"Feature","properties":{"codigo_ies":4708,"codigo_padre":4708,"nombre":"FUNDACION ESCUELA COLOMBIANA DE HOTELERIA Y TURISMO-ECOTET-","estado":"Activa","sector":"Privado","caracter":"Institución Técnica Profesional","principal_seccional":"Principal","mpio":"Bogotá, D.C.","depto":"Bogotá, D.C.","direccion":"Ava. 13 (Autopista Norte)  106-63","web":"www.ecotet.com","acreditada":false,"bid":false,"geo_score":100.0,"geo_precision":"calle","geo_aceptacion":"acepta","geo_consulta":"nombre","mmi":5.16,"banda":5.0,"nivel":"V","secretaria":"BOGOTA"},"geometry":{"type":"Point","coordinates":[-74.05641,4.69481]}},{"type":"Feature","properties":{"codigo_ies":4709,"codigo_padre":4709,"nombre":"INSTITUCION UNIVERSITARIA EAM","estado":"Activa","sector":"Privado","caracter":"Institución Universitaria/Escuela Tecnológica","principal_seccional":"Principal","mpio":"Armenia","depto":"Quindío","direccion":"Carrera 14  3-11 Av. Bolivar","web":"www.eam.edu.co","programas_vigentes":32.0,"acreditada":false,"bid":false,"geo_score":97.91,"geo_precision":"calle","geo_aceptacion":"acepta","geo_consulta":"direccion","mmi":6.6,"banda":6.5,"nivel":"VI","secretaria":"ARMENIA"},"geometry":{"type":"Point","coordinates":[-75.66349,4.5418]}},{"type":"Feature","properties":{"codigo_ies":4710,"codigo_padre":4710,"nombre":"FUNDACIÓN POLITÉCNICO MINUTO DE DIOS - TEC MD","estado":"Activa","sector":"Privado","caracter":"Institución Técnica Profesional","principal_seccional":"Principal","mpio":"Bogotá, D.C.","depto":"Bogotá, D.C.","direccion":"Trv. 73A N. 81i - 19","web":"tecmd.edu.co","programas_vigentes":23.0,"acreditada":false,"bid":false,"geo_score":100.0,"geo_precision":"calle","geo_aceptacion":"acepta","geo_consulta":"direccion","mmi":5.1,"banda":5.0,"nivel":"V","secretaria":"BOGOTA"},"geometry":{"type":"Point","coordinates":[-74.08988,4.70138]}},{"type":"Feature","properties":{"codigo_ies":4711,"codigo_padre":4711,"nombre":"FUNDACION DE EDUCACION SUPERIOR ESATEC","estado":"Inactiva","sector":"Privado","caracter":"Institución Técnica Profesional","principal_seccional":"Principal","mpio":"Bogotá, D.C.","depto":"Bogotá, D.C.","direccion":"Carrera 10  27-91 Torre C","web":"www.esatec.edu.co","acreditada":false,"bid":false,"geo_score":100.0,"geo_precision":"calle","geo_aceptacion":"acepta","geo_consulta":"direccion","mmi":4.31,"banda":4.0,"nivel":"IV","secretaria":"BOGOTA"},"geometry":{"type":"Point","coordinates":[-74.06942,4.6152]}},{"type":"Feature","properties":{"codigo_ies":4714,"codigo_padre":4714,"nombre":"FUNDACION INTERAMERICANA TECNICA-FIT-","estado":"Activa","sector":"Privado","caracter":"Institución Técnica Profesional","principal_seccional":"Principal","mpio":"Bogotá, D.C.","depto":"Bogotá, D.C.","direccion":"Calle 36  15-63","web":"www.fit.edu.co","programas_vigentes":9.0,"acreditada":false,"bid":false,"geo_score":100.0,"geo_precision":"calle","geo_aceptacion":"acepta","geo_consulta":"direccion","mmi":4.53,"banda":4.5,"nivel":"IV","secretaria":"BOGOTA"},"geometry":{"type":"Point","coordinates":[-74.0707,4.62482]}},{"type":"Feature","properties":{"codigo_ies":4716,"codigo_padre":4716,"nombre":"FUNDACION INSTITUTO DE CARRERAS TECNICAS PROFESIONALES-FIDCI-","estado":"Inactiva","sector":"Privado","caracter":"Institución Técnica Profesional","principal_seccional":"Principal","mpio":"Santiago de Cali","depto":"Valle del Cauca","direccion":"Carrera 12 5-64 Barrio San Bosco","web":"www.futap.net","acreditada":false,"bid":false,"geo_score":94.85,"geo_precision":"centroide","geo_aceptacion":"acepta_con_aviso_baja_precision","geo_consulta":"direccion","mmi":5.88,"banda":5.5,"nivel":"V"},"geometry":{"type":"Point","coordinates":[-76.53594,3.44528]}},{"type":"Feature","properties":{"codigo_ies":4719,"codigo_padre":4719,"nombre":"FUNDACION DE EDUCACION SUPERIOR NUEVA AMERICA","estado":"Activa","sector":"Privado","caracter":"Institución Técnica Profesional","principal_seccional":"Principal","mpio":"Bogotá, D.C.","depto":"Bogotá, D.C.","direccion":"Diagonal 47A Sur No.53-46 Barrio Venecia","web":"www.nuevaamerica.edu.co","programas_vigentes":33.0,"acreditada":false,"bid":false,"geo_score":100.0,"geo_precision":"calle","geo_aceptacion":"acepta","geo_consulta":"nombre","mmi":5.21,"banda":5.0,"nivel":"V","secretaria":"BOGOTA"},"geometry":{"type":"Point","coordinates":[-74.13948,4.59352]}},{"type":"Feature","properties":{"codigo_ies":4721,"codigo_padre":4721,"nombre":"FUNDACION UNIVERSITARIA HORIZONTE","estado":"Activa","sector":"Privado","caracter":"Institución Universitaria/Escuela Tecnológica","principal_seccional":"Principal","mpio":"Bogotá, D.C.","depto":"Bogotá, D.C.","direccion":"Calle 69 No. 14-30","web":"www.insutec.edu.co","programas_vigentes":29.0,"acreditada":false,"bid":false,"geo_score":100.0,"geo_precision":"calle","geo_aceptacion":"acepta","geo_consulta":"direccion","mmi":4.64,"banda":4.5,"nivel":"IV","secretaria":"BOGOTA"},"geometry":{"type":"Point","coordinates":[-74.06311,4.65611]}},{"type":"Feature","properties":{"codigo_ies":4725,"codigo_padre":4725,"nombre":"FUNDACION DE EDUCACION SUPERIOR SIKUANI - FESI","estado":"Inactiva","sector":"Privado","caracter":"Institución Técnica Profesional","principal_seccional":"Principal","mpio":"Bogotá, D.C.","depto":"Bogotá, D.C.","direccion":"Calle 128B 58B-57 Barrio Las Villas","web":"No disponible","acreditada":false,"bid":false,"geo_score":96.3,"geo_precision":"calle","geo_aceptacion":"acepta","geo_consulta":"direccion","mmi":4.79,"banda":4.5,"nivel":"IV","secretaria":"BOGOTA"},"geometry":{"type":"Point","coordinates":[-74.07142,4.71685]}},{"type":"Feature","properties":{"codigo_ies":4726,"codigo_padre":4726,"nombre":"FUNDACION UNIVERSITARIA SAN MATEO - SAN MATEO EDUCACION SUPERIOR","estado":"Activa","sector":"Privado","caracter":"Institución Universitaria/Escuela Tecnológica","principal_seccional":"Principal","mpio":"Bogotá, D.C.","depto":"Bogotá, D.C.","direccion":"Transversal 17 25-25","web":"www.fus.edu.co","programas_vigentes":65.0,"acreditada":false,"bid":false,"geo_score":96.59,"geo_precision":"calle","geo_aceptacion":"acepta","geo_consulta":"direccion","mmi":4.58,"banda":4.5,"nivel":"IV","secretaria":"BOGOTA"},"geometry":{"type":"Point","coordinates":[-74.07018,4.636]}},{"type":"Feature","properties":{"codigo_ies":4727,"codigo_padre":4727,"nombre":"POLITECNICO INTERNACIONAL INSTITUCION DE EDUCACION SUPERIOR","estado":"Activa","sector":"Privado","caracter":"Institución Tecnológica","principal_seccional":"Principal","mpio":"Bogotá, D.C.","depto":"Bogotá, D.C.","direccion":"Calle 73 No. 10-45","web":"www.politecnicointernacional.edu.co","programas_vigentes":38.0,"acreditada":false,"bid":false,"geo_score":100.0,"geo_precision":"calle","geo_aceptacion":"acepta","geo_consulta":"direccion","mmi":4.41,"banda":4.0,"nivel":"IV","secretaria":"BOGOTA"},"geometry":{"type":"Point","coordinates":[-74.0575,4.65786]}},{"type":"Feature","properties":{"codigo_ies":4801,"codigo_padre":4801,"nombre":"CORPORACION ACADEMIA SUPERIOR DE ARTES","estado":"Activa","sector":"Privado","caracter":"Institución Tecnológica","principal_seccional":"Principal","mpio":"Medellín","depto":"Antioquia","direccion":"Cra 79 N. 43-24","web":"www.corpoasa.edu.co","programas_vigentes":7.0,"acreditada":false,"bid":false,"geo_score":100.0,"geo_precision":"calle","geo_aceptacion":"acepta","geo_consulta":"direccion","mmi":5.02,"banda":5.0,"nivel":"V","secretaria":"MEDELLIN"},"geometry":{"type":"Point","coordinates":[-75.59753,6.24991]}},{"type":"Feature","properties":{"codigo_ies":4803,"codigo_padre":4803,"nombre":"CORPORACION POLITECNICO COLOMBO ANDINO","estado":"Activa","sector":"Privado","caracter":"Institución Técnica Profesional","principal_seccional":"Principal","mpio":"Bogotá, D.C.","depto":"Bogotá, D.C.","direccion":"Calle 106ª #17ª - 38","web":"www.polcolan.edu.co","programas_vigentes":4.0,"acreditada":false,"bid":false,"geo_score":100.0,"geo_precision":"calle","geo_aceptacion":"acepta","geo_consulta":"nombre","mmi":4.58,"banda":4.5,"nivel":"IV","secretaria":"BOGOTA"},"geometry":{"type":"Point","coordinates":[-74.07072,4.6308]}},{"type":"Feature","properties":{"codigo_ies":4804,"codigo_padre":4804,"nombre":"CORPORACION EDUCATIVA DEL ORIENTE","estado":"Inactiva","sector":"Privado","caracter":"Institución Técnica Profesional","principal_seccional":"Principal","mpio":"San José de Cúcuta","depto":"Norte de Santander","direccion":"Av 4  15-70","web":"No disponible","acreditada":false,"bid":false,"geo_score":100.0,"geo_precision":"calle","geo_aceptacion":"acepta","geo_consulta":"direccion"},"geometry":{"type":"Point","coordinates":[-72.50173,7.88128]}},{"type":"Feature","properties":{"codigo_ies":4805,"codigo_padre":4805,"nombre":"CORPORACION EDUCATIVA INTERNACIONAL - CEI -","estado":"Inactiva","sector":"Privado","caracter":"Institución Técnica Profesional","principal_seccional":"Principal","mpio":"Bogotá, D.C.","depto":"Bogotá, D.C.","direccion":"Av. Ciudad de Cali 69A - 47","web":"www.corpotec.edu.co","acreditada":false,"bid":false,"geo_score":99.53,"geo_precision":"calle","geo_aceptacion":"acepta","geo_consulta":"direccion","mmi":5.1,"banda":5.0,"nivel":"V","secretaria":"BOGOTA"},"geometry":{"type":"Point","coordinates":[-74.10796,4.69244]}},{"type":"Feature","properties":{"codigo_ies":4806,"codigo_padre":4806,"nombre":"CORPORACION CENTRO DE ESTUDIOS ARTISTICOS Y TECNICOS-CEART-","estado":"Activa","sector":"Privado","caracter":"Institución Técnica Profesional","principal_seccional":"Principal","mpio":"Bogotá, D.C.","depto":"Bogotá, D.C.","direccion":"Calle 42 No.13-26","web":"www.ce-art.edu.co","programas_vigentes":7.0,"acreditada":false,"bid":false,"geo_score":100.0,"geo_precision":"calle","geo_aceptacion":"acepta","geo_consulta":"direccion","mmi":4.35,"banda":4.0,"nivel":"IV","secretaria":"BOGOTA"},"geometry":{"type":"Point","coordinates":[-74.06716,4.62991]}},{"type":"Feature","properties":{"codigo_ies":4808,"codigo_padre":4808,"nombre":"CORPORACION REGIONAL DE EDUCACION SUPERIOR-CRES-DE CALI","estado":"Activa","sector":"Privado","caracter":"Institución Técnica Profesional","principal_seccional":"Principal","mpio":"Santiago de Cali","depto":"Valle del Cauca","direccion":"Calle 6 No. 30ª -23 Av. Roosevel, Barrio El Cedro","web":"www.corpocres.edu.co","programas_vigentes":26.0,"acreditada":false,"bid":false,"geo_score":88.66,"geo_precision":"incierto","geo_aceptacion":"acepta_con_aviso_baja_precision","geo_consulta":"direccion","mmi":5.92,"banda":5.5,"nivel":"V"},"geometry":{"type":"Point","coordinates":[-76.53873,3.43299]}},{"type":"Feature","properties":{"codigo_ies":4809,"codigo_padre":4809,"nombre":"CORPORACION CENTRO TECNICO ARQUITECTONICO","estado":"Inactiva","sector":"Privado","caracter":"Institución Técnica Profesional","principal_seccional":"Principal","mpio":"Pereira","depto":"Risaralda","direccion":"Avenida 30 de Agosto 52-236","web":"www.corporacioncta.edu.co","acreditada":false,"bid":false,"geo_score":100.0,"geo_precision":"calle","geo_aceptacion":"acepta","geo_consulta":"nombre","mmi":6.57,"banda":6.5,"nivel":"VI","secretaria":"PEREIRA"},"geometry":{"type":"Point","coordinates":[-75.69484,4.81027]}},{"type":"Feature","properties":{"codigo_ies":4810,"codigo_padre":4810,"nombre":"CORPORACION UNIVERSITARIA CENDA","estado":"Activa","sector":"Privado","caracter":"Institución Universitaria/Escuela Tecnológica","principal_seccional":"Principal","mpio":"Bogotá, D.C.","depto":"Bogotá, D.C.","direccion":"Av. Caracas 35-18","web":"No disponible","programas_vigentes":16.0,"acreditada":false,"bid":false,"geo_score":100.0,"geo_precision":"calle","geo_aceptacion":"acepta","geo_consulta":"direccion","mmi":4.41,"banda":4.0,"nivel":"IV","secretaria":"BOGOTA"},"geometry":{"type":"Point","coordinates":[-74.06905,4.62391]}},{"type":"Feature","properties":{"codigo_ies":4811,"codigo_padre":4811,"nombre":"CORPORACIÓN UNIFICADA HISPANOAMERICANA DE EDUCACIÓN SUPERIOR","estado":"Activa","sector":"Privado","caracter":"Institución Técnica Profesional","principal_seccional":"Principal","mpio":"Santiago de Cali","depto":"Valle del Cauca","direccion":"Calle 18 Nro 122 Casa 3","web":"corporacion.salamandra.edu.co","programas_vigentes":5.0,"acreditada":false,"bid":false,"geo_score":96.7,"geo_precision":"calle","geo_aceptacion":"acepta","geo_consulta":"direccion","mmi":5.7,"banda":5.5,"nivel":"V"},"geometry":{"type":"Point","coordinates":[-76.53106,3.34213]}},{"type":"Feature","properties":{"codigo_ies":4812,"codigo_padre":4812,"nombre":"CORPORACION DE EDUCACION SUPERIOR SURAMERICA","estado":"Activa","sector":"Privado","caracter":"Institución Técnica Profesional","principal_seccional":"Principal","mpio":"Bogotá, D.C.","depto":"Bogotá, D.C.","direccion":"Avenida Caracas N. 46-57","web":"www.lasmercedes.edu.co","programas_vigentes":21.0,"acreditada":false,"bid":false,"geo_score":100.0,"geo_precision":"calle","geo_aceptacion":"acepta","geo_consulta":"direccion","mmi":4.41,"banda":4.0,"nivel":"IV","secretaria":"BOGOTA"},"geometry":{"type":"Point","coordinates":[-74.0676,4.63402]}},{"type":"Feature","properties":{"codigo_ies":4813,"codigo_padre":4813,"nombre":"CORPORACION UNIFICADA NACIONAL DE EDUCACION SUPERIOR-CUN-","estado":"Activa","sector":"Privado","caracter":"Institución Técnica Profesional","principal_seccional":"Principal","mpio":"Bogotá, D.C.","depto":"Bogotá, D.C.","direccion":"Carrera 5  12-64  La Candelaria","web":"www.cun.edu.co","programas_vigentes":250.0,"acreditada":false,"bid":false,"geo_score":100.0,"geo_precision":"calle","geo_aceptacion":"acepta","geo_consulta":"nombre","mmi":5.11,"banda":5.0,"nivel":"V","secretaria":"BOGOTA"},"geometry":{"type":"Point","coordinates":[-74.10313,4.62305]}},{"type":"Feature","properties":{"codigo_ies":4814,"codigo_padre":4814,"nombre":"CORPORACION DE EDUCACION SUPERIOR MIGUEL CAMACHO PEREA","estado":"Inactiva","sector":"Privado","caracter":"Institución Técnica Profesional","principal_seccional":"Principal","mpio":"Santiago de Cali","depto":"Valle del Cauca","direccion":"Avenida 3 Norte #44-100 Barrio  La Merced","web":"NO DISPONIBLE","acreditada":false,"bid":false,"geo_score":89.21,"geo_precision":"incierto","geo_aceptacion":"acepta_con_aviso_baja_precision","geo_consulta":"direccion","mmi":5.72,"banda":5.5,"nivel":"V"},"geometry":{"type":"Point","coordinates":[-76.54016,3.45097]}},{"type":"Feature","properties":{"codigo_ies":4817,"codigo_padre":4817,"nombre":"CORPORACION DE EDUCACIÓN SUPERIOR DEL LITORAL","estado":"Activa","sector":"Privado","caracter":"Institución Técnica Profesional","principal_seccional":"Principal","mpio":"Barranquilla","depto":"Atlántico","direccion":"CL79 # 42F-110","web":"www.litoral.edu.co","programas_vigentes":34.0,"acreditada":false,"bid":false,"geo_score":99.5,"geo_precision":"calle","geo_aceptacion":"acepta","geo_consulta":"direccion","secretaria":"BARRANQUILLA"},"geometry":{"type":"Point","coordinates":[-74.81375,10.99489]}},{"type":"Feature","properties":{"codigo_ies":4818,"codigo_padre":4818,"nombre":"CORPORACION UNIVERSITARIA LATINOAMERICANA - CUL","estado":"Activa","sector":"Privado","caracter":"Institución Universitaria/Escuela Tecnológica","principal_seccional":"Principal","mpio":"Barranquilla","depto":"Atlántico","direccion":"Calle  58  55-24A","web":"www.ul.edu.co","programas_vigentes":15.0,"acreditada":false,"bid":false,"geo_score":99.78,"geo_precision":"calle","geo_aceptacion":"acepta","geo_consulta":"direccion","secretaria":"BARRANQUILLA"},"geometry":{"type":"Point","coordinates":[-74.79129,10.99458]}},{"type":"Feature","properties":{"codigo_ies":4822,"codigo_padre":4822,"nombre":"CORPORACION ESCUELA DE ARTES Y LETRAS","estado":"Activa","sector":"Privado","caracter":"Institución Universitaria/Escuela Tecnológica","principal_seccional":"Principal","mpio":"Bogotá, D.C.","depto":"Bogotá, D.C.","direccion":"Carrera 12  70-44/46","web":"www.artesyletras.com.co","programas_vigentes":22.0,"acreditada":false,"bid":false,"geo_score":100.0,"geo_precision":"calle","geo_aceptacion":"acepta","geo_consulta":"nombre","mmi":5.29,"banda":5.0,"nivel":"V","secretaria":"BOGOTA"},"geometry":{"type":"Point","coordinates":[-74.15408,4.60308]}},{"type":"Feature","properties":{"codigo_ies":4825,"codigo_padre":4825,"nombre":"CORPORACION INSTITUTO DE ADMINISTRACION Y FINANZAS - CIAF","estado":"Activa","sector":"Privado","caracter":"Institución Técnica Profesional","principal_seccional":"Principal","mpio":"Pereira","depto":"Risaralda","direccion":"Carrera 6 24-56","web":"www.ciaf.edu.co","programas_vigentes":13.0,"acreditada":false,"bid":false,"geo_score":100.0,"geo_precision":"calle","geo_aceptacion":"acepta","geo_consulta":"direccion","mmi":6.6,"banda":6.5,"nivel":"VI","secretaria":"PEREIRA"},"geometry":{"type":"Point","coordinates":[-75.6989,4.81614]}},{"type":"Feature","properties":{"codigo_ies":4826,"codigo_padre":4826,"nombre":"CORPORACION UNIVERSITARIA REGIONAL DEL CARIBE -IAFIC-","estado":"Activa","sector":"Privado","caracter":"Institución Universitaria/Escuela Tecnológica","principal_seccional":"Principal","mpio":"Cartagena de Indias","depto":"Bolívar","direccion":"Pie del Cerro, Av.Pedro Heredia 18B-17","web":"www.iafic.edu.co","programas_vigentes":2.0,"acreditada":false,"bid":false,"geo_score":100.0,"geo_precision":"calle","geo_aceptacion":"acepta","geo_consulta":"nombre"},"geometry":{"type":"Point","coordinates":[-75.53624,10.42208]}},{"type":"Feature","properties":{"codigo_ies":4827,"codigo_padre":4827,"nombre":"CORPORACION EDUCATIVA INSTITUTO TECNICO SUPERIOR DE ARTES, IDEARTES","estado":"Activa","sector":"Privado","caracter":"Institución Técnica Profesional","principal_seccional":"Principal","mpio":"Medellín","depto":"Antioquia","direccion":"Calle 47  42-39","web":"www.institutodeartes.edu.co","acreditada":false,"bid":false,"geo_score":100.0,"geo_precision":"calle","geo_aceptacion":"acepta","geo_consulta":"direccion","mmi":4.88,"banda":4.5,"nivel":"IV","secretaria":"MEDELLIN"},"geometry":{"type":"Point","coordinates":[-75.56361,6.24405]}},{"type":"Feature","properties":{"codigo_ies":4829,"codigo_padre":4829,"nombre":"CORPORACION INTERAMERICANA DE EDUCACION SUPERIOR-CORPOCIDES","estado":"Activa","sector":"Privado","caracter":"Institución Técnica Profesional","principal_seccional":"Principal","mpio":"Bucaramanga","depto":"Santander","direccion":"Carrera 26  50-73","web":"www.interamericana.edu.co","programas_vigentes":6.0,"acreditada":false,"bid":false,"geo_score":100.0,"geo_precision":"calle","geo_aceptacion":"acepta","geo_consulta":"direccion","secretaria":"BUCARAMANGA"},"geometry":{"type":"Point","coordinates":[-73.11635,7.1154]}},{"type":"Feature","properties":{"codigo_ies":4832,"codigo_padre":4832,"nombre":"CORPORACION INSTITUTO SUPERIOR DE EDUCACION SOCIAL-ISES-","estado":"Activa","sector":"Privado","caracter":"Institución Técnica Profesional","principal_seccional":"Principal","mpio":"Bogotá, D.C.","depto":"Bogotá, D.C.","direccion":"Carrera 23  63 - 36","web":"www.ises.edu.co","programas_vigentes":12.0,"acreditada":false,"bid":false,"geo_score":100.0,"geo_precision":"calle","geo_aceptacion":"acepta","geo_consulta":"direccion","mmi":4.88,"banda":4.5,"nivel":"IV","secretaria":"BOGOTA"},"geometry":{"type":"Point","coordinates":[-74.07164,4.65139]}},{"type":"Feature","properties":{"codigo_ies":4835,"codigo_padre":4835,"nombre":"CORPORACION UNIVERSITARIA TALLER CINCO CENTRO DE DISEÑO","estado":"Activa","sector":"Privado","caracter":"Institución Universitaria/Escuela Tecnológica","principal_seccional":"Principal","mpio":"Bogotá, D.C.","depto":"Bogotá, D.C.","direccion":"Autopista Norte Km. 19 (Via a Chia)","web":"www taller5.edu.co","programas_vigentes":14.0,"acreditada":false,"bid":false,"geo_score":85.6,"geo_precision":"incierto","geo_aceptacion":"acepta_con_aviso_baja_precision","geo_consulta":"direccion","mmi":5.5,"banda":5.0,"nivel":"V","secretaria":"BOGOTA"},"geometry":{"type":"Point","coordinates":[-74.05057,4.72281]}},{"type":"Feature","properties":{"codigo_ies":4837,"codigo_padre":4837,"nombre":"CORPORACION UNIVERSITARIA DE CIENCIAS EMPRESARIALES, EDUCACION Y SALUD -UNICORSALUD-","estado":"Activa","sector":"Privado","caracter":"Institución Universitaria/Escuela Tecnológica","principal_seccional":"Principal","mpio":"Barranquilla","depto":"Atlántico","direccion":"Carrera 53   59-70","web":"www.corsalud.cjb.net","programas_vigentes":15.0,"acreditada":false,"bid":false,"geo_score":100.0,"geo_precision":"calle","geo_aceptacion":"acepta","geo_consulta":"direccion","secretaria":"BARRANQUILLA"},"geometry":{"type":"Point","coordinates":[-74.7937,10.99357]}},{"type":"Feature","properties":{"codigo_ies":4838,"codigo_padre":4838,"nombre":"CORPORACION BOLIVARIANA DE EDUCACION SUPERIOR - CORBES -","estado":"Inactiva","sector":"Privado","caracter":"Institución Técnica Profesional","principal_seccional":"Principal","mpio":"San José de Cúcuta","depto":"Norte de Santander","direccion":"Avda 1 No. 2 - 63 Barrio Lleras","web":"www.corbes.edu.co","acreditada":false,"bid":false,"geo_score":98.03,"geo_precision":"calle","geo_aceptacion":"acepta","geo_consulta":"direccion"},"geometry":{"type":"Point","coordinates":[-72.5011,7.89514]}},{"type":"Feature","properties":{"codigo_ies":5801,"codigo_padre":5801,"nombre":"CORPORACION ESCUELA TECNOLOGICA DEL ORIENTE","estado":"Activa","sector":"Privado","caracter":"Institución Universitaria/Escuela Tecnológica","principal_seccional":"Principal","mpio":"Bucaramanga","depto":"Santander","direccion":"Calle 41 10-30 Barrio Alfonso López","web":"www.tecnologicadeloriente.edu.co","programas_vigentes":20.0,"acreditada":false,"bid":false,"geo_score":94.27,"geo_precision":"centroide","geo_aceptacion":"acepta_con_aviso_baja_precision","geo_consulta":"direccion","mmi":4.27,"banda":4.0,"nivel":"IV","secretaria":"BUCARAMANGA"},"geometry":{"type":"Point","coordinates":[-73.12976,7.11577]}},{"type":"Feature","properties":{"codigo_ies":5802,"codigo_padre":5802,"nombre":"UNIVERSIDAD ECCI","estado":"Activa","sector":"Privado","caracter":"Universidad","principal_seccional":"Principal","mpio":"Bogotá, D.C.","depto":"Bogotá, D.C.","direccion":"Carrera 19  49-20","web":"www.ecci.edu.co","programas_vigentes":74.0,"acreditada":false,"bid":false,"geo_score":100.0,"geo_precision":"calle","geo_aceptacion":"acepta","geo_consulta":"direccion","mmi":4.66,"banda":4.5,"nivel":"IV","secretaria":"BOGOTA"},"geometry":{"type":"Point","coordinates":[-74.07123,4.63744]}},{"type":"Feature","properties":{"codigo_ies":9101,"codigo_padre":9101,"nombre":"ESCUELA DE INVESTIGACION CRIMINAL","estado":"Inactiva","sector":"Oficial","caracter":"Institución Técnica Profesional","principal_seccional":"Principal","mpio":"Bogotá, D.C.","depto":"Bogotá, D.C.","direccion":"Av. Caracas   2 - 65 Sur","web":"www.policia.gov.co","acreditada":false,"bid":false,"geo_score":99.23,"geo_precision":"calle","geo_aceptacion":"acepta","geo_consulta":"direccion","mmi":4.81,"banda":4.5,"nivel":"IV","secretaria":"BOGOTA"},"geometry":{"type":"Point","coordinates":[-74.08687,4.59452]}},{"type":"Feature","properties":{"codigo_ies":9102,"codigo_padre":9102,"nombre":"ESCUELA DE SUBOFICIALES FAC -CAPITÁN ANDRÉS M. DÍAZ-","estado":"Activa","sector":"Oficial","caracter":"Institución Tecnológica","principal_seccional":"Principal","mpio":"Madrid","depto":"Cundinamarca","direccion":"Madrid (Cundinamarca)","web":"www.esufa.edu.co","programas_vigentes":12.0,"acreditada":true,"bid":false,"geo_score":88.2,"geo_precision":"centroide_municipio","geo_aceptacion":"acepta_centroide","geo_consulta":"direccion","mmi":5.39,"banda":5.0,"nivel":"V","secretaria":"CUNDINAMARCA"},"geometry":{"type":"Point","coordinates":[-74.26663,4.73339]}},{"type":"Feature","properties":{"codigo_ies":9103,"codigo_padre":9103,"nombre":"ESCUELA MILITAR DE AVIACION MARCO FIDEL SUAREZ","estado":"Activa","sector":"Oficial","caracter":"Institución Universitaria/Escuela Tecnológica","principal_seccional":"Principal","mpio":"Santiago de Cali","depto":"Valle del Cauca","direccion":"Carrera  8  58-67","web":"www.emavi.edu.co","programas_vigentes":5.0,"acreditada":true,"bid":false,"geo_score":100.0,"geo_precision":"calle","geo_aceptacion":"acepta","geo_consulta":"direccion","mmi":6.3,"banda":6.0,"nivel":"VI"},"geometry":{"type":"Point","coordinates":[-76.49349,3.45258]}},{"type":"Feature","properties":{"codigo_ies":9104,"codigo_padre":9104,"nombre":"ESCUELA MILITAR DE CADETES GENERAL JOSE MARIA CORDOVA","estado":"Activa","sector":"Oficial","caracter":"Institución Universitaria/Escuela Tecnológica","principal_seccional":"Principal","mpio":"Bogotá, D.C.","depto":"Bogotá, D.C.","direccion":"Calle  80  38-00 (Avenida Suba)","web":"www.esmic.edu.co","programas_vigentes":8.0,"acreditada":true,"bid":false,"geo_score":100.0,"geo_precision":"calle","geo_aceptacion":"acepta","geo_consulta":"nombre","mmi":5.04,"banda":5.0,"nivel":"V","secretaria":"BOGOTA"},"geometry":{"type":"Point","coordinates":[-74.06998,4.67919]}},{"type":"Feature","properties":{"codigo_ies":9105,"codigo_padre":9105,"nombre":"ESCUELA NAVAL DE CADETES ALMIRANTE PADILLA","estado":"Activa","sector":"Oficial","caracter":"Universidad","principal_seccional":"Principal","mpio":"Cartagena de Indias","depto":"Bolívar","direccion":"Barrio Manzanillo, Avenida El Bosque","web":"www.escuelanaval.edu.co","programas_vigentes":15.0,"acreditada":true,"bid":false,"geo_score":100.0,"geo_precision":"calle","geo_aceptacion":"acepta","geo_consulta":"nombre"},"geometry":{"type":"Point","coordinates":[-75.53028,10.39051]}},{"type":"Feature","properties":{"codigo_ies":9107,"codigo_padre":9107,"nombre":"ESCUELA DE INGENIEROS MILITARES","estado":"Activa","sector":"Oficial","caracter":"Institución Universitaria/Escuela Tecnológica","principal_seccional":"Principal","mpio":"Bogotá, D.C.","depto":"Bogotá, D.C.","direccion":"Carrera  50 #18-06 Puente Aranda","web":"www.esing.mil.co","programas_vigentes":7.0,"acreditada":false,"bid":false,"geo_score":100.0,"geo_precision":"calle","geo_aceptacion":"acepta","geo_consulta":"nombre","mmi":5.1,"banda":5.0,"nivel":"V","secretaria":"BOGOTA"},"geometry":{"type":"Point","coordinates":[-74.10336,4.63113]}},{"type":"Feature","properties":{"codigo_ies":9108,"codigo_padre":9108,"nombre":"INSTITUTO CARO Y CUERVO","estado":"Activa","sector":"Oficial","caracter":"Institución Universitaria/Escuela Tecnológica","principal_seccional":"Principal","mpio":"Bogotá, D.C.","depto":"Bogotá, D.C.","direccion":"Calle 10  4-69","web":"www.caroycuervo.gov.co","programas_vigentes":6.0,"acreditada":false,"bid":false,"geo_score":100.0,"geo_precision":"calle","geo_aceptacion":"acepta","geo_consulta":"direccion","mmi":4.3,"banda":4.0,"nivel":"IV","secretaria":"BOGOTA"},"geometry":{"type":"Point","coordinates":[-74.07381,4.59602]}},{"type":"Feature","properties":{"codigo_ies":9109,"codigo_padre":9109,"nombre":"INSTITUTO TECNOLOGICO DE ELECTRONICA Y COMUNICACIONES-ITEC-","estado":"Inactiva","sector":"Oficial","caracter":"Institución Tecnológica","principal_seccional":"Principal","mpio":"Bogotá, D.C.","depto":"Bogotá, D.C.","direccion":"Trv 49 No. 105-84","web":"www.prueba.com.co","acreditada":false,"bid":false,"geo_score":93.19,"geo_precision":"centroide","geo_aceptacion":"acepta_con_aviso_baja_precision","geo_consulta":"direccion","mmi":4.68,"banda":4.5,"nivel":"IV","secretaria":"BOGOTA"},"geometry":{"type":"Point","coordinates":[-74.15455,4.57852]}},{"type":"Feature","properties":{"codigo_ies":9110,"codigo_padre":9110,"nombre":"SERVICIO NACIONAL DE APRENDIZAJE-SENA-","estado":"Activa","sector":"Oficial","caracter":"Institución Tecnológica","principal_seccional":"Principal","mpio":"Bogotá, D.C.","depto":"Bogotá, D.C.","direccion":"Carrera 13 No. 65-10","web":"www.sena.edu.co","programas_vigentes":1525.0,"acreditada":false,"bid":false,"geo_score":100.0,"geo_precision":"calle","geo_aceptacion":"acepta","geo_consulta":"direccion","mmi":4.54,"banda":4.5,"nivel":"IV","secretaria":"BOGOTA"},"geometry":{"type":"Point","coordinates":[-74.06301,4.65191]}},{"type":"Feature","properties":{"codigo_ies":9111,"codigo_padre":9110,"nombre":"SERVICIO NACIONAL DE APRENDIZAJE-SENA-","estado":"Activa","sector":"Oficial","caracter":"Institución Tecnológica","principal_seccional":"Seccional","mpio":"Santiago de Cali","depto":"Valle del Cauca","direccion":"Carrera (Avenida Guadalupe) No.3 - 88","web":"www.senavalle.edu.co","acreditada":false,"bid":false,"geo_score":86.66,"geo_precision":"incierto","geo_aceptacion":"acepta_con_aviso_baja_precision","geo_consulta":"direccion","mmi":5.36,"banda":5.0,"nivel":"V"},"geometry":{"type":"Point","coordinates":[-76.58993,3.46612]}},{"type":"Feature","properties":{"codigo_ies":9112,"codigo_padre":9110,"nombre":"SERVICIO NACIONAL DE APRENDIZAJE-SENA-","estado":"Activa","sector":"Oficial","caracter":"Institución Tecnológica","principal_seccional":"Seccional","mpio":"Medellín","depto":"Antioquia","direccion":"Calle 51  57-70","web":"www.senamed.edu.co","acreditada":false,"bid":false,"geo_score":100.0,"geo_precision":"calle","geo_aceptacion":"acepta","geo_consulta":"nombre","mmi":4.71,"banda":4.5,"nivel":"IV","secretaria":"MEDELLIN"},"geometry":{"type":"Point","coordinates":[-75.56866,6.30121]}},{"type":"Feature","properties":{"codigo_ies":9113,"codigo_padre":9110,"nombre":"SERVICIO NACIONAL DE APRENDIZAJE-SENA-","estado":"Activa","sector":"Oficial","caracter":"Institución Tecnológica","principal_seccional":"Seccional","mpio":"Mosquera","depto":"Cundinamarca","direccion":"Km. 16 Via Bogota- Mosquera","web":"www.sena.edu.co","acreditada":false,"bid":false,"geo_score":100.0,"geo_precision":"calle","geo_aceptacion":"acepta","geo_consulta":"nombre","mmi":5.4,"banda":5.0,"nivel":"V","secretaria":"MOSQUERA"},"geometry":{"type":"Point","coordinates":[-74.21993,4.69451]}},{"type":"Feature","properties":{"codigo_ies":9114,"codigo_padre":9110,"nombre":"SERVICIO NACIONAL DE APRENDIZAJE-SENA-","estado":"Activa","sector":"Oficial","caracter":"Institución Tecnológica","principal_seccional":"Seccional","mpio":"Armenia","depto":"Quindío","direccion":"Carrera 19  7-75","web":"www.sena.edu.co","acreditada":false,"bid":false,"geo_score":100.0,"geo_precision":"calle","geo_aceptacion":"acepta","geo_consulta":"direccion","mmi":6.6,"banda":6.5,"nivel":"VI","secretaria":"ARMENIA"},"geometry":{"type":"Point","coordinates":[-75.66872,4.54133]}},{"type":"Feature","properties":{"codigo_ies":9115,"codigo_padre":9110,"nombre":"SERVICIO NACIONAL DE APRENDIZAJE-SENA-","estado":"Activa","sector":"Oficial","caracter":"Institución Tecnológica","principal_seccional":"Seccional","mpio":"Guadalajara de Buga","depto":"Valle del Cauca","direccion":"Variante Tulua- Buenaventura","web":"www.sena.edu.co","acreditada":false,"bid":false,"geo_score":84.13,"geo_precision":"centroide_municipio","geo_aceptacion":"acepta_centroide","geo_consulta":"direccion","mmi":6.27,"banda":6.0,"nivel":"VI"},"geometry":{"type":"Point","coordinates":[-76.29783,3.90089]}},{"type":"Feature","properties":{"codigo_ies":9116,"codigo_padre":9116,"nombre":"FUNDACION UNIVERSITARIA CLARETIANA - UNICLARETIANA","estado":"Activa","sector":"Privado","caracter":"Institución Universitaria/Escuela Tecnológica","principal_seccional":"Principal","mpio":"Quibdó","depto":"Chocó","direccion":"Calle 20 No 5 - 66 Barrio La Yesquita","web":"www.fucla.edu.co","programas_vigentes":22.0,"acreditada":false,"bid":false,"geo_score":87.81,"geo_precision":"incierto","geo_aceptacion":"acepta_con_aviso_baja_precision","geo_consulta":"nombre","mmi":6.5,"banda":6.5,"nivel":"VI","secretaria":"QUIBDÓ","dano_fuente":"noticia","dano_estado":"colapso","dano_subtipo":"colapso_sd","dano_quien":"El Observatorio de la Universidad Colombiana","dano_cita":"La Fundación Universitaria Claretiana (UniClaretiana) tuvo caída de paredes y derrumbes que afectaron la infraestructura y vehículos.","dano_medio":"El Observatorio de la Universidad Colombiana","dano_url":"https://www.universidad.edu.co/terremoto-en-colombia-perdidas-aun-no-dimensionadas-en-las-universidades-aflora-la-solidaridad-sectorial/","dano_fecha":"2026-08-13"},"geometry":{"type":"Point","coordinates":[-76.66007,5.68544]}},{"type":"Feature","properties":{"codigo_ies":9117,"codigo_padre":9117,"nombre":"ESCUELA INTERNACIONAL DE ESTUDIOS SUPERIORES - INTER","estado":"Activa","sector":"Privado","caracter":"Institución Técnica Profesional","principal_seccional":"Principal","mpio":"Bogotá, D.C.","depto":"Bogotá, D.C.","direccion":"Av. Caracas No. 35-38","web":"http://inter.edu.co/","programas_vigentes":2.0,"acreditada":false,"bid":false,"geo_score":100.0,"geo_precision":"calle","geo_aceptacion":"acepta","geo_consulta":"direccion","mmi":4.41,"banda":4.0,"nivel":"IV","secretaria":"BOGOTA"},"geometry":{"type":"Point","coordinates":[-74.06903,4.62408]}},{"type":"Feature","properties":{"codigo_ies":9119,"codigo_padre":9119,"nombre":"CORPORACION UNIVERSITARIA AMERICANA","estado":"Activa","sector":"Privado","caracter":"Institución Universitaria/Escuela Tecnológica","principal_seccional":"Principal","mpio":"Barranquilla","depto":"Atlántico","direccion":"Calle 71 No. 41C -35, Edificio COSMOS, Bloque D.","web":"www.americana.edu.co","programas_vigentes":181.0,"acreditada":false,"bid":false,"geo_score":100.0,"geo_precision":"calle","geo_aceptacion":"acepta","geo_consulta":"nombre","secretaria":"BARRANQUILLA"},"geometry":{"type":"Point","coordinates":[-74.79685,10.99594]}},{"type":"Feature","properties":{"codigo_ies":9120,"codigo_padre":9120,"nombre":"FUNDACION UNIVERSITARIA BELLAS ARTES","estado":"Activa","sector":"Privado","caracter":"Institución Universitaria/Escuela Tecnológica","principal_seccional":"Principal","mpio":"Medellín","depto":"Antioquia","direccion":"Palacio Bellas Artes, Calle 52 No. 42-08","web":"www.bellasartesmed.edu.co","programas_vigentes":6.0,"acreditada":false,"bid":false,"geo_score":100.0,"geo_precision":"calle","geo_aceptacion":"acepta","geo_consulta":"nombre","mmi":4.84,"banda":4.5,"nivel":"IV","secretaria":"MEDELLIN"},"geometry":{"type":"Point","coordinates":[-75.56142,6.24847]}},{"type":"Feature","properties":{"codigo_ies":9121,"codigo_padre":9121,"nombre":"FUNDACION UNIVERSITARIA COLOMBO INTERNACIONAL - UNICOLOMBO","estado":"Activa","sector":"Privado","caracter":"Institución Universitaria/Escuela Tecnológica","principal_seccional":"Principal","mpio":"Cartagena de Indias","depto":"Bolívar","direccion":"Centro, Calle de la Factoria 36-27","web":"www.unicolombo.edu.co","programas_vigentes":15.0,"acreditada":false,"bid":false,"geo_score":94.05,"geo_precision":"centroide","geo_aceptacion":"acepta_con_aviso_baja_precision","geo_consulta":"nombre"},"geometry":{"type":"Point","coordinates":[-75.55212,10.42506]}},{"type":"Feature","properties":{"codigo_ies":9122,"codigo_padre":1735,"nombre":"UNIVERSIDAD MANUELA BELTRAN-UMB-","estado":"Activa","sector":"Privado","caracter":"Universidad","principal_seccional":"Seccional","mpio":"Bucaramanga","depto":"Santander","direccion":"Calle de los Estudiantes 10-20 Ciudadela Real de Minas","web":"www.umb.edu.co","programas_vigentes":18.0,"acreditada":true,"bid":false,"geo_score":98.63,"geo_precision":"calle","geo_aceptacion":"acepta","geo_consulta":"direccion","secretaria":"BUCARAMANGA"},"geometry":{"type":"Point","coordinates":[-73.12349,7.10713]}},{"type":"Feature","properties":{"codigo_ies":9123,"codigo_padre":1826,"nombre":"UNIVERSIDAD ANTONIO NARIÑO","estado":"Activa","sector":"Privado","caracter":"Universidad","principal_seccional":"Seccional","mpio":"Neiva","depto":"Huila","direccion":"Clle 7 #3-27 y Clle 19 #42-98","web":"http://www.uan.edu.co/design/sedes/home.htm","acreditada":false,"bid":false,"geo_score":100.0,"geo_precision":"calle","geo_aceptacion":"acepta","geo_consulta":"nombre","mmi":5.12,"banda":5.0,"nivel":"V","secretaria":"NEIVA"},"geometry":{"type":"Point","coordinates":[-75.28133,2.929]}},{"type":"Feature","properties":{"codigo_ies":9124,"codigo_padre":9124,"nombre":"TECNOLOGICO COREDI","estado":"Activa","sector":"Privado","caracter":"Institución Tecnológica","principal_seccional":"Principal","mpio":"Marinilla","depto":"Antioquia","direccion":"Calle 30 #36-11","web":"www.coredi.edu.co","programas_vigentes":7.0,"acreditada":false,"bid":false,"geo_score":100.0,"geo_precision":"calle","geo_aceptacion":"acepta","geo_consulta":"direccion","mmi":5.67,"banda":5.5,"nivel":"V","secretaria":"ANTIOQUIA"},"geometry":{"type":"Point","coordinates":[-75.33884,6.17534]}},{"type":"Feature","properties":{"codigo_ies":9125,"codigo_padre":1201,"nombre":"UNIVERSIDAD DE ANTIOQUIA","estado":"Activa","sector":"Oficial","caracter":"Universidad","principal_seccional":"Seccional","mpio":"Santa Fé de Antioquia","depto":"Antioquia","direccion":"Calle 9 7-36 Diagonal al Comando de Policia","web":"www.udea.edu.co","acreditada":true,"bid":false,"bid_de":1201,"geo_score":96.29,"geo_precision":"calle","geo_aceptacion":"acepta","geo_consulta":"direccion","mmi":5.28,"banda":5.0,"nivel":"V"},"geometry":{"type":"Point","coordinates":[-75.82653,6.55499]}},{"type":"Feature","properties":{"codigo_ies":9126,"codigo_padre":9126,"nombre":"CORPORACION TECNOLOGICA INDOAMERICA","estado":"Activa","sector":"Privado","caracter":"Institución Tecnológica","principal_seccional":"Principal","mpio":"Barranquilla","depto":"Atlántico","direccion":"Carrera 46 Calle 57 Esquina","web":"www.indoamerica.edu.co","programas_vigentes":5.0,"acreditada":false,"bid":false,"geo_score":100.0,"geo_precision":"calle","geo_aceptacion":"acepta","geo_consulta":"nombre","secretaria":"BARRANQUILLA"},"geometry":{"type":"Point","coordinates":[-74.79639,10.96389]}},{"type":"Feature","properties":{"codigo_ies":9127,"codigo_padre":9127,"nombre":"CORPORACION UNIVERSITARIA DE SABANETA - UNISABANETA","estado":"Activa","sector":"Privado","caracter":"Institución Universitaria/Escuela Tecnológica","principal_seccional":"Principal","mpio":"Sabaneta","depto":"Antioquia","direccion":"Calle 75 sur #34-120","web":"www.unisabaneta.edu.co","programas_vigentes":20.0,"acreditada":false,"bid":false,"geo_score":97.38,"geo_precision":"calle","geo_aceptacion":"acepta","geo_consulta":"direccion","mmi":4.82,"banda":4.5,"nivel":"IV","secretaria":"SABANETA"},"geometry":{"type":"Point","coordinates":[-75.61225,6.14232]}},{"type":"Feature","properties":{"codigo_ies":9128,"codigo_padre":9128,"nombre":"LCI - FUNDACION TECNOLOGICA","estado":"Activa","sector":"Privado","caracter":"Institución Tecnológica","principal_seccional":"Principal","mpio":"Bogotá, D.C.","depto":"Bogotá, D.C.","direccion":"Calle 77 A N. 13 - 12 Barrio El Espartillal","web":"No disponible","programas_vigentes":17.0,"acreditada":false,"bid":false,"geo_score":98.57,"geo_precision":"calle","geo_aceptacion":"acepta","geo_consulta":"direccion","mmi":4.56,"banda":4.5,"nivel":"IV","secretaria":"BOGOTA"},"geometry":{"type":"Point","coordinates":[-74.05711,4.66335]}},{"type":"Feature","properties":{"codigo_ies":9129,"codigo_padre":9129,"nombre":"FUNDACION UNIVERSITARIA CAFAM -UNICAFAM","estado":"Activa","sector":"Privado","caracter":"Institución Universitaria/Escuela Tecnológica","principal_seccional":"Principal","mpio":"Bogotá, D.C.","depto":"Bogotá, D.C.","direccion":"AVENIDA CRA 68 #90-88","web":"www.unicafam.edu.co","programas_vigentes":22.0,"acreditada":false,"bid":false,"geo_score":100.0,"geo_precision":"calle","geo_aceptacion":"acepta","geo_consulta":"direccion","mmi":5.1,"banda":5.0,"nivel":"V","secretaria":"BOGOTA"},"geometry":{"type":"Point","coordinates":[-74.07498,4.68672]}},{"type":"Feature","properties":{"codigo_ies":9130,"codigo_padre":9130,"nombre":"INSTITUTO TECNOLOGICO COMFAMILIAR DE PUTUMAYO","estado":"Inactiva","sector":"Privado","caracter":"Institución Tecnológica","principal_seccional":"Principal","mpio":"Puerto Asís","depto":"Putumayo","direccion":"Clle 11 Cra 17 esquina","web":"no diponible","acreditada":false,"bid":false,"geo_score":96.02,"geo_precision":"calle","geo_aceptacion":"acepta","geo_consulta":"direccion","secretaria":"PUTUMAYO"},"geometry":{"type":"Point","coordinates":[-76.50251,0.49633]}},{"type":"Feature","properties":{"codigo_ies":9131,"codigo_padre":9131,"nombre":"FUNDACIÓN UNIVERSITARIA CERVANTES SAN AGUSTÍN - UNICERVANTES","estado":"Activa","sector":"Privado","caracter":"Institución Universitaria/Escuela Tecnológica","principal_seccional":"Principal","mpio":"Bogotá, D.C.","depto":"Bogotá, D.C.","direccion":"Calle 77#11-63","web":"www.unicervantes.edu.co","programas_vigentes":26.0,"acreditada":false,"bid":false,"geo_score":100.0,"geo_precision":"calle","geo_aceptacion":"acepta","geo_consulta":"direccion","mmi":4.49,"banda":4.0,"nivel":"IV","secretaria":"BOGOTA"},"geometry":{"type":"Point","coordinates":[-74.05633,4.66198]}},{"type":"Feature","properties":{"codigo_ies":9132,"codigo_padre":9132,"nombre":"FUNDACION UNIVERSITARIA CIEO - UNICIEO","estado":"Activa","sector":"Privado","caracter":"Institución Universitaria/Escuela Tecnológica","principal_seccional":"Principal","mpio":"Bogotá, D.C.","depto":"Bogotá, D.C.","direccion":"Cra 5 N° 118-10","web":"no disponible","programas_vigentes":5.0,"acreditada":false,"bid":false,"geo_score":100.0,"geo_precision":"calle","geo_aceptacion":"acepta","geo_consulta":"direccion","mmi":4.44,"banda":4.0,"nivel":"IV","secretaria":"BOGOTA"},"geometry":{"type":"Point","coordinates":[-74.02971,4.69446]}},{"type":"Feature","properties":{"codigo_ies":9899,"codigo_padre":9899,"nombre":"INSTITUCION UNIVERSITARIA DE COLOMBIA - UNIVERSITARIA DE COLOMBIA","estado":"Activa","sector":"Privado","caracter":"Institución Universitaria/Escuela Tecnológica","principal_seccional":"Principal","mpio":"Bogotá, D.C.","depto":"Bogotá, D.C.","direccion":"Carrera 7  35-85","web":"www.universitariadecolombia.edu.co","programas_vigentes":30.0,"acreditada":false,"bid":false,"geo_score":100.0,"geo_precision":"calle","geo_aceptacion":"acepta","geo_consulta":"direccion","mmi":4.24,"banda":4.0,"nivel":"IV","secretaria":"BOGOTA"},"geometry":{"type":"Point","coordinates":[-74.06657,4.62316]}},{"type":"Feature","properties":{"codigo_ies":9900,"codigo_padre":9900,"nombre":"CORPORACION UNIVERSITARIA U DE COLOMBIA","estado":"Activa","sector":"Privado","caracter":"Institución Universitaria/Escuela Tecnológica","principal_seccional":"Principal","mpio":"Medellín","depto":"Antioquia","direccion":"Calle 56 #41-147","web":"www.udecolombia.edu.co","programas_vigentes":29.0,"acreditada":false,"bid":false,"geo_score":100.0,"geo_precision":"calle","geo_aceptacion":"acepta","geo_consulta":"direccion","mmi":4.79,"banda":4.5,"nivel":"IV","secretaria":"MEDELLIN"},"geometry":{"type":"Point","coordinates":[-75.56045,6.25117]}},{"type":"Feature","properties":{"codigo_ies":9901,"codigo_padre":9901,"nombre":"INSTITUCION UNIVERSITARIA CENTRO DE ESTUDIOS SUPERIORES MARIA GORETTI","estado":"Inactiva","sector":"Privado","caracter":"Institución Tecnológica","principal_seccional":"Principal","mpio":"Pasto","depto":"Nariño","direccion":"Carrera 20A  14-54","web":"www.iucesmag.edu.co","acreditada":false,"bid":false,"geo_score":95.76,"geo_precision":"calle","geo_aceptacion":"acepta","geo_consulta":"direccion","secretaria":"PASTO"},"geometry":{"type":"Point","coordinates":[-77.28257,1.20666]}},{"type":"Feature","properties":{"codigo_ies":9902,"codigo_padre":9902,"nombre":"FUNDACION UNIVERSITARIA COMFENALCO SANTANDER","estado":"Activa","sector":"Privado","caracter":"Institución Universitaria/Escuela Tecnológica","principal_seccional":"Principal","mpio":"Bucaramanga","depto":"Santander","direccion":"Avenida González Valencia #52-69","web":"www.comfenalcosantander.com.co","programas_vigentes":4.0,"acreditada":false,"bid":false,"geo_score":92.17,"geo_precision":"centroide","geo_aceptacion":"acepta_con_aviso_baja_precision","geo_consulta":"nombre","secretaria":"BUCARAMANGA"},"geometry":{"type":"Point","coordinates":[-73.12647,7.09307]}},{"type":"Feature","properties":{"codigo_ies":9903,"codigo_padre":9903,"nombre":"TEC ALIANZA","estado":"Activa","sector":"Privado","caracter":"Institución Tecnológica","principal_seccional":"Principal","mpio":"Bogotá, D.C.","depto":"Bogotá, D.C.","direccion":"Cra 11 N. 65 - 30","web":"www.cetcolsubsidio.edu.co","programas_vigentes":11.0,"acreditada":false,"bid":false,"geo_score":100.0,"geo_precision":"calle","geo_aceptacion":"acepta","geo_consulta":"direccion","mmi":4.47,"banda":4.0,"nivel":"IV","secretaria":"BOGOTA"},"geometry":{"type":"Point","coordinates":[-74.06194,4.65147]}},{"type":"Feature","properties":{"codigo_ies":9904,"codigo_padre":9904,"nombre":"FUNDACION UNIVERSITARIA COLOMBO GERMANA","estado":"Activa","sector":"Privado","caracter":"Institución Universitaria/Escuela Tecnológica","principal_seccional":"Principal","mpio":"Bogotá, D.C.","depto":"Bogotá, D.C.","direccion":"Avenida Caracas #63-87","web":"www.unigermana.edu.co","programas_vigentes":29.0,"acreditada":false,"bid":false,"geo_score":100.0,"geo_precision":"calle","geo_aceptacion":"acepta","geo_consulta":"direccion","mmi":4.61,"banda":4.5,"nivel":"IV","secretaria":"BOGOTA"},"geometry":{"type":"Point","coordinates":[-74.06448,4.65132]}},{"type":"Feature","properties":{"codigo_ies":9905,"codigo_padre":9905,"nombre":"FUNDACION ESCUELA TECNOLOGICA DE NEIVA - JESUS OVIEDO PEREZ -FET","estado":"Activa","sector":"Privado","caracter":"Institución Universitaria/Escuela Tecnológica","principal_seccional":"Principal","mpio":"Rivera","depto":"Huila","direccion":"Km.11 vía al Sur","web":"www.fet.edu.co","programas_vigentes":17.0,"acreditada":false,"bid":false,"geo_score":86.81,"geo_precision":"incierto","geo_aceptacion":"acepta_con_aviso_baja_precision","geo_consulta":"nombre","mmi":4.61,"banda":4.5,"nivel":"IV","secretaria":"HUILA"},"geometry":{"type":"Point","coordinates":[-75.25763,2.77832]}},{"type":"Feature","properties":{"codigo_ies":9906,"codigo_padre":9906,"nombre":"CORPORACIÓN UNIVERSITARIA PARA EL DESARROLLO EMPRESARIAL Y SOCIAL - MISIÓN PAZ.","estado":"Activa","sector":"Privado","caracter":"Institución Universitaria/Escuela Tecnológica","principal_seccional":"Principal","mpio":"Santiago de Cali","depto":"Valle del Cauca","direccion":"Cll. 27 Norte N. 6BN - 50 Santa Mónica Residencial","web":"NO DISPONIBLE","programas_vigentes":7.0,"acreditada":false,"bid":false,"geo_score":95.88,"geo_precision":"calle","geo_aceptacion":"acepta","geo_consulta":"direccion","mmi":5.5,"banda":5.5,"nivel":"V"},"geometry":{"type":"Point","coordinates":[-76.53018,3.46971]}},{"type":"Feature","properties":{"codigo_ies":9907,"codigo_padre":9907,"nombre":"FUNDACION UNIVERSITARIA NAVARRA - UNINAVARRA","estado":"Activa","sector":"Privado","caracter":"Institución Universitaria/Escuela Tecnológica","principal_seccional":"Principal","mpio":"Neiva","depto":"Huila","direccion":"CALLE 10 # 6-41","web":"www.uninavarra.edu.co","programas_vigentes":17.0,"acreditada":false,"bid":false,"geo_score":100.0,"geo_precision":"calle","geo_aceptacion":"acepta","geo_consulta":"direccion","mmi":5.23,"banda":5.0,"nivel":"V","secretaria":"NEIVA"},"geometry":{"type":"Point","coordinates":[-75.288,2.92939]}},{"type":"Feature","properties":{"codigo_ies":9908,"codigo_padre":1203,"nombre":"UNIVERSIDAD DEL VALLE","estado":"Activa","sector":"Oficial","caracter":"Universidad","principal_seccional":"Seccional","mpio":"Guadalajara de Buga","depto":"Valle del Cauca","direccion":"Carrera 13 5-21","web":"HTTP://BUGA.UNIVALLE.EDU.CO","acreditada":false,"bid":false,"bid_de":1203,"geo_score":97.9,"geo_precision":"calle","geo_aceptacion":"acepta","geo_consulta":"direccion","mmi":6.25,"banda":6.0,"nivel":"VI"},"geometry":{"type":"Point","coordinates":[-76.30167,3.88852]}},{"type":"Feature","properties":{"codigo_ies":9909,"codigo_padre":1203,"nombre":"UNIVERSIDAD DEL VALLE","estado":"Activa","sector":"Oficial","caracter":"Universidad","principal_seccional":"Seccional","mpio":"Zarzal","depto":"Valle del Cauca","direccion":"Calle 14 No. 7-134 Barrio Bolivar","web":"HTTP://ZARZAL.UNIVALLE.EDU.CO","acreditada":false,"bid":false,"bid_de":1203,"geo_score":100.0,"geo_precision":"calle","geo_aceptacion":"acepta","geo_consulta":"nombre","mmi":6.75,"banda":6.5,"nivel":"VI","secretaria":"VALLE"},"geometry":{"type":"Point","coordinates":[-76.06783,4.39734]}},{"type":"Feature","properties":{"codigo_ies":9910,"codigo_padre":9910,"nombre":"FUNDACION UNIVERSITARIA LUIS G. PAEZ - UNIPAEZ","estado":"Activa","sector":"Privado","caracter":"Institución Universitaria/Escuela Tecnológica","principal_seccional":"Principal","mpio":"Bogotá, D.C.","depto":"Bogotá, D.C.","direccion":"Carrera 5 #65-50","web":"www.uniluisgpaez.edu.co","programas_vigentes":2.0,"acreditada":false,"bid":false,"geo_score":100.0,"geo_precision":"calle","geo_aceptacion":"acepta","geo_consulta":"direccion","mmi":4.17,"banda":4.0,"nivel":"IV","secretaria":"BOGOTA"},"geometry":{"type":"Point","coordinates":[-74.05762,4.64884]}},{"type":"Feature","properties":{"codigo_ies":9911,"codigo_padre":1203,"nombre":"UNIVERSIDAD DEL VALLE","estado":"Activa","sector":"Oficial","caracter":"Universidad","principal_seccional":"Seccional","mpio":"Buenaventura","depto":"Valle del Cauca","direccion":"Av.Simón Bolivar Km 9 Contiguo al Colegio ITI","web":"www.univalle.edu.co","acreditada":false,"bid":false,"bid_de":1203,"geo_score":85.0,"geo_precision":"incierto","geo_aceptacion":"acepta_con_aviso_baja_precision","geo_consulta":"direccion","mmi":5.96,"banda":5.5,"nivel":"V","secretaria":"BUENAVENTURA"},"geometry":{"type":"Point","coordinates":[-77.07055,3.88477]}},{"type":"Feature","properties":{"codigo_ies":9912,"codigo_padre":1203,"nombre":"UNIVERSIDAD DEL VALLE","estado":"Activa","sector":"Oficial","caracter":"Universidad","principal_seccional":"Seccional","mpio":"Palmira","depto":"Valle del Cauca","direccion":"Carrera 31 Av. La Carbonera","web":"HTTP://PALMIRA.UNIVALLE.EDU.CO","acreditada":false,"bid":false,"bid_de":1203,"geo_score":98.6,"geo_precision":"calle","geo_aceptacion":"acepta","geo_consulta":"nombre","mmi":6.2,"banda":6.0,"nivel":"VI","secretaria":"PALMIRA"},"geometry":{"type":"Point","coordinates":[-76.29809,3.55098]}},{"type":"Feature","properties":{"codigo_ies":9913,"codigo_padre":9913,"nombre":"CORPORACION UNIVERSITARIA DE ASTURIAS","estado":"Activa","sector":"Privado","caracter":"Institución Universitaria/Escuela Tecnológica","principal_seccional":"Principal","mpio":"Bogotá, D.C.","depto":"Bogotá, D.C.","direccion":"Av. Carrera 19 # 104-37","web":"https://uniasturias.edu.co/","programas_vigentes":52.0,"acreditada":false,"bid":false,"geo_score":100.0,"geo_precision":"calle","geo_aceptacion":"acepta","geo_consulta":"direccion","mmi":5.17,"banda":5.0,"nivel":"V","secretaria":"BOGOTA"},"geometry":{"type":"Point","coordinates":[-74.05139,4.69092]}},{"type":"Feature","properties":{"codigo_ies":9914,"codigo_padre":9914,"nombre":"ESEIT - ESCUELA SUPERIOR DE EMPRESA, INGENIERÍA Y TECNOLOGÍA","estado":"Activa","sector":"Privado","caracter":"Institución Universitaria/Escuela Tecnológica","principal_seccional":"Principal","mpio":"Bogotá, D.C.","depto":"Bogotá, D.C.","direccion":"Carrera 11 #80-57","web":"https://www.eseit.edu.co/","programas_vigentes":26.0,"acreditada":false,"bid":false,"geo_score":100.0,"geo_precision":"calle","geo_aceptacion":"acepta","geo_consulta":"direccion","mmi":4.43,"banda":4.0,"nivel":"IV","secretaria":"BOGOTA"},"geometry":{"type":"Point","coordinates":[-74.05367,4.66482]}},{"type":"Feature","properties":{"codigo_ies":9915,"codigo_padre":9915,"nombre":"UNIVERSITARIA VIRTUAL INTERNACIONAL","estado":"Activa","sector":"Privado","caracter":"Institución Universitaria/Escuela Tecnológica","principal_seccional":"Principal","mpio":"Bogotá, D.C.","depto":"Bogotá, D.C.","direccion":"Carrera 19 71 A-23","web":"www.uvirtual.edu.co","programas_vigentes":19.0,"acreditada":false,"bid":false,"geo_score":100.0,"geo_precision":"calle","geo_aceptacion":"acepta","geo_consulta":"direccion","mmi":4.81,"banda":4.5,"nivel":"IV","secretaria":"BOGOTA"},"geometry":{"type":"Point","coordinates":[-74.06428,4.66047]}},{"type":"Feature","properties":{"codigo_ies":9918,"codigo_padre":9918,"nombre":"INSTITUCION UNIVERSITARIA CONOCIMIENTO E INNOVACION PARA LA JUSTICIA - CIJ","estado":"Activa","sector":"Oficial","caracter":"Institución Universitaria/Escuela Tecnológica","principal_seccional":"Principal","mpio":"Cota","depto":"Cundinamarca","direccion":"Km 4 Vía Suba a Cota","web":"www.","programas_vigentes":3.0,"acreditada":false,"bid":false,"geo_score":89.49,"geo_precision":"incierto","geo_aceptacion":"acepta_con_aviso_baja_precision","geo_consulta":"direccion","mmi":4.98,"banda":4.5,"nivel":"IV","secretaria":"CUNDINAMARCA"},"geometry":{"type":"Point","coordinates":[-74.09974,4.80833]}},{"type":"Feature","properties":{"codigo_ies":9919,"codigo_padre":9919,"nombre":"TECNOLOGICO DE ENERGIA E INNOVACION-  E-LERNOVA","estado":"Activa","sector":"Privado","caracter":"Institución Tecnológica","principal_seccional":"Principal","mpio":"Chía","depto":"Cundinamarca","direccion":"Cra. 7 Km 17 Los Arrayanes","web":"www.elernova.edu.co","acreditada":false,"bid":false,"geo_score":80.0,"geo_precision":"centroide_municipio","geo_aceptacion":"acepta_centroide","geo_consulta":"nombre","mmi":4.96,"banda":4.5,"nivel":"IV","secretaria":"CHÍA"},"geometry":{"type":"Point","coordinates":[-74.06078,4.85956]}},{"type":"Feature","properties":{"codigo_ies":9920,"codigo_padre":1101,"nombre":"UNIVERSIDAD NACIONAL DE COLOMBIA","estado":"Activa","sector":"Oficial","caracter":"Universidad","principal_seccional":"Seccional","mpio":"San Andrés de Tumaco","depto":"Nariño","direccion":"Calle 44 No. 45-67","web":"http://www.tumaco-pacifico.unal.edu.co/","acreditada":true,"bid":false,"geo_score":88.18,"geo_precision":"centroide_municipio","geo_aceptacion":"acepta_centroide","geo_consulta":"direccion","mmi":4.16,"banda":4.0,"nivel":"IV"},"geometry":{"type":"Point","coordinates":[-78.79275,1.79112]}},{"type":"Feature","properties":{"codigo_ies":9921,"codigo_padre":9921,"nombre":"FUNDACION UNIVERSITARIA CATOLICA DEL SUR - UNICATOLICA DEL SUR","estado":"Activa","sector":"Privado","caracter":"Institución Universitaria/Escuela Tecnológica","principal_seccional":"Principal","mpio":"Pasto","depto":"Nariño","direccion":"CALLE 18 No. 56 -02","web":"www.catolicadelsur.edu.co","programas_vigentes":2.0,"acreditada":false,"bid":false,"geo_score":100.0,"geo_precision":"calle","geo_aceptacion":"acepta","geo_consulta":"direccion","secretaria":"PASTO"},"geometry":{"type":"Point","coordinates":[-77.29816,1.23381]}},{"type":"Feature","properties":{"codigo_ies":9922,"codigo_padre":9922,"nombre":"FUNDACION UNIVERSITARIA COMFAMILIAR RISARALDA","estado":"Activa","sector":"Privado","caracter":"Institución Universitaria/Escuela Tecnológica","principal_seccional":"Principal","mpio":"Pereira","depto":"Risaralda","direccion":"CRA. 5 No. 21 - 30","web":"www.uc.edu.co","programas_vigentes":20.0,"acreditada":false,"bid":false,"geo_score":100.0,"geo_precision":"calle","geo_aceptacion":"acepta","geo_consulta":"direccion","mmi":6.6,"banda":6.5,"nivel":"VI","secretaria":"PEREIRA"},"geometry":{"type":"Point","coordinates":[-75.69601,4.81665]}},{"type":"Feature","properties":{"codigo_ies":9923,"codigo_padre":9923,"nombre":"CORPORACION UNIVERSITARIA DE CATALUÑA","estado":"Activa","sector":"Privado","caracter":"Institución Universitaria/Escuela Tecnológica","principal_seccional":"Principal","mpio":"Bogotá, D.C.","depto":"Bogotá, D.C.","direccion":"Cra 18B No 106 A-15","web":"www.udecatalunya.edu.co","programas_vigentes":5.0,"acreditada":false,"bid":false,"geo_score":100.0,"geo_precision":"calle","geo_aceptacion":"acepta","geo_consulta":"direccion","mmi":5.21,"banda":5.0,"nivel":"V","secretaria":"BOGOTA"},"geometry":{"type":"Point","coordinates":[-74.04985,4.69329]}},{"type":"Feature","properties":{"codigo_ies":9924,"codigo_padre":9924,"nombre":"FUNDACION UNIVERSITARIA INTERNACIONAL DE COLOMBIA - UNINCOL","estado":"Activa","sector":"Privado","caracter":"Institución Universitaria/Escuela Tecnológica","principal_seccional":"Principal","mpio":"Bogotá, D.C.","depto":"Bogotá, D.C.","direccion":"Calle 39A No. 19-18","web":"www.unincol.edu.co","programas_vigentes":5.0,"acreditada":false,"bid":false,"geo_score":100.0,"geo_precision":"calle","geo_aceptacion":"acepta","geo_consulta":"direccion","mmi":4.72,"banda":4.5,"nivel":"IV","secretaria":"BOGOTA"},"geometry":{"type":"Point","coordinates":[-74.07308,4.62847]}},{"type":"Feature","properties":{"codigo_ies":9925,"codigo_padre":9925,"nombre":"FUNDACION UNIVERSITARIA FCV","estado":"Activa","sector":"Privado","caracter":"Institución Universitaria/Escuela Tecnológica","principal_seccional":"Principal","mpio":"Floridablanca","depto":"Santander","direccion":"Calle 155A No. 23-58 Urbanización El Bosque","web":"no informa","programas_vigentes":4.0,"acreditada":false,"bid":false,"geo_score":81.82,"geo_precision":"centroide_municipio","geo_aceptacion":"acepta_centroide","geo_consulta":"nombre","secretaria":"FLORIDABLANCA"},"geometry":{"type":"Point","coordinates":[-73.08805,7.06112]}},{"type":"Feature","properties":{"codigo_ies":9926,"codigo_padre":9926,"nombre":"FUNDACION UNIVERSITARIA INTERNACIONAL DE LA RIOJA - UNIR","estado":"Activa","sector":"Privado","caracter":"Institución Universitaria/Escuela Tecnológica","principal_seccional":"Principal","mpio":"Bogotá, D.C.","depto":"Bogotá, D.C.","direccion":"Calle 100  19-61 Piso 8","web":"unir","programas_vigentes":46.0,"acreditada":false,"bid":false,"geo_score":100.0,"geo_precision":"calle","geo_aceptacion":"acepta","geo_consulta":"direccion","mmi":5.04,"banda":5.0,"nivel":"V","secretaria":"BOGOTA"},"geometry":{"type":"Point","coordinates":[-74.05281,4.68576]}},{"type":"Feature","properties":{"codigo_ies":9927,"codigo_padre":9927,"nombre":"INSTITUCION UNIVERSITARIA DIGITAL DE ANTIOQUIA -IU. DIGITAL","estado":"Activa","sector":"Oficial","caracter":"Institución Universitaria/Escuela Tecnológica","principal_seccional":"Principal","mpio":"Medellín","depto":"Antioquia","direccion":"Cra 55 N. 42 - 90 Int. 0101","web":"www.iudigital.edu.co/Paginas/default.aspx","programas_vigentes":25.0,"acreditada":false,"bid":true,"geo_score":100.0,"geo_precision":"calle","geo_aceptacion":"acepta","geo_consulta":"direccion","mmi":5.29,"banda":5.0,"nivel":"V","secretaria":"MEDELLIN"},"geometry":{"type":"Point","coordinates":[-75.57505,6.24418]}},{"type":"Feature","properties":{"codigo_ies":9928,"codigo_padre":9928,"nombre":"FUNDACIÓN UNIVERSITARIA SALESIANA","estado":"Activa","sector":"Privado","caracter":"Institución Universitaria/Escuela Tecnológica","principal_seccional":"Principal","mpio":"Bogotá, D.C.","depto":"Bogotá, D.C.","direccion":"Avenida el Dorado No. 69-96","web":"https://www.salesiana.edu.co/","programas_vigentes":11.0,"acreditada":false,"bid":false,"geo_score":97.57,"geo_precision":"calle","geo_aceptacion":"acepta","geo_consulta":"direccion","mmi":5.08,"banda":5.0,"nivel":"V","secretaria":"BOGOTA"},"geometry":{"type":"Point","coordinates":[-74.12523,4.6854]}},{"type":"Feature","properties":{"codigo_ies":9929,"codigo_padre":9929,"nombre":"UNIVERSIDAD AUTÓNOMA INDÍGENA INTERCULTURAL - UAIIN","estado":"Activa","sector":"Oficial","caracter":"Universidad","principal_seccional":"Principal","mpio":"Popayán","depto":"Cauca","direccion":"Calle 78N - Carrera 19N Urbanización La Aldea","web":"www.uaiinpebi-cric.edu.co","programas_vigentes":12.0,"acreditada":false,"bid":true,"geo_score":82.0,"geo_precision":"incierto","geo_aceptacion":"acepta_con_aviso_baja_precision","geo_consulta":"direccion","mmi":4.9,"banda":4.5,"nivel":"IV","secretaria":"POPAYAN"},"geometry":{"type":"Point","coordinates":[-76.56361,2.49147]}},{"type":"Feature","properties":{"codigo_ies":9930,"codigo_padre":9930,"nombre":"INSTITUCION UNIVERSITARIA COMANDO DE EDUCACION Y DOCTRINA - CEDOC DEL EJERCITO NACIONAL","estado":"Activa","sector":"Oficial","caracter":"Institución Universitaria/Escuela Tecnológica","principal_seccional":"Principal","mpio":"Facatativá","depto":"Cundinamarca","direccion":"Calle 5 con Carrera 15","web":"www.ejercito.mil.co/?idcategoria=221634","programas_vigentes":3.0,"acreditada":false,"bid":false,"geo_score":100.0,"geo_precision":"calle","geo_aceptacion":"acepta","geo_consulta":"direccion","mmi":5.08,"banda":5.0,"nivel":"V","secretaria":"FACATATIVA"},"geometry":{"type":"Point","coordinates":[-74.34832,4.82017]}},{"type":"Feature","properties":{"codigo_ies":9931,"codigo_padre":9931,"nombre":"FUNDACIÓN UNIVERSITARIA PATRICIO SYMES","estado":"Activa","sector":"Privado","caracter":"Institución Universitaria/Escuela Tecnológica","principal_seccional":"Principal","mpio":"Bogotá, D.C.","depto":"Bogotá, D.C.","direccion":"Cra. 16 No. 70a-68","web":"no disponible","programas_vigentes":2.0,"acreditada":false,"bid":false,"geo_score":100.0,"geo_precision":"calle","geo_aceptacion":"acepta","geo_consulta":"direccion","mmi":4.74,"banda":4.5,"nivel":"IV","secretaria":"BOGOTA"},"geometry":{"type":"Point","coordinates":[-74.06381,4.65849]}},{"type":"Feature","properties":{"codigo_ies":9932,"codigo_padre":9932,"nombre":"FUNDACIÓN UNIVERSITARIA SAN PABLO - UNISANPABLO","estado":"Activa","sector":"Privado","caracter":"Institución Universitaria/Escuela Tecnológica","principal_seccional":"Principal","mpio":"Bogotá, D.C.","depto":"Bogotá, D.C.","direccion":"Calle 170 No. 8G-31","web":"www.unisanpablo.co","programas_vigentes":5.0,"acreditada":false,"bid":false,"geo_score":99.78,"geo_precision":"calle","geo_aceptacion":"acepta","geo_consulta":"direccion","mmi":5.14,"banda":5.0,"nivel":"V","secretaria":"BOGOTA"},"geometry":{"type":"Point","coordinates":[-74.02988,4.74772]}},{"type":"Feature","properties":{"codigo_ies":9933,"codigo_padre":1101,"nombre":"UNIVERSIDAD NACIONAL DE COLOMBIA","estado":"Activa","sector":"Oficial","caracter":"Universidad","principal_seccional":"Seccional","mpio":"La Paz","depto":"Cesar","direccion":"Carrera 45 #26 - 85","web":"http://delapaz.unal.edu.co/","programas_vigentes":7.0,"acreditada":true,"bid":false,"geo_score":83.23,"geo_precision":"centroide_municipio","geo_aceptacion":"acepta_centroide","geo_consulta":"direccion","secretaria":"SANTANDER"},"geometry":{"type":"Point","coordinates":[-73.16887,10.46184]}},{"type":"Feature","properties":{"codigo_ies":9934,"codigo_padre":9934,"nombre":"CENTRO DE ESTUDIOS AERONÁUTICOS - CEA","estado":"Activa","sector":"Oficial","caracter":"Institución Universitaria/Escuela Tecnológica","principal_seccional":"Principal","mpio":"Bogotá, D.C.","depto":"Bogotá, D.C.","direccion":"Avenida el Dorado No. 103 - 23","web":"www.centrodeestudiosaeronauticos.edu.co/cea/","programas_vigentes":1.0,"acreditada":false,"bid":false,"geo_score":98.91,"geo_precision":"calle","geo_aceptacion":"acepta","geo_consulta":"nombre","mmi":5.12,"banda":5.0,"nivel":"V","secretaria":"BOGOTA"},"geometry":{"type":"Point","coordinates":[-74.13,4.69]}},{"type":"Feature","properties":{"codigo_ies":9935,"codigo_padre":9935,"nombre":"UNIDAD TECNOLÓGICA DEL MAGDALENA MEDIO - UTEM -","estado":"Activa","sector":"Privado","caracter":"Institución Tecnológica","principal_seccional":"Principal","mpio":"Barrancabermeja","depto":"Santander","direccion":"Calle 55 # 19-25","web":"www.utem.edu.co","programas_vigentes":1.0,"acreditada":false,"bid":false,"geo_score":100.0,"geo_precision":"calle","geo_aceptacion":"acepta","geo_consulta":"direccion","mmi":4.5,"banda":4.5,"nivel":"IV","secretaria":"BARRANCABERMEJA"},"geometry":{"type":"Point","coordinates":[-73.85779,7.06496]}},{"type":"Feature","properties":{"codigo_ies":9936,"codigo_padre":9936,"nombre":"CORPORACIÓN UNIVERSITARIA AUTÓNOMA DEL NORTE","estado":"Activa","sector":"Privado","caracter":"Institución Universitaria/Escuela Tecnológica","principal_seccional":"Principal","mpio":"San José de Cúcuta","depto":"Norte de Santander","direccion":"AV 2 # 13-30","web":"www.unanorte.com","programas_vigentes":6.0,"acreditada":false,"bid":false,"geo_score":100.0,"geo_precision":"calle","geo_aceptacion":"acepta","geo_consulta":"direccion"},"geometry":{"type":"Point","coordinates":[-72.50023,7.8842]}},{"type":"Feature","properties":{"codigo_ies":9937,"codigo_padre":9937,"nombre":"CORPORACION TECNICA PROFESIONAL CAMINOS DEL SUROCCIDENTE COLOMBIANO","estado":"Activa","sector":"Privado","caracter":"Institución Técnica Profesional","principal_seccional":"Principal","mpio":"Timbío","depto":"Cauca","direccion":"calle 15#19-19 barrio centro","web":"www.corpocaminos.edu.co","programas_vigentes":2.0,"acreditada":false,"bid":false,"geo_score":97.14,"geo_precision":"calle","geo_aceptacion":"acepta","geo_consulta":"direccion","mmi":4.92,"banda":4.5,"nivel":"IV","secretaria":"CAUCA"},"geometry":{"type":"Point","coordinates":[-76.68452,2.35146]}},{"type":"Feature","properties":{"codigo_ies":9938,"codigo_padre":9938,"nombre":"UNIVERSITARIA DEL CHICAMOCHA","estado":"Activa","sector":"Privado","caracter":"Institución Universitaria/Escuela Tecnológica","principal_seccional":"Principal","mpio":"Bucaramanga","depto":"Santander","direccion":"calle 62 #27-126","web":"www.unich.edu.co","programas_vigentes":2.0,"acreditada":false,"bid":false,"geo_score":100.0,"geo_precision":"calle","geo_aceptacion":"acepta","geo_consulta":"direccion","secretaria":"BUCARAMANGA"},"geometry":{"type":"Point","coordinates":[-73.11306,7.10693]}},{"type":"Feature","properties":{"codigo_ies":9939,"codigo_padre":9939,"nombre":"FUNDACIÓN UNIVERSITARIA CATÓLICA DEL CARIBE","estado":"Activa","sector":"Privado","caracter":"Institución Universitaria/Escuela Tecnológica","principal_seccional":"Principal","mpio":"Barranquilla","depto":"Atlántico","direccion":"Calle 75B No. 42F-83","web":"https: //FUNCATC.org/","programas_vigentes":4.0,"acreditada":false,"bid":false,"geo_score":100.0,"geo_precision":"calle","geo_aceptacion":"acepta","geo_consulta":"direccion","secretaria":"BARRANQUILLA"},"geometry":{"type":"Point","coordinates":[-74.81119,10.99336]}},{"type":"Feature","properties":{"codigo_ies":9940,"codigo_padre":9940,"nombre":"INSTITUCION UNIVERSITARIA DE SANTA MARTA","estado":"Activa","sector":"Oficial","caracter":"Institución Universitaria/Escuela Tecnológica","principal_seccional":"Principal","mpio":"Santa Marta","depto":"Magdalena","direccion":"Calle 29a #35-390, Barrio Mamatoco-CAMPUS USM","web":"www.usm.edu.co","programas_vigentes":18.0,"acreditada":false,"bid":true,"geo_score":95.07,"geo_precision":"calle","geo_aceptacion":"acepta","geo_consulta":"direccion","secretaria":"SANTA MARTA"},"geometry":{"type":"Point","coordinates":[-74.17094,11.22839]}},{"type":"Feature","properties":{"codigo_ies":9941,"codigo_padre":9941,"nombre":"CORPORACIÓN INSTITUCIÓN UNIVERSITARIA SALUD COLOMBIA - UNISALUD","estado":"Activa","sector":"Privado","caracter":"Institución Universitaria/Escuela Tecnológica","principal_seccional":"Principal","mpio":"Ibagué","depto":"Tolima","direccion":"Calle 47 No. 6A-41","web":"www.noenvio.com.co","programas_vigentes":8.0,"acreditada":false,"bid":false,"geo_score":100.0,"geo_precision":"calle","geo_aceptacion":"acepta","geo_consulta":"direccion","mmi":5.9,"banda":5.5,"nivel":"V","secretaria":"IBAGUE"},"geometry":{"type":"Point","coordinates":[-75.20828,4.43729]}},{"type":"Feature","properties":{"codigo_ies":9942,"codigo_padre":9942,"nombre":"CORPORACIÓN INSTITUCIÓN UNIVERSITARIA SALUD COLOMBIA -UNISALUD-","estado":"Inactiva","sector":"Privado","caracter":"Institución Universitaria/Escuela Tecnológica","principal_seccional":"Principal","mpio":"Ibagué","depto":"Tolima","direccion":"Calle 47  No. 6 A - 41 Ibagué","web":"www.pendiente.co","acreditada":false,"bid":false,"geo_score":100.0,"geo_precision":"calle","geo_aceptacion":"acepta","geo_consulta":"direccion","mmi":5.9,"banda":5.5,"nivel":"V","secretaria":"IBAGUE"},"geometry":{"type":"Point","coordinates":[-75.20828,4.43729]}},{"type":"Feature","properties":{"codigo_ies":9943,"codigo_padre":1704,"nombre":"UNIVERSIDAD SANTO TOMAS","estado":"Activa","sector":"Privado","caracter":"Universidad","principal_seccional":"Seccional","mpio":"Villavicencio","depto":"Meta","direccion":"CRA. 22 con CLL. 1A Vía a Puerto López","web":"www.ustavillavicencio.edu.co","programas_vigentes":10.0,"acreditada":true,"bid":false,"geo_score":100.0,"geo_precision":"calle","geo_aceptacion":"acepta","geo_consulta":"nombre","mmi":4.13,"banda":4.0,"nivel":"IV","secretaria":"VILLAVICENCIO"},"geometry":{"type":"Point","coordinates":[-73.65511,4.1088]}},{"type":"Feature","properties":{"codigo_ies":9944,"codigo_padre":9944,"nombre":"INSTITUCIÓN UNIVERSITARIA DE LAS CULTURAS Y LAS ARTES POPULARES IPC","estado":"Activa","sector":"Oficial","caracter":"Institución Universitaria/Escuela Tecnológica","principal_seccional":"Principal","mpio":"Santiago de Cali","depto":"Valle del Cauca","direccion":"Sede 1 Coltabaco: Calle 12 - Carrera 1 esquina","web":"www.institutopopulardecultura.edu.co","programas_vigentes":2.0,"acreditada":false,"bid":false,"geo_score":90.14,"geo_precision":"centroide","geo_aceptacion":"acepta_con_aviso_baja_precision","geo_consulta":"direccion","mmi":6.22,"banda":6.0,"nivel":"VI"},"geometry":{"type":"Point","coordinates":[-76.5093,3.44664]}},{"type":"Feature","properties":{"codigo_ies":9945,"codigo_padre":9945,"nombre":"CORPORACIÓN UNIVERSITARIA DE BOGOTA -UNIVERSITARIA DE BOGOTÁ","estado":"Activa","sector":"Privado","caracter":"Institución Universitaria/Escuela Tecnológica","principal_seccional":"Principal","mpio":"Bogotá, D.C.","depto":"Bogotá, D.C.","direccion":"CALLE 34  N. 5 - 98","web":"https://universitariadebogota.edu.co","programas_vigentes":8.0,"acreditada":false,"bid":false,"geo_score":100.0,"geo_precision":"calle","geo_aceptacion":"acepta","geo_consulta":"direccion","mmi":4.19,"banda":4.0,"nivel":"IV","secretaria":"BOGOTA"},"geometry":{"type":"Point","coordinates":[-74.06615,4.62093]}},{"type":"Feature","properties":{"codigo_ies":9946,"codigo_padre":9946,"nombre":"INSTITUCIÓN UNIVERSITARIA PÚBLICA DE BELLO - IUPBELLO","estado":"Activa","sector":"Oficial","caracter":"Institución Universitaria/Escuela Tecnológica","principal_seccional":"Principal","mpio":"Bello","depto":"Antioquia","direccion":"Cra. 57a N. 37 - 115 Bello - Antioquia","web":"NO","programas_vigentes":4.0,"acreditada":false,"bid":false,"geo_score":98.13,"geo_precision":"calle","geo_aceptacion":"acepta","geo_consulta":"direccion","mmi":4.6,"banda":4.5,"nivel":"IV","secretaria":"BELLO"},"geometry":{"type":"Point","coordinates":[-75.56772,6.32334]}},{"type":"Feature","properties":{"codigo_ies":9947,"codigo_padre":9947,"nombre":"FUNDACIÓN UNIVERSITARIA PARA LA INVESTIGACIÓN, EL DESARROLLO TECNOLÓGICO Y LA INNOVACIÓN - IDITEK","estado":"Activa","sector":"Privado","caracter":"Institución Universitaria/Escuela Tecnológica","principal_seccional":"Principal","mpio":"Barranquilla","depto":"Atlántico","direccion":"Carrera 53. 53-109","web":"www.iditek.edu.co","programas_vigentes":12.0,"acreditada":false,"bid":false,"geo_score":97.56,"geo_precision":"calle","geo_aceptacion":"acepta","geo_consulta":"direccion","secretaria":"BARRANQUILLA"},"geometry":{"type":"Point","coordinates":[-74.78976,10.9917]}},{"type":"Feature","properties":{"codigo_ies":9948,"codigo_padre":9948,"nombre":"UNIVERSIDAD DE LOS PUEBLOS PASTOS Y QUILLASINGAS - UNIPUEBLOS","estado":"Activa","sector":"Oficial","caracter":"Universidad","principal_seccional":"Principal","mpio":"Ipiales","depto":"Nariño","direccion":"Barrio Gualcala manzana 1 casa 72 Ipiales Narino","web":"www.unipueblospq.com.co","acreditada":false,"bid":false,"geo_score":81.18,"geo_precision":"centroide_municipio","geo_aceptacion":"acepta_centroide","geo_consulta":"direccion","secretaria":"IPIALES"},"geometry":{"type":"Point","coordinates":[-77.63534,0.82325]}},{"type":"Feature","properties":{"codigo_ies":9949,"codigo_padre":9949,"nombre":"UNIVERSIDAD ESPECIAL DEL MINISTERIO PÚBLICO","estado":"Activa","sector":"Oficial","caracter":"Universidad","principal_seccional":"Principal","mpio":"Bogotá, D.C.","depto":"Bogotá, D.C.","direccion":"Carrera 5a. No. 15 - 80 &#1042;&#1054;GOTA D.C","web":"EN PROCESO","acreditada":false,"bid":false,"geo_score":90.25,"geo_precision":"centroide","geo_aceptacion":"acepta_con_aviso_baja_precision","geo_consulta":"direccion","mmi":4.54,"banda":4.5,"nivel":"IV","secretaria":"BOGOTA"},"geometry":{"type":"Point","coordinates":[-74.08804,4.57546]}}]}