{"type":"FeatureCollection","features":[{"type":"Feature","geometry":{"type":"MultiPolygon","coordinates":[[[[-76.78453528900002,3.224159477893882],[-76.78845813200002,3.218196757894066],[-76.79355138300002,3.21948214189405],[-76.81019496200003,3.207420731894441],[-76.830805129,3.211405575894317],[-76.85081293000002,3.207330731894444],[-76.86387473100001,3.212639417894246],[-76.87033846999998,3.209225140894375],[-76.88257426400003,3.208850701894401],[-76.891758202,3.202242507894597],[-76.89694728699999,3.204271279894548],[-76.90804959899998,3.201370375894637],[-76.91548259400003,3.14946404489634],[-76.92601513699998,3.142607342896575],[-76.92624936800001,3.127658761897064],[-76.93893228600001,3.11384844189751],[-76.971881795,3.118785590897349],[-76.97904422200003,3.127336323897062],[-76.97727346800002,3.13463667689683],[-76.98786137899998,3.138616801896697],[-76.99064414399999,3.148098649896395],[-76.99675426300001,3.154809285896152],[-77.00458481499999,3.15284173289623],[-77.01686808099998,3.155079240896166],[-77.03032669599997,3.166968831895776],[-77.036867814,3.163958609895872],[-77.05367580500001,3.169874761895676],[-77.063904536,3.169211414895702],[-77.07989498900002,3.180248026895333],[-77.08726840000003,3.18048127289532],[-77.08664358200002,3.18579316489516],[-77.090958113,3.182951736895243],[-77.098391113,3.185972449895154],[-77.109846844,3.179780933895357],[-77.117445971,3.168869765895705],[-77.129645202,3.161248338895946],[-77.138679406,3.171626359895615],[-77.14238693800002,3.172122624895577],[-77.14517206,3.168422259895716],[-77.15283581900002,3.170202511895661],[-77.153931247,3.176160352895467],[-77.159298965,3.174311546895525],[-77.158834065,3.165123462895814],[-77.172673342,3.165339403895825],[-77.17307145299998,3.158720452896036],[-77.18559322800002,3.148752746896365],[-77.190582802,3.149811709896323],[-77.19261222,3.140314917896644],[-77.19730746599998,3.14048785989664],[-77.199914368,3.144142465896515],[-77.20263272099999,3.134074694896826],[-77.21709901999998,3.135999675896761],[-77.21571780699998,3.13126224089694],[-77.22009068699998,3.124167187897173],[-77.216246001,3.120399146897295],[-77.22768801500001,3.11153845789757],[-77.229967762,3.115952729897442],[-77.234734253,3.115760605897428],[-77.234102344,3.108080017897706],[-77.24408862500002,3.114867870897475],[-77.24470335500001,3.12631102189708],[-77.24810103300001,3.125018397897152],[-77.25232444099998,3.115159639897464],[-77.26158721000002,3.135143345896816],[-77.268162556,3.133503142896846],[-77.27187722999997,3.140955812896621],[-77.27715371099998,3.130869457896955],[-77.27877993200002,3.139542789896671],[-77.28831858400002,3.138622511896682],[-77.290619128,3.142364853896569],[-77.288496269,3.147099120896415],[-77.27807089200002,3.14915890289635],[-77.279865514,3.159373828896014],[-77.29091870000002,3.157087669896103],[-77.31717676099998,3.174220741895522],[-77.321700658,3.171266784895628],[-77.320220118,3.164521110895845],[-77.32592804,3.161603247895952],[-77.330890334,3.163484454895885],[-77.33061668900001,3.155947060896132],[-77.33468222200003,3.150924399896304],[-77.34090854700003,3.149661880896318],[-77.34620389999998,3.140151946896632],[-77.36583777800001,3.146511867896443],[-77.36541414499999,3.165954638895806],[-77.383881063,3.177427404895429],[-77.382079535,3.203387495894577],[-77.39242422,3.213805278894218],[-77.40348517799998,3.213232262894263],[-77.40707955599999,3.224987785893852],[-77.41567480600003,3.233652494893578],[-77.41606295600002,3.242993919893276],[-77.429070367,3.253708731892935],[-77.45172943900002,3.243190663893265],[-77.455248536,3.233451709893585],[-77.464185068,3.238210013893436],[-77.47071315699998,3.236963294893485],[-77.471077278,3.233055174893606],[-77.462064672,3.226700084893808],[-77.46925251,3.224941189893848],[-77.46589716900002,3.217608341894113],[-77.47200668800002,3.211528572894313],[-77.48077172299998,3.209018801894395],[-77.490429973,3.216571874894138],[-77.49771077600002,3.216449252894147],[-77.50538434700002,3.224118616893879],[-77.501265338,3.231672775893626],[-77.496963279,3.231581892893644],[-77.49872201,3.234021126893571],[-77.510487539,3.23650069089349],[-77.526002426,3.23421488189357],[-77.54250471400002,3.226729138893794],[-77.54203071500001,3.223890013893906],[-77.54832375199999,3.225895401893829],[-77.54955631299998,3.232177577893636],[-77.495490201,3.304931973891244],[-77.48406521800001,3.30856508989113],[-77.47989997299999,3.323103918890652],[-77.46189459099998,3.33364546089031],[-77.427388442,3.368004477889172],[-77.41975989000002,3.368407003889172],[-77.42004304599999,3.360978325889419],[-77.41574573899999,3.354832177889593],[-77.413213993,3.355615020889593],[-77.41359708599998,3.361361418889391],[-77.40631831500002,3.372271247889044],[-77.40850028099999,3.374436558888974],[-77.406434908,3.383897293888661],[-77.389528838,3.401952643888078],[-77.36329343099999,3.449139735886527],[-77.36152787100002,3.433349630887039],[-77.36596259100003,3.424994453887312],[-77.36325179,3.421534119887418],[-77.36210251,3.426243667887252],[-77.36243979900001,3.421034436887445],[-77.36381393800002,3.419985090887474],[-77.36117809000001,3.414312253887642],[-77.355269293,3.410503533887774],[-77.34632490000001,3.419522883887496],[-77.33245859099998,3.426580956887258],[-77.33790517699998,3.435512860886973],[-77.33704941399998,3.448745114886544],[-77.364480502,3.465427604885992],[-77.37074723299997,3.475059761885678],[-77.36530865700001,3.485480902885326],[-77.33342028099997,3.517209400884298],[-77.33069160899998,3.530664860883845],[-77.300393933,3.569990211882561],[-77.29234897499998,3.576702672882348],[-77.288767887,3.576519452882355],[-77.291299633,3.574021018882419],[-77.287670305,3.569169734882595],[-77.23667952199997,3.585434728882047],[-77.23960722200002,3.578278129882297],[-77.23594759399998,3.577383559882314],[-77.22818178699998,3.582455546882156],[-77.21540333799999,3.598743000881631],[-77.20980277199999,3.601062919881554],[-77.20683796399999,3.607675438881325],[-77.200092192,3.605626723881388],[-77.195711604,3.610706874881241],[-77.19246364000003,3.634825088880445],[-77.187463863,3.639495790880294],[-77.18916570699997,3.653163596879842],[-77.182186748,3.654845873879778],[-77.165630459,3.644685574880107],[-77.16317916899999,3.649675966879966],[-77.165923642,3.660928913879603],[-77.16541392800002,3.684760456878797],[-77.16911161000002,3.685818126878779],[-77.17137553200001,3.691726527878585],[-77.17736848099997,3.692834520878559],[-77.18536808699997,3.681402144878911],[-77.189115738,3.681389652878915],[-77.19696498500002,3.720842010877635],[-77.19696498500002,3.750506749876665],[-77.19151839900002,3.752805307876592],[-77.18796583400001,3.748572710876729],[-77.178369482,3.748491386876729],[-77.17127685600002,3.750530530876647],[-77.165997786,3.757543654876441],[-77.17204414100001,3.769796379876039],[-77.18179564500002,3.809402271874739],[-77.17795921700002,3.812248200874635],[-77.172567291,3.805571073874864],[-77.153882109,3.803013543874957],[-77.14913628199997,3.803163411874944],[-77.14725802700002,3.809752903874716],[-77.14373239999998,3.809923501874725],[-77.13486060600002,3.804849621874896],[-77.127963578,3.817310543874489],[-77.11534259500002,3.821358598874351],[-77.113608361,3.835516139873864],[-77.10634704799998,3.848804132873434],[-77.08680218900003,3.858220823873141],[-77.07301152600002,3.857285283873168],[-77.07125419099998,3.862929166872993],[-77.06214271599998,3.860681681873068],[-77.05402353800002,3.86771385787283],[-77.052839334,3.875306877872583],[-77.05845254899998,3.876526451872548],[-77.063172371,3.872868383872676],[-77.07346592300001,3.879513573872431],[-77.08039572000001,3.889023824872116],[-77.08057407400003,3.901430381871733],[-77.08674104800002,3.905189838871607],[-77.09574687999998,3.899717607871791],[-77.09303315,3.888393118872153],[-77.097486592,3.875339928872591],[-77.10869698,3.871500754872708],[-77.11618923100002,3.875685292872577],[-77.12245772199998,3.874997058872602],[-77.12638250499998,3.87092346787273],[-77.132744001,3.872541742872674],[-77.148647741,3.858014469873147],[-77.16339822700002,3.852248200873349],[-77.166802185,3.845626292873559],[-77.169741122,3.848658232873433],[-77.17710706399998,3.845737896873545],[-77.17591660900001,3.841664308873693],[-77.18211043600002,3.831280246874014],[-77.201159189,3.839929750873739],[-77.20506537,3.833624056873953],[-77.223159362,3.835688751873883],[-77.2228943,3.831559357874002],[-77.22589368899997,3.830066638874059],[-77.23543593300002,3.835870108873857],[-77.24426669399998,3.833624056873953],[-77.24961019699998,3.828027249874123],[-77.25719894500003,3.834879612873905],[-77.26185846200002,3.835451589873875],[-77.26011463100002,3.831718046873993],[-77.264843901,3.83355953487395],[-77.26815020499998,3.839502508873751],[-77.281592601,3.839440356873757],[-77.28576987399998,3.851262905873358],[-77.28963769199999,3.850296823873397],[-77.29316371800002,3.858288801873148],[-77.302715434,3.861533151873029],[-77.30496554299998,3.87447995187261],[-77.29724536700002,3.875877864872572],[-77.29729550299999,3.873415689872648],[-77.292005814,3.877214406872516],[-77.29397774199998,3.880560407872422],[-77.28628828400002,3.895259410871915],[-77.29797523600001,3.902019871871692],[-77.30133562999998,3.899146673871813],[-77.30911825200002,3.909540159871467],[-77.32076095399998,3.902544545871694],[-77.321847773,3.911763764871385],[-77.31858731699998,3.913412730871327],[-77.320835907,3.925167863870957],[-77.31571580999997,3.924217493870993],[-77.311079522,3.931963606870729],[-77.316913366,3.951763695870081],[-77.309268158,3.95434957287],[-77.30939307900002,3.957734951869899],[-77.29830003199999,3.958347069869876],[-77.29947429600003,3.962631880869722],[-77.290267567,3.973575024869375],[-77.290017724,3.979121544869187],[-77.28402148200001,3.979271454869195],[-77.28529568300002,3.976698063869275],[-77.28448369199998,3.973637482869375],[-77.28262058799999,3.973271625869365],[-77.282147657,3.981619979869119],[-77.278237607,3.98253190786908],[-77.275401885,3.976835477869263],[-77.274866804,3.986087493868971],[-77.271173529,3.98710647586894],[-77.26423249700002,3.985965173868966],[-77.26438240300001,3.982292474869094],[-77.26042238500003,3.984853368869011],[-77.26062226,3.98145549886911],[-77.25698703799998,3.982404904869096],[-77.257086975,3.979943946869149],[-77.24865173500001,3.980646529869143],[-77.24619692599998,3.98412413986903],[-77.24958855,3.988274664868897],[-77.244772819,3.989623816868844],[-77.24115633600002,3.985641938868983],[-77.24090336900002,3.99227527986876],[-77.22995085899998,3.99283742986875],[-77.22869539599998,3.997484514868588],[-77.22360795999998,3.996051038868644],[-77.22386092599999,4.000557588868475],[-77.216145348,4.008050372868248],[-77.21003251299999,4.008833214868208],[-77.206851174,4.015695580867986],[-77.21379682000003,4.015545674868001],[-77.19848974799999,4.030602906867514],[-77.201487869,4.036282678867331],[-77.19790677999998,4.036799019867296],[-77.20077165100003,4.039813798867211],[-77.19605529799998,4.039502824867218],[-77.20037190099998,4.041129639867175],[-77.196149548,4.044617038867057],[-77.194599929,4.052762862866783],[-77.19882240099997,4.056528748866658],[-77.210276007,4.055878472866693],[-77.21307817299999,4.061689671866492],[-77.22870726600001,4.059066313866587],[-77.23057276399999,4.066478333866347],[-77.22664189400001,4.072441264866152],[-77.23233163200001,4.081427527865862],[-77.242584867,4.083075199865793],[-77.246857192,4.071515518866176],[-77.25511053600002,4.068189190866271],[-77.261581825,4.060422178866534],[-77.266678631,4.067467759866306],[-77.26535988199998,4.077597409865983],[-77.26859614400001,4.077049024866004],[-77.28586660399998,4.050195254866883],[-77.293257805,4.049705978866893],[-77.29402841500001,4.04600087686699],[-77.29596079800001,4.049415924866897],[-77.29989583100001,4.048888910866921],[-77.297555892,4.046190603867002],[-77.30322655600003,4.040224809867182],[-77.30419626100002,4.045220899867032],[-77.30612864300002,4.043977144867058],[-77.31051337600002,4.035145506867343],[-77.308022769,4.030270894867519],[-77.314923131,4.027417994867616],[-77.312182661,4.024213754867723],[-77.31343343999998,4.018774972867903],[-77.31716469499997,4.018880377867896],[-77.314649084,4.015479383868009],[-77.31838736600002,4.017215012867942],[-77.32084676199997,4.01136165186814],[-77.31552743999998,4.007236894868279],[-77.321226212,4.007257975868272],[-77.32461502199999,3.996374821868634],[-77.319559384,3.995575814868652],[-77.32703058300001,3.978692904869209],[-77.324383264,3.972686956869413],[-77.33336148400002,3.975880613869303],[-77.34762747899998,3.931835152870742],[-77.358434274,3.926488851870889],[-77.36535601499997,3.933514445870684],[-77.37126576499998,3.951129475870109],[-77.38766592600001,3.973362220869381],[-77.43246964100001,4.00848394686824],[-77.439985223,4.02608533486766],[-77.449621594,4.038513452867258],[-77.42890547399998,4.093080150865451],[-77.43033315100001,4.105512835865066],[-77.443390443,4.127850024864324],[-77.442141226,4.136683773864053],[-77.43580591099999,4.145785213863753],[-77.42114248299998,4.143138061863832],[-77.390328463,4.148491848863642],[-77.387978745,4.151942066863537],[-77.38925175700001,4.162066674863222],[-77.37722358100001,4.170418583862951],[-77.37147718300002,4.184695347862465],[-77.35295307899997,4.197473053862064],[-77.334969812,4.192501530862232],[-77.31851583899999,4.172870977862854],[-77.30545259799999,4.166482125863083],[-77.286928494,4.183364400862527],[-77.28735679699997,4.20581461586179],[-77.28028979800001,4.220983680861301],[-77.269011153,4.230549112860985],[-77.25791096699999,4.234653685860851],[-77.25112950300002,4.232869086860891],[-77.24884522100001,4.22737253186109],[-77.24841691799998,4.184435161862488],[-77.22182644100002,4.156345621863409],[-77.215044977,4.155953010863424],[-77.210906938,4.159307323863307],[-77.204954945,4.172733385862873],[-77.188916367,4.172574364862872],[-77.16708481900002,4.183728669862507],[-77.159565316,4.183728669862507],[-77.142726493,4.159987230863293],[-77.13639809900002,4.155667516863414],[-77.131520653,4.156380838863409],[-77.12950553500002,4.144937049863787],[-77.11632581499998,4.133346161864164],[-77.12289312799999,4.124815791864424],[-77.119883109,4.116440091864716],[-77.10447609900001,4.107624185865004],[-77.08618869999998,4.122609050864492],[-77.08251829900001,4.110230864864914],[-77.07300282800003,4.106533678865024],[-77.06798114700001,4.096010138865357],[-77.05758766100001,4.102477513865154],[-77.05026368,4.094753786865416],[-77.04729411300002,4.097923228865315],[-77.03827119699997,4.097323602865336],[-77.035944084,4.091284529865523],[-77.03027620799998,4.094696676865424],[-77.02826318400002,4.092926357865472],[-77.01986844499999,4.101192604865203],[-77.009532067,4.096010138865357],[-77.00475410899998,4.098855974865276],[-76.994998319,4.120390096864562],[-76.98593257200002,4.114298678864782],[-76.97608755300001,4.122228230864531],[-76.97195323900002,4.117499053864686],[-76.954434457,4.12065183886457],[-76.94912115,4.113958501864789],[-76.941750571,4.112649566864836],[-76.941771099,4.108441298864966],[-76.928939205,4.105988490865053],[-76.92001127999998,4.09749980486531],[-76.914745256,4.097745227865328],[-76.91333963800002,4.081836840865824],[-76.90648324199998,4.084813419865728],[-76.90092011799999,4.081939481865827],[-76.901186984,4.073030274866134],[-76.89098450300003,4.073358723866112],[-76.88286912900003,4.061306692866512],[-76.88297853199998,4.053672246866761],[-76.87317396999998,4.047170715866952],[-76.87261809799998,4.038437675867258],[-76.86743971300001,4.03236696986745],[-76.860549827,4.03132836786749],[-76.860313927,4.014694319868017],[-76.88840499100002,3.992865936868717],[-76.79428541200002,3.844566148873589],[-76.78861872599998,3.828176422874124],[-76.78620357300002,3.829209106874086],[-76.78472116799998,3.822213491874322],[-76.78091688299997,3.821592393874329],[-76.77876869,3.803366610874935],[-76.76747569399998,3.779082038875733],[-76.775056656,3.763520363876223],[-76.78589272200003,3.759822681876352],[-76.79371638999999,3.75069982787665],[-76.816319684,3.746969185876775],[-76.81301948599997,3.734959800877171],[-76.81658179300001,3.727310965877426],[-76.822407774,3.723522290877542],[-76.82165718800002,3.705627354878124],[-76.81498530800002,3.698085747878355],[-76.802445047,3.697070595878416],[-76.79291680699998,3.678818099879007],[-76.79598119000002,3.67331060387918],[-76.79303434500002,3.664747121879463],[-76.79994390000002,3.656385133879741],[-76.79900359599998,3.650331924879926],[-76.808334236,3.646002338880087],[-76.809935613,3.636377416880397],[-76.82401250499998,3.625441415880753],[-76.84544906899998,3.632779673880516],[-76.85008187900002,3.629346111880632],[-76.85409365100003,3.632165771880543],[-76.86672145,3.631594700880535],[-76.88150504100003,3.620073349880911],[-76.89046021000001,3.606292052881382],[-76.88543090600001,3.604881023881435],[-76.88468674400002,3.597314470881679],[-76.870840982,3.602583357881501],[-76.86560960499997,3.594349078881757],[-76.86130753999998,3.595510256881734],[-76.85177066,3.590104122881913],[-76.846716685,3.578378137882301],[-76.85485444099999,3.563720659882769],[-76.854968655,3.549263052883251],[-76.84305231500002,3.549681839883235],[-76.816173923,3.535871444883682],[-76.81319483800002,3.539421601883568],[-76.80751255000001,3.521651624884149],[-76.79681024400003,3.515866419884345],[-76.79146643399997,3.502745559884762],[-76.786326799,3.499166850884869],[-76.778883845,3.480835484885486],[-76.77798916699999,3.467462913885929],[-76.75988622800003,3.465368989885991],[-76.75911528300003,3.455375252886313],[-76.753271326,3.448293975886552],[-76.75277639799998,3.440422720886809],[-76.748702761,3.434483584887008],[-76.72018730100001,3.427906752887217],[-76.715314164,3.423776008887348],[-76.70689087199997,3.427973377887207],[-76.699005006,3.416329249887588],[-76.69586618699998,3.400365981888097],[-76.68768378599998,3.396270254888246],[-76.694240343,3.367966597889189],[-76.701560755,3.356584928889558],[-76.71106340799997,3.353306297889671],[-76.720592296,3.337860126890168],[-76.72775089599998,3.338484278890142],[-76.73996779100003,3.320878666890711],[-76.736488845,3.310625506891058],[-76.74729551299998,3.296140030891526],[-76.74607722899998,3.289534645891744],[-76.75126445400002,3.27343045289228],[-76.76297140100002,3.256888440892818],[-76.78147409000002,3.251025448893004],[-76.78453528900002,3.224159477893882]]],[[[-77.239884351,4.04143781586714],[-77.228998317,4.041854221867126],[-77.226428499,4.039938755867231],[-77.23256750899998,4.03144407986751],[-77.23203213,4.037273758867303],[-77.23476850999998,4.036678893867286],[-77.23524440300002,4.032098431867453],[-77.24053870300003,4.03840400286724],[-77.239884351,4.04143781586714]]]]},"properties":{"secretaria":"Buenaventura"}},{"type":"Feature","geometry":{"type":"Polygon","coordinates":[[[-75.92213359300001,3.738611648877058],[-75.910369538,3.772656977875924],[-75.906630893,3.781249246875659],[-75.90134835499998,3.785090254875529],[-75.90325852500001,3.796609740875152],[-75.89109581500003,3.805244484874873],[-75.89283056300002,3.813177530874627],[-75.884209043,3.81361006887459],[-75.87179380999999,3.82429227687423],[-75.86446380500001,3.836491920873859],[-75.862667488,3.847712532873474],[-75.85295483800002,3.852220758873307],[-75.86084629200002,3.86248785787301],[-75.86159055899998,3.873863200872635],[-75.85837545099997,3.881350972872376],[-75.84979514100002,3.889219856872126],[-75.85495825800001,3.893385824871987],[-75.85654854699999,3.909904825871454],[-75.86251944000003,3.913588193871335],[-75.86810823600001,3.923623574871025],[-75.87795899600002,3.927278908870881],[-75.889683671,3.926675790870879],[-75.910739299,3.918299031871172],[-75.923545568,3.904432068871631],[-75.93199481699997,3.907240306871534],[-75.938020434,3.903222470871667],[-75.97681529699997,3.907326167871536],[-75.98778662900003,3.897682051871844],[-75.998144136,3.894059824871967],[-76.00295809599999,3.896446678871902],[-76.01503471400002,3.894607075871956],[-76.026389887,3.900713224871755],[-76.05163237800002,3.899645251871814],[-76.05444365900001,3.902398022871683],[-76.066643791,3.903179232871675],[-76.072832285,3.900512831871764],[-76.083442988,3.906364656871548],[-76.087873338,3.916777936871233],[-76.085790998,3.935012958870639],[-76.089192067,3.950593147870123],[-76.10038949300002,3.956568530869944],[-76.11492137,3.928986166870836],[-76.11599070800003,3.915899966871226],[-76.12014286700003,3.914998679871278],[-76.12452693199998,3.918328459871177],[-76.13801830199998,3.905596806871586],[-76.14699465199999,3.904792568871615],[-76.15455710100002,3.925663884870942],[-76.17267843500002,3.925650911870924],[-76.18345784000002,3.919139163871156],[-76.197828238,3.93336754687067],[-76.202354033,3.93244543287071],[-76.211554293,3.937837236870536],[-76.21776462100001,3.938389857870511],[-76.22781831499998,3.931663544870737],[-76.227878772,3.938715683870498],[-76.223201039,3.940182060870437],[-76.24009824799998,3.94397073587032],[-76.24211415899998,3.952057932870067],[-76.249373005,3.959227290869832],[-76.25647036200002,3.958829369869838],[-76.25737785400003,3.96162101286977],[-76.268353241,3.958014752869866],[-76.277465049,3.960796574869807],[-76.295990905,3.983486852869033],[-76.30761571199997,3.986491501868923],[-76.31270653799999,3.993106548868737],[-76.317425329,3.993501579868709],[-76.31863831599998,3.998470429868556],[-76.32050893799999,3.992653954868724],[-76.325229347,3.989716488868838],[-76.31685537700002,3.991543272868773],[-76.31022050299998,3.987480505868912],[-76.31564239199997,3.9790042388692],[-76.321035054,3.983768484869026],[-76.32406020600001,3.982789329869074],[-76.32009974099998,3.976169071869289],[-76.32514166099998,3.975862171869303],[-76.323022594,3.971843249869435],[-76.32590160199999,3.965076850869641],[-76.31872567599999,3.960893472869785],[-76.32524740999997,3.9571338878699],[-76.32875763499999,3.948770728870168],[-76.320605473,3.937971510870537],[-76.327913647,3.942210635870426],[-76.33295839599998,3.941136470870423],[-76.32697374999998,3.933041849870693],[-76.33972948299999,3.929819349870808],[-76.33215277099998,3.925541860870943],[-76.32854663799998,3.918425501871163],[-76.33988293700003,3.91907767487114],[-76.34776656000003,3.914243923871314],[-76.34561822500001,3.9111748728714],[-76.33712079499998,3.914205558871289],[-76.34329725499998,3.911059782871402],[-76.33919240300003,3.904940866871609],[-76.34830363999998,3.900126295871771],[-76.347267837,3.892990756872016],[-76.35244685999999,3.887619919872203],[-76.34978062300002,3.883764425872333],[-76.35574608799999,3.884800229872273],[-76.35563099900003,3.878489500872467],[-76.365509502,3.875688990872574],[-76.358500424,3.871058958872706],[-76.36585489499998,3.869043126872785],[-76.366275783,3.857800977873154],[-76.36879003299998,3.853891142873286],[-76.37272202000003,3.855065201873233],[-76.378869206,3.843978117873602],[-76.375036906,3.842372093873649],[-76.37913502999999,3.838229667873791],[-76.37233435799999,3.828416321874128],[-76.37794989600002,3.829501773874072],[-76.38304486099997,3.821039697874353],[-76.37234543599999,3.81415042287458],[-76.36378250899998,3.797750424875122],[-76.35402077499998,3.799421994875048],[-76.33850073600001,3.795983674875179],[-76.32108308599999,3.799053177875085],[-76.31748415099997,3.79694735287515],[-76.31119047700003,3.804478349874908],[-76.30411157999998,3.802527189874937],[-76.304357708,3.799597445875065],[-76.29521834500002,3.802063196874971],[-76.286640384,3.809867827874717],[-76.27722961799998,3.837659932873811],[-76.273327301,3.838040648873795],[-76.25928327600002,3.851523084873354],[-76.25473706399998,3.839644068873719],[-76.24757433100001,3.835974393873869],[-76.22326683099999,3.840886920873703],[-76.21039508500002,3.835057575873892],[-76.19876341100002,3.826914653874171],[-76.18110845400003,3.805444191874847],[-76.16567064700001,3.810818798874693],[-76.156298693,3.821959600874331],[-76.14044748499998,3.832250180873994],[-76.13507253900002,3.830627922874054],[-76.12782216699998,3.822341958874341],[-76.11667001500001,3.821650304874327],[-76.11077593800002,3.817901350874448],[-76.10476551900001,3.819468969874414],[-76.092445564,3.807408644874813],[-76.08938860400002,3.796864238875146],[-76.08161639399998,3.795540954875167],[-76.08241971899997,3.770372798875985],[-76.075029982,3.764743850876188],[-76.06095952200002,3.758449320876403],[-76.04412040800003,3.759058139876366],[-76.03108133799998,3.745696263876819],[-76.02058632900003,3.750252933876673],[-76.016898164,3.747302402876756],[-75.99925446100002,3.756249173876476],[-75.993552093,3.755132392876506],[-75.98811502400002,3.750278289876651],[-75.98541433600002,3.73949933587702],[-75.97431415,3.722224446877561],[-75.955563998,3.713634590877886],[-75.94596389100002,3.715221546877814],[-75.94457190999998,3.7278802818774],[-75.929759762,3.739373076877007],[-75.92213359300001,3.738611648877058]]]},"properties":{"secretaria":"Buga"}},{"type":"Feature","geometry":{"type":"Polygon","coordinates":[[[-75.60150003500002,5.00912392883564],[-75.596581517,4.997696361836013],[-75.60031611800002,4.988880996836327],[-75.59646095300002,4.986044373836408],[-75.58920180000001,4.987494764836357],[-75.58984531200002,4.985123304836422],[-75.58484951100002,4.982247174836507],[-75.569287836,4.993597206836139],[-75.55692091999998,4.992977912836174],[-75.55530764500003,5.006298136835718],[-75.54809787800002,5.002885988835841],[-75.53636237299997,5.005455804835763],[-75.53713332,5.015435265835436],[-75.53020909000003,5.018419107835333],[-75.52836738500002,5.023387422835155],[-75.53513457499997,5.031139710834904],[-75.526111658,5.036836135834722],[-75.52534742799998,5.045666995834475],[-75.51625490999999,5.051895234834269],[-75.51010487399998,5.050412060834283],[-75.50113906500002,5.039587891834637],[-75.48999604900001,5.04231951383455],[-75.48485641299999,5.040187516834625],[-75.47488448000001,5.027398006835043],[-75.439249668,5.022815161835169],[-75.43393752600002,5.024617604835142],[-75.41942395799998,5.020511564835266],[-75.41267736600003,5.020983278835264],[-75.409166943,5.028157705835026],[-75.390879831,5.024000048835156],[-75.381313928,5.026402496835073],[-75.36179816700002,5.013391989835504],[-75.353109868,5.011735509835556],[-75.33651214999998,5.012426623835537],[-75.33227372599998,5.016794333835393],[-75.33138142500002,5.030505978834947],[-75.33410392899998,5.039076001834672],[-75.327859252,5.041908176834566],[-75.31786551300002,5.029320828835019],[-75.31815104999998,5.014449200835456],[-75.335568706,4.974640814836752],[-75.35136832699999,4.968002120836958],[-75.353509842,4.962624538837141],[-75.35215354500002,4.938282650837952],[-75.341255618,4.908848718838883],[-75.33476522500001,4.899649744839175],[-75.319398583,4.893064362839424],[-75.32481155800002,4.863300878840393],[-75.33849346,4.852385100840715],[-75.345349279,4.842159663841076],[-75.35235158699999,4.842127689841053],[-75.35696179299998,4.826869395841572],[-75.37549906999999,4.802684967842344],[-75.38580308799999,4.799753602842445],[-75.39960745299999,4.807747016842184],[-75.40553666400001,4.804059401842316],[-75.42686677299997,4.816390872841897],[-75.43016200800002,4.834745673841289],[-75.43768110100001,4.839022754841142],[-75.440039151,4.845130829840988],[-75.43751215999998,4.848285997840863],[-75.43874710300003,4.855231644840645],[-75.45192967700001,4.86952923584018],[-75.456349526,4.886899300839637],[-75.472946267,4.890789717839497],[-75.474272816,4.903948141839053],[-75.48404645199997,4.910676066838839],[-75.48008524099998,4.916464206838645],[-75.51193141800002,4.924286890838407],[-75.53745761300002,4.916533211838638],[-75.541978589,4.920489062838515],[-75.543382473,4.928460260838261],[-75.557084599,4.923990440838413],[-75.56443713300001,4.937731826837952],[-75.57487741400001,4.932997684838091],[-75.587572417,4.934562712838054],[-75.59497491899998,4.926196528838314],[-75.60933021099999,4.933934534838074],[-75.617061079,4.93140517083816],[-75.616146174,4.949914997837561],[-75.61950073600002,4.962460183837167],[-75.625042318,4.967213802836998],[-75.623078867,4.970959858836888],[-75.63634508899997,4.971295715836854],[-75.63950501300002,4.974998157836755],[-75.64192730399998,4.971136295836874],[-75.63915761200002,4.968766349836964],[-75.654162493,4.95803022283728],[-75.65265584899998,4.950835911837533],[-75.65532274499998,4.945972750837695],[-75.65985369700002,4.947093955837664],[-75.6659778,4.942715890837776],[-75.67759907099997,4.94580091783767],[-75.68229240599999,4.942880619837775],[-75.70259337700003,4.945721160837699],[-75.70602188200002,4.953111109837474],[-75.71422786800002,4.957796539837307],[-75.71684643600003,4.974202810836776],[-75.71474901,4.976712001836693],[-75.72005048800003,4.983300245836478],[-75.719908944,4.992719372836173],[-75.746812971,5.046819020834397],[-75.75846580299998,5.037873150834693],[-75.762084007,5.02482519283516],[-75.77242631799999,5.020078296835287],[-75.77395524899998,5.014779062835451],[-75.770617211,5.007478611835696],[-75.777101169,5.006317905835724],[-75.78139178599997,5.010384384835606],[-75.78019905899998,5.00316398183582],[-75.78561035799999,4.996047637836062],[-75.77853404299998,4.993165879836152],[-75.78531417599999,4.990067989836257],[-75.78656293799997,4.983968270836439],[-75.79324701399997,4.980117920836571],[-75.79079752299998,4.974890733836735],[-75.79624084400001,4.966341520837034],[-75.78836707599999,4.949383258837585],[-75.792188904,4.937768377837948],[-75.80274562199997,4.936486135837989],[-75.81480708599997,4.919438478838567],[-75.83879561700002,4.929283747838222],[-75.85594726699998,4.930261450838181],[-75.86063226800002,4.934783268838036],[-75.86668449799998,4.933623448838074],[-75.86072690100002,4.942129236837834],[-75.87081124500003,4.946563004837647],[-75.87301394600001,4.951429342837486],[-75.87994440900002,4.951293033837521],[-75.87997130000002,4.958163486837278],[-75.89216009299997,4.961530422837187],[-75.891725839,4.968341630836951],[-75.89700229599998,4.973344448836824],[-75.897174807,4.982713574836493],[-75.90442621300002,4.995729226836101],[-75.90386704000002,5.023616511835161],[-75.91268294000002,5.028423020835002],[-75.92250416399997,5.045335038834476],[-75.91225197199998,5.07366649083353],[-75.91735166799998,5.078686350833371],[-75.91546547799999,5.086071430833136],[-75.90879894800003,5.090771931832982],[-75.898918906,5.1066598338325],[-75.90245177100002,5.11106094083234],[-75.89888896999997,5.113226565832239],[-75.89987578300003,5.118437496832099],[-75.888378467,5.116562186832156],[-75.89198716499999,5.130911614831685],[-75.87449270600001,5.131885456831665],[-75.845848521,5.10558089883253],[-75.83656882100001,5.114781864832212],[-75.83547197899998,5.123693737831908],[-75.838206667,5.12730240083181],[-75.830688942,5.145707548831217],[-75.83382269499998,5.150083375831067],[-75.827712239,5.153966658830931],[-75.821984343,5.172441112830336],[-75.816409265,5.175482062830245],[-75.81440337999999,5.187917125829843],[-75.80872836499998,5.188531027829817],[-75.80237520399999,5.200359328829419],[-75.808314339,5.207404913829203],[-75.80349593099999,5.224251497828663],[-75.80497942599999,5.235080546828303],[-75.813331334,5.235586183828291],[-75.820600588,5.243741785828019],[-75.82524648100002,5.259398637827516],[-75.82366414400002,5.270118110827159],[-75.81400353200002,5.271272150827141],[-75.80313058500002,5.281186172826789],[-75.79830503800002,5.280179663826851],[-75.78694587899997,5.28481818282672],[-75.77421861,5.274101832827019],[-75.763144598,5.273368957827065],[-75.75477841100002,5.282843973826765],[-75.748256223,5.284334236826709],[-75.746071879,5.274954402827],[-75.737101311,5.270785586827129],[-75.73505973300001,5.264499050827326],[-75.71447127,5.262861142827421],[-75.71000264000003,5.259867782827511],[-75.69872955300002,5.26137454782745],[-75.69400394399997,5.259318693827521],[-75.693651783,5.255249813827681],[-75.66799664899997,5.266549488827287],[-75.66167204200002,5.29104841882648],[-75.651721136,5.306281728825979],[-75.648216563,5.306919841825992],[-75.65119540299997,5.314239516825721],[-75.659900946,5.318888607825601],[-75.66170981,5.331110528825202],[-75.666599173,5.338481472824962],[-75.666170872,5.354000320824457],[-75.68034770100002,5.356270327824372],[-75.68981319699998,5.371239516823888],[-75.697782743,5.376454770823726],[-75.69553177300003,5.383250513823502],[-75.69836716700001,5.387744682823361],[-75.71244974000001,5.386248631823401],[-75.72522650899998,5.397141539823062],[-75.73022059599998,5.395170045823095],[-75.739263789,5.397692264823026],[-75.743594406,5.392167154823199],[-75.74210962500001,5.383834282823488],[-75.76290627999998,5.386908456823393],[-75.78845441200002,5.366818857824025],[-75.795145456,5.368046660823992],[-75.81057388099998,5.362078971824196],[-75.81361959100002,5.365124682824071],[-75.818131048,5.362602454824177],[-75.82538364700002,5.3643156658241],[-75.82834369400001,5.367408964824],[-75.83313117199998,5.361079598824219],[-75.83893967699998,5.369839097823938],[-75.84723011099999,5.369578295823938],[-75.853735557,5.374275351823781],[-75.860677985,5.371708953823862],[-75.85802956100002,5.377508450823679],[-75.859228809,5.385341637823442],[-75.85371110300002,5.389226150823314],[-75.85523395799999,5.394294402823152],[-75.85168380300001,5.402589202822877],[-75.85412513,5.405644430822766],[-75.85064151300003,5.412476716822565],[-75.85441057899999,5.425525681822137],[-75.85892560600001,5.427745717822052],[-75.857757828,5.438194527821723],[-75.86467124199999,5.445063322821508],[-75.86802412600002,5.49024212582004],[-75.86540230000003,5.501869118819657],[-75.861740414,5.506332879819524],[-75.85232864,5.493564042819929],[-75.832494167,5.488838933820087],[-75.81699934300002,5.512099426819345],[-75.80685689,5.514389656819239],[-75.80504255099999,5.520724971819037],[-75.78567968700003,5.539968863818431],[-75.77149215100002,5.53729197081852],[-75.76475946599999,5.548318390818172],[-75.74477199400002,5.552277816818034],[-75.730266799,5.564098976817663],[-75.72067995100002,5.551337928818066],[-75.704804626,5.539283011818452],[-75.700570449,5.530734608818716],[-75.69277534100002,5.526879883818838],[-75.68830829900003,5.519155597819105],[-75.67222694999998,5.529131249818755],[-75.656893702,5.525305076818889],[-75.651554192,5.53034477681873],[-75.640549728,5.530178433818742],[-75.627270264,5.525896427818896],[-75.61662486900002,5.53230817881866],[-75.596435143,5.518102794819143],[-75.582732314,5.518853447819128],[-75.577431074,5.516206683819196],[-75.569303946,5.522803238818978],[-75.56912548600002,5.539935356818424],[-75.57607950599999,5.5497437248181],[-75.57509440899997,5.574742339817311],[-75.58058239399998,5.592610190816737],[-75.58015459900002,5.605637349816305],[-75.584337183,5.619022207815862],[-75.582666802,5.625960716815646],[-75.58964814400002,5.644377742815062],[-75.58445140100002,5.655585004814677],[-75.57594244900002,5.659839482814538],[-75.57265879,5.666506730814364],[-75.575214334,5.670618440814197],[-75.58877726100002,5.673830711814083],[-75.599498735,5.681200392813846],[-75.59974657700002,5.696708752813361],[-75.59547734699999,5.711273434812902],[-75.59982690200002,5.717779194812673],[-75.59926247200002,5.737311281812054],[-75.58695570499998,5.734718658812147],[-75.572583758,5.723106890812495],[-75.55593429800001,5.724425485812437],[-75.542785396,5.719414341812625],[-75.540613082,5.712367368812848],[-75.544170242,5.708878088812967],[-75.535490154,5.690976256813538],[-75.531763829,5.689518448813591],[-75.52846784000002,5.694089511813451],[-75.51989426199998,5.695120346813416],[-75.50929865400002,5.681362370813837],[-75.50576766799998,5.680367897813879],[-75.50308170699998,5.685050165813739],[-75.48920469299998,5.677512032814008],[-75.48589248000002,5.669916792814254],[-75.47816141099997,5.664284377814394],[-75.46766104800002,5.667746724814268],[-75.454669195,5.682191194813804],[-75.44124903599999,5.686036403813703],[-75.43831753799998,5.691728076813515],[-75.42998025399999,5.696226056813365],[-75.41624127300003,5.696343419813378],[-75.406628248,5.681229082813868],[-75.37621055800003,5.673174174814113],[-75.36789434600001,5.654905465814716],[-75.36866767100003,5.639902963815191],[-75.38353930199997,5.626994390815602],[-75.38311099700002,5.621509730815799],[-75.376341432,5.610885439816141],[-75.370523649,5.608827205816205],[-75.36528883199998,5.601569847816434],[-75.35184488099998,5.601391390816435],[-75.34260067500003,5.605424574816292],[-75.34020931700002,5.603009423816386],[-75.340275942,5.595695752816599],[-75.34582706600003,5.587109566816938],[-75.34088016599998,5.583497544817025],[-75.33848167000002,5.568614015817533],[-75.32778837199999,5.557820779817838],[-75.333855997,5.550054218818111],[-75.332685298,5.544179330818302],[-75.326932361,5.541776076818378],[-75.33063241999997,5.532769816818642],[-75.328847827,5.524572572818925],[-75.32195928700003,5.517743521819144],[-75.31560612599998,5.517160552819172],[-75.31082341000001,5.508665875819457],[-75.314809007,5.502443584819627],[-75.317382989,5.486470988820162],[-75.31329924099998,5.482554903820273],[-75.318586257,5.467167503820768],[-75.31632041699999,5.459164248821075],[-75.31356024500002,5.464745406820871],[-75.30740695700001,5.467386610820776],[-75.304137578,5.465573458820824],[-75.29607981599997,5.474663700820545],[-75.28826340400002,5.471760077820628],[-75.282580624,5.47568882082052],[-75.286922404,5.459347330821043],[-75.28619904700003,5.450210200821344],[-75.279153463,5.437624040821741],[-75.28113317499998,5.424213397822187],[-75.27932399100001,5.419049970822336],[-75.27592951399998,5.418558388822361],[-75.25470010599997,5.448719611821378],[-75.250496424,5.459707567821035],[-75.24387277400001,5.463645912820896],[-75.22072681999998,5.502936206819635],[-75.20828894200002,5.506158894819528],[-75.19945917400003,5.517763434819154],[-75.181407267,5.523468706818973],[-75.15009780000003,5.530273992818726],[-75.137794493,5.527138686818844],[-75.13183572399998,5.536871374818513],[-75.13299274100001,5.546737811818211],[-75.129840044,5.553236625817998],[-75.120799282,5.559482708817812],[-75.11882485400002,5.565659132817595],[-75.11397432299998,5.565776915817603],[-75.11257627100002,5.571584227817414],[-75.10628082199997,5.571621016817391],[-75.09127118200001,5.585931097816953],[-75.091993855,5.590892466816785],[-75.087378994,5.598221951816568],[-75.08949036500002,5.602550270816398],[-75.09589989800003,5.603254064816371],[-75.09618141200002,5.608577743816218],[-75.089012793,5.615022462816008],[-75.091596714,5.627645464815597],[-75.09916247400002,5.641932428815142],[-75.093687982,5.6553044678147],[-75.086624932,5.660975016814515],[-75.07684725500002,5.656651726814655],[-75.064591903,5.665980180814365],[-75.05357476299997,5.665809889814357],[-75.047928883,5.660875497814515],[-75.031342924,5.670211606814219],[-75.02729122,5.675709230814029],[-75.008781252,5.682158941813835],[-75.000210616,5.701647641813216],[-74.99153016000002,5.706063371813077],[-74.99330102800002,5.715334121812764],[-74.98161878600001,5.717626638812691],[-74.97054514400003,5.715091599812761],[-74.95194416499999,5.720065590812589],[-74.93157689399999,5.733514115812151],[-74.886962,5.738890782811993],[-74.88015693400001,5.745964570811776],[-74.86512118500002,5.747207478811726],[-74.84109126800001,5.738430957811995],[-74.82905520100002,5.713065508812824],[-74.820269925,5.708381577812988],[-74.81107684199998,5.709267096812966],[-74.805332621,5.69846609581331],[-74.79733964399998,5.702322765813189],[-74.790305725,5.69604812481339],[-74.78229923599997,5.695810175813397],[-74.772429231,5.689718756813567],[-74.76536698799998,5.699807672813273],[-74.75281149199998,5.696424478813344],[-74.739123129,5.699300831813284],[-74.740779239,5.703655244813128],[-74.73792388499999,5.707010286813035],[-74.72944348599998,5.706467767813026],[-74.72928644199999,5.71139325281287],[-74.73298412399998,5.714648354812789],[-74.72538888499997,5.723528503812498],[-74.72713065,5.743787236811831],[-74.72227655,5.749126745811672],[-74.72034918399999,5.757621421811391],[-74.71296809400002,5.75580827381146],[-74.713931903,5.772178155810915],[-74.69822538199998,5.771167479810927],[-74.680560264,5.77916246781068],[-74.670215557,5.768387082811039],[-74.664960426,5.768536585811024],[-74.65771725000002,5.74057599781194],[-74.659692205,5.732081317812209],[-74.65195895599999,5.709524042812935],[-74.63371814099997,5.708052054812991],[-74.627455957,5.696037734813389],[-74.628169319,5.678194710813961],[-74.63704377200003,5.651273004814837],[-74.62851241300001,5.631736638815458],[-74.64458908799998,5.61944324581586],[-74.644929547,5.601717511816428],[-74.65305136400002,5.574720973817309],[-74.65163714099998,5.565139994817595],[-74.64097261500001,5.548592433818157],[-74.64101453900003,5.540218212818428],[-74.65266127299998,5.525366464818894],[-74.67002473999997,5.519933299819072],[-74.674572597,5.514650658819235],[-74.66045247,5.451245312821321],[-74.649547654,5.445511686821511],[-74.64988585999998,5.442308966821567],[-74.654544525,5.439934231821653],[-74.66712447700002,5.443450199821527],[-74.67640012200002,5.438085982821735],[-74.676869893,5.431969746821909],[-74.66777299,5.420358034822298],[-74.66669331999998,5.40591286182275],[-74.68483850799998,5.400236048822957],[-74.67784288500002,5.377821525823674],[-74.68508834800002,5.367185332824031],[-74.69440393500003,5.363687524824129],[-74.70392425300003,5.372695061823837],[-74.706610576,5.370968684823891],[-74.70107721699998,5.353180184824463],[-74.709143901,5.341782603824854],[-74.714699833,5.315012017825723],[-74.72966069699999,5.303055233826107],[-74.73427575800002,5.286864726826654],[-74.742651465,5.285710688826647],[-74.743080911,5.291098153826487],[-74.754465439,5.281705116826796],[-74.75552782800003,5.285577694826645],[-74.76021847099997,5.286210400826653],[-74.75912115699998,5.290160421826513],[-74.76639599200001,5.288217099826586],[-74.77445760699999,5.299162620826229],[-74.78004576799998,5.297510481826292],[-74.78242795,5.299819710826211],[-74.78471677200002,5.297142312826297],[-74.79621235899998,5.300318692826206],[-74.79831818000002,5.30455413482605],[-74.80481648900002,5.302784606826094],[-74.82667113899998,5.319335664825564],[-74.846007235,5.314104816825731],[-74.84808926599999,5.316680583825648],[-74.854020069,5.3150566008257],[-74.86127117400002,5.306258491825985],[-74.869140357,5.304606007826062],[-74.867861157,5.302071406826166],[-74.87362897000003,5.294894951826366],[-74.88941379,5.30064591682618],[-74.892871287,5.297936181826278],[-74.89836515500002,5.298932358826232],[-74.91412843900002,5.310407826825873],[-74.92109063800001,5.308692220825924],[-74.939339346,5.313034985825774],[-74.95484161600001,5.301446940826157],[-74.96760687800003,5.300536056826179],[-74.96952787100003,5.296615708826291],[-74.97907855800003,5.295040609826367],[-74.98658618399998,5.288620084826571],[-75.01015533700001,5.293368449826422],[-75.023263402,5.286364668826672],[-75.028096942,5.288826023826568],[-75.03231287699998,5.278132685826904],[-75.05657420799997,5.275553978826993],[-75.06293308800002,5.264357592827357],[-75.06274576499999,5.252196588827749],[-75.075051943,5.244062954828019],[-75.08499474799999,5.223350118828666],[-75.09084212099998,5.221037146828764],[-75.09163232399999,5.215971899828926],[-75.098259198,5.21118980982909],[-75.10541273899997,5.198465800829492],[-75.10618514999999,5.18548138582991],[-75.11326250299999,5.181770950830011],[-75.11552065900003,5.174524668830265],[-75.11592949800001,5.166050368830559],[-75.11292681600003,5.166040550830533],[-75.113027289,5.162845737830636],[-75.11947432,5.159532292830746],[-75.124571479,5.160807116830704],[-75.13050497299997,5.155856498830859],[-75.14001668399999,5.158253236830799],[-75.15499245900003,5.171453809830374],[-75.165791361,5.167622326830503],[-75.171578243,5.170964781830389],[-75.179173483,5.164261839830599],[-75.19823296499999,5.162184572830667],[-75.20572112899998,5.154225274830919],[-75.206970345,5.144274370831246],[-75.21296658799997,5.143646192831269],[-75.21133189800003,5.138763536831418],[-75.217599398,5.133966542831575],[-75.22201805700001,5.136229410831506],[-75.22922782199998,5.132945754831602],[-75.23501705299998,5.126000107831875],[-75.252006402,5.129883388831701],[-75.275820635,5.140804945831372],[-75.28306609499998,5.14089417783136],[-75.298253005,5.127004074831823],[-75.29856233499999,5.121727619831987],[-75.30530810699997,5.118830624832064],[-75.30832288200003,5.110926053832342],[-75.32502670000002,5.099775899832697],[-75.34475243100002,5.080784946833304],[-75.34262995199998,5.073513316833549],[-75.34879275700001,5.057294908834088],[-75.34200558200001,5.052397976834241],[-75.33832217600002,5.044974058834504],[-75.34604917799999,5.051209636834274],[-75.35537666599998,5.050507692834286],[-75.360861323,5.059858973834005],[-75.37005793999998,5.063987338833852],[-75.36180121000001,5.085295412833152],[-75.364871687,5.092953248832919],[-75.358136839,5.099274745832705],[-75.35712160399999,5.106558871832469],[-75.350197369,5.10594021183251],[-75.34902002799998,5.108937028832401],[-75.35300395799999,5.117699178832111],[-75.350422245,5.130119965831712],[-75.35694223000002,5.147057561831146],[-75.36160596899998,5.145308661831209],[-75.36967234600002,5.148770774831115],[-75.373332313,5.146148014831187],[-75.39722447999998,5.144877382831234],[-75.40895284499999,5.147068864831155],[-75.41321445699998,5.142057721831331],[-75.42663461500001,5.137624785831469],[-75.43489941000001,5.123656670831916],[-75.440196092,5.122585913831975],[-75.448533721,5.130238259831708],[-75.45912708499998,5.124870196831895],[-75.47431613700002,5.129352385831731],[-75.47883949200002,5.140964156831353],[-75.49122140999998,5.144875196831216],[-75.49559724300002,5.136897658831491],[-75.50975979499998,5.131482006831661],[-75.51049266899997,5.122068854831981],[-75.51460437700001,5.122240175831959],[-75.52554038,5.113226778832267],[-75.53146999400002,5.116596098832144],[-75.53820862499998,5.129806861831731],[-75.54987750700002,5.128131724831788],[-75.55029351600001,5.146255322831186],[-75.56213133199998,5.149301035831089],[-75.56360064,5.156902736830838],[-75.576208458,5.149637723831083],[-75.597042036,5.159352286830755],[-75.614352617,5.149168190831101],[-75.62746344700003,5.154771820830907],[-75.63011654600001,5.15110745283104],[-75.62994998200003,5.154176956830935],[-75.634875464,5.155438069830895],[-75.642097132,5.150572072831031],[-75.65002073599999,5.153820036830947],[-75.64874772500002,5.163302188830616],[-75.657824178,5.162051190830666],[-75.66237132600003,5.166212863830529],[-75.67027011300002,5.15762309583083],[-75.67793853,5.137915968831465],[-75.67078174800002,5.126419048831822],[-75.673494334,5.123382853831931],[-75.669454009,5.120116450832044],[-75.67428431500002,5.110039432832368],[-75.66845463099997,5.109051954832382],[-75.66508769500001,5.112145253832277],[-75.66205387999997,5.106779570832477],[-75.666884191,5.102853459832605],[-75.665516,5.099117707832709],[-75.674772104,5.093823406832897],[-75.67395118600001,5.086375690833142],[-75.66695557499997,5.087398860833099],[-75.66444524299999,5.082770809833247],[-75.666717625,5.077773940833387],[-75.65440391800001,5.08004632683333],[-75.64294681299998,5.067423286833743],[-75.63835445299998,5.066114584833773],[-75.63821168499999,5.062700054833894],[-75.621912378,5.069624288833662],[-75.62003260400002,5.061105816833954],[-75.61502383800001,5.063104565833886],[-75.61060993799998,5.060796487833957],[-75.605375122,5.052004377834241],[-75.59663060000003,5.045901059834458],[-75.60285289500001,5.041011267834578],[-75.5984014,5.037290266834732],[-75.60498774400003,5.025545248835109],[-75.60538749699998,5.016141618835409],[-75.59952183000001,5.012603662835524],[-75.60150003500002,5.00912392883564]]]},"properties":{"secretaria":"Caldas"}},{"type":"Feature","geometry":{"type":"Polygon","coordinates":[[[-75.489258828,0.781630693974225],[-75.504051103,0.766777116974714],[-75.52090652099997,0.775730243974407],[-75.52468953200002,0.782329499974201],[-75.535534165,0.785776240974095],[-75.53893887499999,0.789937553973958],[-75.53708940299998,0.826086329972766],[-75.547219466,0.832685581972551],[-75.56907021299997,0.833380755972512],[-75.58294426600003,0.839069117972328],[-75.60777151999997,0.838261014972358],[-75.612522775,0.842934381972214],[-75.61408056300002,0.859369048971672],[-75.61922126500002,0.867703219971396],[-75.636356939,0.876738390971093],[-75.660346881,0.873311257971203],[-75.68192712000001,0.85690822997173],[-75.71215795199998,0.86238482997156],[-75.73095364400001,0.858704556971694],[-75.742388785,0.853490834971859],[-75.757197512,0.837586784972363],[-75.76157879200002,0.83749915897239],[-75.766617264,0.843852017972179],[-75.76495237799998,0.853534646971862],[-75.77126142100002,0.864663096971493],[-75.797315433,0.894039581970522],[-75.80890213599997,0.895518665970457],[-75.81536289399997,0.891696571970599],[-75.827445915,0.874111460971164],[-75.847632955,0.879119764970993],[-75.85929392700001,0.889498672970661],[-75.87003036200002,0.925461841969487],[-75.89320186999998,0.933808079969213],[-75.90094299499998,0.943416408968899],[-75.90436620600002,0.965706179968137],[-75.90917967500002,0.97305921796792],[-75.917064772,0.977116597967789],[-75.94569426800001,0.980922690967647],[-75.94596190800002,0.987677108967431],[-75.931999873,0.99388612196722],[-75.93093333399997,1.007141047966786],[-75.92170362600001,1.020252944966344],[-75.92051610099998,1.027255248966135],[-75.925184302,1.034257549965907],[-75.93612256400002,1.029593950966031],[-75.947624427,1.030694975966022],[-75.97490678600002,1.061084347965019],[-75.99420576199998,1.072586516964625],[-76.00006893699998,1.06960649096473],[-76.00071388600003,1.065214694964883],[-75.988922639,1.055576529965187],[-75.98570137399997,1.048103195965437],[-75.98911591500001,1.033156529965917],[-75.994012236,1.027229405966134],[-76.00064804099998,1.031030494965984],[-76.000812236,1.047563410965459],[-76.004943507,1.054666299965234],[-76.012155113,1.05390527796525],[-76.01991657100001,1.047760486965456],[-76.038508525,1.052786452965297],[-76.049247691,1.046225664965513],[-76.06405528,1.054582422965225],[-76.084951516,1.057551879965138],[-76.080544611,1.062271978964976],[-76.08130819299998,1.065661150964839],[-76.09192052600002,1.071155808964683],[-76.10081225099998,1.068114367964793],[-76.10295454200002,1.078729924964438],[-76.113726358,1.085603193964193],[-76.12407747999998,1.087605414964123],[-76.12341139799997,1.100644106963704],[-76.12819293299998,1.10259860696365],[-76.139184103,1.09751337496382],[-76.14454212700002,1.103663756963599],[-76.147924553,1.099603569963741],[-76.147744918,1.104005695963603],[-76.152908632,1.104497777963577],[-76.15215249800002,1.10919879096341],[-76.15633563,1.110061400963395],[-76.15972085700002,1.116211178963201],[-76.16313241400002,1.114100866963258],[-76.16484015100002,1.106666704963523],[-76.17120307,1.111034989963378],[-76.18380274600003,1.104818318963578],[-76.19047488299998,1.108672285963446],[-76.19486078199998,1.10725603396348],[-76.20374213600002,1.115841872963228],[-76.213636124,1.116359208963189],[-76.21482099600001,1.108344568963455],[-76.22828358200002,1.11867828996311],[-76.23190285800001,1.117578767963139],[-76.23360689499998,1.122663418962977],[-76.24873161699998,1.118797815963091],[-76.260092654,1.122491550962986],[-76.28045947800001,1.13791121296248],[-76.28361404100002,1.155917277961891],[-76.28714504300001,1.158099815961819],[-76.287740885,1.168621847961453],[-76.28508151900002,1.171229260961392],[-76.28855499399998,1.170915788961384],[-76.29266934999998,1.178988102961123],[-76.302722641,1.176715719961209],[-76.294879219,1.184686015960945],[-76.298443895,1.18692524996087],[-76.299489543,1.193671041960647],[-76.290718428,1.19996698696042],[-76.28945474099999,1.206021524960216],[-76.293029429,1.216066797959889],[-76.30621517100002,1.228630580959497],[-76.303231579,1.229326460959502],[-76.303149943,1.236244582959214],[-76.28532585200003,1.250170373958775],[-76.276806304,1.264658268958302],[-76.26850739600002,1.266636870958242],[-76.25944947099998,1.275917393957909],[-76.25369085699998,1.275915543957918],[-76.24920035500003,1.287296659957543],[-76.252408941,1.289044274957481],[-76.24413517900001,1.293037117957342],[-76.246378876,1.301328043957096],[-76.23240044,1.307985825956872],[-76.22463986999998,1.323207135956384],[-76.21411377599998,1.320557870956469],[-76.21728363699998,1.323784966956349],[-76.21382478599998,1.330132215956131],[-76.219383445,1.331767290956095],[-76.22300622400002,1.337885636955894],[-76.22067319000001,1.342467918955743],[-76.21176993900002,1.344541478955658],[-76.203446412,1.354134898955334],[-76.19914520600003,1.376240213954636],[-76.201970943,1.384799305954333],[-76.19910695099998,1.389772284954175],[-76.20049985100002,1.40298669395374],[-76.19563099499999,1.409892102953525],[-76.19989006100002,1.412372371953429],[-76.20116653600002,1.422269584953096],[-76.198539375,1.419791056953195],[-76.192731261,1.421145383953148],[-76.1856861,1.442283256952441],[-76.17583129899998,1.451055048952157],[-76.17849035799998,1.45983181895186],[-76.186478093,1.459567053951875],[-76.18169390000003,1.480281849951185],[-76.18378748999999,1.488204289950939],[-76.17133162800002,1.508463640950265],[-76.16389245699997,1.509783556950224],[-76.16597087100001,1.513954554950091],[-76.16040536899999,1.52497626694973],[-76.14916885100001,1.536861822949316],[-76.15185123100002,1.539811374949241],[-76.14810026599997,1.544241673949074],[-76.148948152,1.548928387948921],[-76.156301961,1.553721214948777],[-76.15533480300002,1.560653414948543],[-76.15198411,1.561829073948515],[-76.15700198399998,1.56730037094832],[-76.15718588300001,1.575520036948058],[-76.161031977,1.58293892094781],[-76.169746815,1.58798157894763],[-76.15297470399997,1.583072119947815],[-76.145101071,1.575343631948068],[-76.13729643699997,1.574696416948074],[-76.12437813399998,1.566068916948368],[-76.12000624900003,1.552144208948841],[-76.09011070499997,1.568372131948282],[-76.087447494,1.57715115194801],[-76.08096583999998,1.577541386947994],[-76.074579369,1.584832054947751],[-76.065147185,1.58572673394772],[-76.05561506499998,1.580342803947904],[-76.04635420199997,1.584340296947756],[-76.03437752899998,1.582767256947827],[-76.023520895,1.590845743947539],[-76.00602709700001,1.614751000946776],[-75.99406316699998,1.614751000946776],[-75.980847799,1.624355932946463],[-75.977528447,1.642356554945856],[-75.981876392,1.652660454945513],[-75.979993573,1.657589864945336],[-75.97247304500002,1.661124857945243],[-75.962790068,1.659155548945302],[-75.95265118700001,1.66380025594516],[-75.95186154800001,1.670273210944938],[-75.94274688299998,1.675376969944784],[-75.933702606,1.692964437944189],[-75.92351055400002,1.696345038944076],[-75.920650379,1.70421152094382],[-75.91223660499998,1.711959045943576],[-75.89995323,1.71710492994341],[-75.88334251499998,1.713296378943512],[-75.87334134000002,1.714249574943496],[-75.85349373399998,1.72564914794312],[-75.844020447,1.722648843943215],[-75.84069709599999,1.725304241943128],[-75.837280544,1.740225752942649],[-75.83032025,1.747400986942398],[-75.816973157,1.753548157942205],[-75.799141223,1.750094536942312],[-75.78566157699998,1.76322916394188],[-75.78658466899998,1.726199011943102],[-75.78315595700002,1.72280089794322],[-75.77282923400003,1.723550299943189],[-75.77290546400002,1.714765783943488],[-75.76895562700003,1.708804112943664],[-75.768543008,1.699453528943971],[-75.76564859000001,1.697933723944032],[-75.76735521400002,1.694716227944145],[-75.762997939,1.694508726944174],[-75.76476892900001,1.691007806944271],[-75.75813950100002,1.686643580944404],[-75.76018229800002,1.683567465944509],[-75.75809403099998,1.678123888944697],[-75.76294507799997,1.675723048944767],[-75.770680862,1.660657587945255],[-75.77623114599999,1.66128323894524],[-75.78115477900002,1.656860962945371],[-75.781360124,1.648079074945677],[-75.79304631399998,1.641278017945883],[-75.794777146,1.634482804946126],[-75.797958193,1.633192279946165],[-75.79544632,1.626743509946359],[-75.79879973200002,1.627262528946372],[-75.799825473,1.621612013946537],[-75.80314691900003,1.622040798946523],[-75.80171736400001,1.616132632946735],[-75.80513807699998,1.615399529946744],[-75.80028091999998,1.610510485946921],[-75.80565005099999,1.606980082947024],[-75.79957245600002,1.602202797947191],[-75.797436387,1.605585378947065],[-75.793456027,1.605156495947099],[-75.78582479099998,1.59394126694745],[-75.78260868799998,1.594929475947431],[-75.787944257,1.585522974947736],[-75.78734735699999,1.576877110948012],[-75.78567221700001,1.581455193947867],[-75.77889112999998,1.582606190947857],[-75.776482322,1.579777249947931],[-75.77350799599998,1.582709937947821],[-75.76898263599998,1.569156067948256],[-75.765629548,1.567269145948339],[-75.769669943,1.560511956948575],[-75.763799791,1.556452582948702],[-75.757201527,1.558177408948635],[-75.759782949,1.552529364948818],[-75.75689081299998,1.544817904949077],[-75.74992259099997,1.544794756949051],[-75.737343312,1.534346281949423],[-75.740443417,1.531575476949506],[-75.74027197100003,1.524976213949721],[-75.73472761800002,1.513514182950092],[-75.73338136799998,1.488805071950914],[-75.727376193,1.487555070950932],[-75.73149614,1.492745007950775],[-75.729842996,1.498044678950592],[-75.71158331599997,1.500154366950544],[-75.70508258299998,1.508707680950242],[-75.703079753,1.501779951950484],[-75.69658382400002,1.495510068950674],[-75.69550137099998,1.488564799950934],[-75.68669853799997,1.492866354950777],[-75.681993417,1.490497026950867],[-75.679812514,1.494083011950725],[-75.67501291399998,1.492733702950786],[-75.673888653,1.497423106950612],[-75.67152008199997,1.492248385950834],[-75.66354700900001,1.496430158950671],[-75.66457804499998,1.488853377950904],[-75.659648065,1.48105388695115],[-75.65119648000001,1.478119697951277],[-75.652957792,1.473191165951427],[-75.649422674,1.474712757951394],[-75.649974869,1.463974521951737],[-75.64407887800002,1.466920789951661],[-75.640165895,1.461628822951826],[-75.640426638,1.455363892952047],[-75.63456276199997,1.453888776952047],[-75.63350113899997,1.441266754952503],[-75.63108674400002,1.441832301952492],[-75.63220920200001,1.44857933095227],[-75.62690812,1.438364335952591],[-75.62253474300002,1.440784089952527],[-75.615337984,1.436129684952681],[-75.61434776099998,1.430160518952879],[-75.618650967,1.42797441395293],[-75.60536016499998,1.421805739953153],[-75.60032807300001,1.422859321953115],[-75.60175830600002,1.408372948953583],[-75.59673579899999,1.394819014954013],[-75.59138255800002,1.393036486954093],[-75.59284083400001,1.386474965954273],[-75.58919340099999,1.384685595954349],[-75.59536270400002,1.374295361954694],[-75.59851669400001,1.375243760954641],[-75.59529538599998,1.369700362954833],[-75.601975429,1.373023515954723],[-75.599721299,1.367828337954883],[-75.60304435199998,1.36218284595509],[-75.597185384,1.361155918955126],[-75.597658082,1.355744097955306],[-75.58800222399998,1.349660366955515],[-75.58859340599997,1.344028861955706],[-75.58392837899999,1.345645963955661],[-75.58603903800002,1.340219175955818],[-75.59086102200001,1.339292485955823],[-75.58389030799998,1.332215244956069],[-75.579316216,1.331726958956077],[-75.583958752,1.327568726956256],[-75.576368576,1.326695429956237],[-75.57580851799997,1.321906686956445],[-75.47923311,1.343174705955734],[-75.47632774300001,1.348725344955524],[-75.478883167,1.372354680954748],[-75.472126764,1.381268076954475],[-75.46802081499999,1.403670891953702],[-75.456749785,1.417521305953294],[-75.464811187,1.424959396953032],[-75.4603035,1.429700156952883],[-75.460250009,1.448736608952224],[-75.45610184999998,1.453731383952057],[-75.46087646799998,1.452592287952124],[-75.46348423299997,1.458606490951929],[-75.46046888799998,1.467466475951648],[-75.46223619699998,1.470455212951503],[-75.458425551,1.47276324695144],[-75.459852722,1.478977048951225],[-75.46694492799998,1.485950775950998],[-75.463150515,1.489735216950861],[-75.46419001700002,1.498895688950584],[-75.475167576,1.503155034950466],[-75.47095570200003,1.509731011950211],[-75.47519594300002,1.51187326495018],[-75.48230189700001,1.527144338949675],[-75.47726757800001,1.53532937094938],[-75.48129706399999,1.538499934949289],[-75.47791383100002,1.544535619949064],[-75.485403626,1.564561166948447],[-75.479230562,1.569182813948262],[-75.478697523,1.574848030948071],[-75.48201160000002,1.574409636948078],[-75.479566105,1.583147019947828],[-75.484128386,1.586717572947683],[-75.48560223700002,1.594447600947456],[-75.480496071,1.594433287947445],[-75.47935172299998,1.60497262894707],[-75.47483237900002,1.611907650946891],[-75.470802644,1.61253029894686],[-75.474656655,1.616532767946732],[-75.471206876,1.61812963594665],[-75.47354583200001,1.624028987946484],[-75.469263678,1.630199747946261],[-75.47374604800001,1.630909045946242],[-75.47385711200002,1.634262668946141],[-75.46158700199999,1.63358467794613],[-75.45457287099998,1.640289623945919],[-75.45152241199997,1.649929593945634],[-75.45526924,1.654288114945457],[-75.45593511099997,1.663508492945163],[-75.452640793,1.671321612944886],[-75.44729375399999,1.67196019294491],[-75.44934665699998,1.675774988944756],[-75.445283137,1.675982067944753],[-75.43924444499999,1.682430957944543],[-75.44328839399998,1.685348857944449],[-75.44105162699998,1.692133330944202],[-75.42775605000003,1.693408271944182],[-75.41850312899999,1.69912349894399],[-75.422556821,1.711414725943581],[-75.43303441699999,1.710733070943604],[-75.4349092,1.713655482943545],[-75.43115894099998,1.717042032943394],[-75.43235226299998,1.722291039943246],[-75.42911447,1.721812439943252],[-75.419213382,1.732500310942921],[-75.41764674500001,1.740938231942635],[-75.425586355,1.752428277942269],[-75.42415517799998,1.755862747942156],[-75.427481361,1.756667353942103],[-75.40987988900002,1.766509044941802],[-75.406749208,1.764857132941855],[-75.404044694,1.769442761941669],[-75.403906748,1.772482637941565],[-75.40885311900001,1.774372606941493],[-75.40841636300001,1.809020963940393],[-75.39760147800001,1.809819882940342],[-75.39896409800002,1.815778358940131],[-75.39384780400002,1.814484442940227],[-75.38339548699997,1.824880888939838],[-75.38378180799998,1.828159200939756],[-75.37538122400002,1.828741267939715],[-75.37158611799998,1.843692896939218],[-75.368874813,1.844268746939219],[-75.365147826,1.854254438938873],[-75.36700724600001,1.855720339938848],[-75.354931824,1.866692440938474],[-75.353607103,1.907294718937141],[-75.34671877,1.92138526893666],[-75.352881212,1.932378777936307],[-75.34551142499998,1.957054259935513],[-75.345782859,1.965285306935225],[-75.34126786399997,1.973439423934957],[-75.35545010599998,1.977822365934816],[-75.35428536799998,1.990024812934414],[-75.364281387,1.984084704934599],[-75.378824651,1.988063164934512],[-75.38556328800001,1.984617705934595],[-75.39267977999998,1.99541379693427],[-75.38611246699998,2.039219672932797],[-75.38758153600003,2.046418532932573],[-75.37758780000001,2.059743513932122],[-75.393009484,2.087754528931201],[-75.39196846700003,2.103905122930684],[-75.383670096,2.124933608929968],[-75.392546606,2.126055254929933],[-75.399297209,2.137598289929595],[-75.398868907,2.148234480929189],[-75.40661404999997,2.163332160928753],[-75.40600729,2.173361592928372],[-75.41659446300002,2.193833994927695],[-75.42627541600001,2.19503653592765],[-75.43582894999997,2.20104467492747],[-75.439657426,2.22071141092686],[-75.43346233900002,2.232413862926429],[-75.418528456,2.238398871926255],[-75.410405196,2.245648226926017],[-75.413321484,2.25066802292585],[-75.40861703399997,2.264625974925395],[-75.39666538799997,2.287676332924612],[-75.39053827499998,2.293714216924433],[-75.39447050000001,2.30227042792414],[-75.38628421300001,2.314576026923734],[-75.37636133299998,2.319007650923595],[-75.36979152700002,2.326578470923355],[-75.365478301,2.32644643392335],[-75.35877700499998,2.320020071923548],[-75.348710472,2.32349910892346],[-75.3296241,2.365308383922084],[-75.316382879,2.358841741922272],[-75.31014718699998,2.3616131649222],[-75.30165129099998,2.378861415921639],[-75.29436549399998,2.382090871921519],[-75.28628219299998,2.396409860921054],[-75.28712901699998,2.4097280689206],[-75.279544638,2.422712471920198],[-75.27614364800002,2.424695236920109],[-75.27053535599998,2.422461940920194],[-75.25952502000001,2.441127648919598],[-75.250589919,2.444454097919474],[-75.25334452599998,2.452963431919191],[-75.23109796799997,2.480913320918284],[-75.225693514,2.50252700391757],[-75.22749901600002,2.511273470917266],[-75.205689426,2.508539615917377],[-75.19446180699998,2.511941422917259],[-75.18435358599999,2.506362566917443],[-75.180558088,2.507708337917387],[-75.172631454,2.523832734916856],[-75.18116057399999,2.52829659291672],[-75.18075939699997,2.532429374916583],[-75.170458188,2.550696280915988],[-75.15755635099998,2.563633336915564],[-75.15365613,2.581988855914974],[-75.13269170199999,2.595151387914502],[-75.13402046300001,2.604850692914216],[-75.14952624199998,2.620740645913694],[-75.15015680200003,2.633613528913268],[-75.155599504,2.645926008912856],[-75.153520115,2.656917797912496],[-75.14028095499998,2.6687972249121],[-75.133170608,2.693634739911292],[-75.154093446,2.704123760910956],[-75.14867944600002,2.719171737910455],[-75.14012509899999,2.726038350910235],[-75.12174394700003,2.729534290910107],[-75.114385464,2.72471588291026],[-75.096282922,2.737567748909842],[-75.08785963000003,2.73033418691007],[-75.07471860499999,2.745459186909583],[-75.07034433500002,2.742146320909708],[-75.055041636,2.764425023908962],[-75.042353337,2.777011012908551],[-75.04111152299998,2.783082100908352],[-75.02648572599998,2.793154581908024],[-75.02551987099997,2.7997775819078],[-75.02110453900002,2.80364100290768],[-75.020276664,2.814955296907296],[-75.00082159300001,2.837721864906558],[-74.98895538199997,2.858004806905885],[-74.97543342199998,2.862834077905735],[-74.97129404600003,2.870146976905492],[-74.96411912500002,2.873044542905402],[-74.962601355,2.878011792905227],[-74.95579305400003,2.879709918905182],[-74.954598562,2.885876607904977],[-74.937075203,2.90753934290427],[-74.92714070099998,2.913610426904053],[-74.911033944,2.931601380903497],[-74.90245795300001,2.951691509902816],[-74.90444218800002,2.958229124902617],[-74.89920686800002,2.964148174902407],[-74.89144936899999,2.955457621902683],[-74.88359362800003,2.953277597902777],[-74.88257432799998,2.946148354903001],[-74.878199226,2.944297924903072],[-74.877091602,2.936025379903326],[-74.88128183200001,2.928295123903579],[-74.87865144400001,2.914160534904065],[-74.87031927499999,2.916296986903998],[-74.84660464199999,2.91437417790405],[-74.835708727,2.909033045904219],[-74.829940304,2.919288020903887],[-74.817147583,2.923551270903758],[-74.802708171,2.936358400903333],[-74.798062447,2.936107283903338],[-74.78983483600001,2.926302237903664],[-74.79414497200003,2.913737093904067],[-74.78179898899998,2.900587525904485],[-74.77894991599999,2.883054770905065],[-74.76784583699998,2.872315957905432],[-74.736171835,2.880416459905153],[-74.72598969799998,2.87892658290522],[-74.72006654900002,2.885533172904997],[-74.69446856299999,2.892377865904776],[-74.67131314900001,2.887823287904911],[-74.673506615,2.878226873905244],[-74.666514942,2.869453007905521],[-74.669393867,2.861775878905768],[-74.664458567,2.855058386905983],[-74.66144255199998,2.840663764906458],[-74.67240988200001,2.831204443906759],[-74.666377851,2.824624044906999],[-74.666652032,2.805294125907605],[-74.66418438300002,2.802689384907725],[-74.657055619,2.804060300907658],[-74.654176695,2.783496554908347],[-74.64375773199998,2.769101934908794],[-74.642523906,2.755118588909283],[-74.62442781099998,2.755255680909265],[-74.61921833000002,2.750457473909404],[-74.628951836,2.737022493909846],[-74.626895461,2.721942415910355],[-74.63854824999999,2.708096161910821],[-74.638685339,2.702749584910985],[-74.63498386700002,2.698499744911131],[-74.61935542200001,2.697403012911156],[-74.614816754,2.685740814911532],[-74.59545261400001,2.678906412911772],[-74.58884602799998,2.670021688912077],[-74.58884602799998,2.661820406912331],[-74.59385637899999,2.655727157912531],[-74.59963450700002,2.635969647913203],[-74.61757323,2.634614291913212],[-74.61581444500001,2.617228731913806],[-74.632900743,2.614185968913913],[-74.64390151100002,2.606227965914173],[-74.64834862999999,2.601078668914341],[-74.64788051199997,2.584928607914848],[-74.673158871,2.567842309915427],[-74.68041469600001,2.557309658915766],[-74.67690381300002,2.535776241916477],[-74.68018063699998,2.529924772916671],[-74.67737193099998,2.522903003916903],[-74.65677474900002,2.510029765917326],[-74.64858268799998,2.492007230917916],[-74.66192404499998,2.488730407918002],[-74.66215810300002,2.471175991918583],[-74.67222263500003,2.448238220919349],[-74.672456694,2.424832335920132],[-74.687376094,2.424369808920122],[-74.69255121999998,2.421045336920257],[-74.7012421,2.401789376920883],[-74.708476679,2.374202798921778],[-74.723199277,2.351934609922519],[-74.73304056900002,2.347708919922658],[-74.74201599399998,2.323668364923454],[-74.740412504,2.312681462923803],[-74.74865466099999,2.280275403924882],[-74.74746453400002,2.27146976492517],[-74.743171259,2.269540074925235],[-74.735938837,2.272829725925119],[-74.734569566,2.279932163924885],[-74.73210614499999,2.280055807924864],[-74.72605616300001,2.265059554925363],[-74.71639686200001,2.261825440925466],[-74.70914310699999,2.28376230992475],[-74.698108252,2.28075892892486],[-74.69793163000003,2.269730745925213],[-74.69120736100001,2.262063634925475],[-74.676689453,2.255308752925707],[-74.666353453,2.254460768925716],[-74.66183128699998,2.244808959926043],[-74.64963090100002,2.242309013926127],[-74.648665273,2.228105572926582],[-74.65933912899999,2.226794622926624],[-74.663176588,2.219066236926883],[-74.66814578999998,2.216962092926966],[-74.667974513,2.212303323927118],[-74.65340109300001,2.206513928927283],[-74.64803373299998,2.20123218792748],[-74.64097397400002,2.200950808927491],[-74.634982418,2.187544633927931],[-74.62329566300002,2.198457538927567],[-74.61736493,2.19675524092763],[-74.61146002999999,2.201054676927483],[-74.59949115299997,2.193763288927721],[-74.59687725999999,2.183995583928041],[-74.60031659200001,2.152766443929077],[-74.591099181,2.142035726929424],[-74.591511901,2.138321248929541],[-74.64391514,2.118791547930177],[-74.64087702199998,2.108507260930527],[-74.64385961900001,2.094322652931002],[-74.630504487,2.083102713931365],[-74.63297687199997,2.078029576931525],[-74.64487925399999,2.073704513931657],[-74.65304574800001,2.065858353931928],[-74.650988945,2.062234111932045],[-74.642486259,2.061945884932054],[-74.62352396199998,2.069105809931816],[-74.60674615200003,2.0669898519319],[-74.610408017,2.03952884193278],[-74.587958689,2.020333267933424],[-74.587073525,2.005542535933917],[-74.56286012800001,1.974990256934917],[-74.560575847,1.964282679935262],[-74.56648643,1.951662025935694],[-74.56637221800003,1.931389017936356],[-74.570455375,1.923279808936625],[-74.56011899100002,1.900865285937351],[-74.56631511199998,1.873882203938223],[-74.56671486200003,1.856150457938829],[-74.56394516799998,1.848498112939089],[-74.51586101800001,1.833164870939589],[-74.50432539299999,1.827311392939777],[-74.50007091700002,1.817688856940101],[-74.47757073399998,1.807181156940436],[-74.45658388800001,1.807752224940423],[-74.45001657400002,1.81212091794028],[-74.41518126400001,1.812435003940274],[-74.38342973599998,1.790505890940993],[-74.344082969,1.79081997794098],[-74.316757242,1.786365626941136],[-74.28848924599998,1.772288736941586],[-74.27047197000002,1.753529065942202],[-74.22409298000002,1.766976645941749],[-74.21536365100002,1.766663692941768],[-74.21002414600002,1.761524053941943],[-74.20556979499997,1.749845659942333],[-74.20725445099998,1.716123937943445],[-74.196333687,1.70793399294369],[-74.17999452100003,1.704251289943828],[-74.145762021,1.704251289943828],[-74.13041641799998,1.697562177944046],[-74.117628416,1.697955658944032],[-74.10857844499998,1.694020888944169],[-74.10621758299999,1.684774176944476],[-74.095790442,1.674347037944822],[-74.10019357800002,1.660253731945276],[-74.089888287,1.642475401945862],[-74.07887093099998,1.645623214945758],[-74.054868834,1.659788385945296],[-74.04758950899998,1.660181863945258],[-74.025148135,1.646732497945726],[-74.02509519699998,1.635328962946103],[-74.00920618599997,1.640725711945921],[-73.99429082900002,1.639402570945964],[-73.989238854,1.628095770946338],[-73.99164455599998,1.61173699494688],[-73.98652700600002,1.605096477947096],[-73.97494005599998,1.605096477947096],[-73.966786276,1.617112571946689],[-73.95991993500002,1.617541720946691],[-73.94275408300001,1.628270379946333],[-73.92215506000002,1.635995013946075],[-73.91083870300002,1.637341653946043],[-73.900744149,1.631353358946226],[-73.892873818,1.619034581946615],[-73.87747534599998,1.618350205946658],[-73.857628427,1.608084559947],[-73.848389344,1.612533003946843],[-73.82653100099998,1.611937021946873],[-73.81083868299999,1.61741108594669],[-73.79040217599999,1.633468342946156],[-73.77142542000001,1.635293030946106],[-73.75208372499998,1.629089087946298],[-73.74733953600003,1.635657964946088],[-73.73931090899998,1.637847592946017],[-73.71230552399999,1.628359212946336],[-73.69114971099998,1.628825176946323],[-73.683011664,1.624516797946458],[-73.669129113,1.608240705946987],[-73.66002928199998,1.612062078946864],[-73.65804132199997,1.607360566947017],[-73.66390880300003,1.593357366947491],[-73.65884045400003,1.587954637947642],[-73.65834578800002,1.576350892948021],[-73.642644395,1.558041945948645],[-73.64344089600002,1.551640108948861],[-73.61531645899998,1.52702651994966],[-73.606972574,1.5017169119505],[-73.59338868200001,1.489931903950885],[-73.584523118,1.486955621950961],[-73.57794904000002,1.468724537951584],[-73.54725851199998,1.438015101952603],[-73.54449709099998,1.424006511953063],[-73.548122799,1.410479140953498],[-73.54610098799998,1.404007265953725],[-73.537953942,1.39944110995386],[-73.53494659799998,1.389801964954185],[-73.52117105000002,1.391480607954122],[-73.52172134,1.38721628695427],[-73.50874489699999,1.387734049954258],[-73.508527388,1.384259814954373],[-73.50450546000002,1.384192234954372],[-73.50638512199998,1.378458092954566],[-73.50216887900001,1.37679622595462],[-73.50434601799998,1.376651874954605],[-73.503210718,1.370048601954831],[-73.49382246099998,1.372025011954763],[-73.48944365900002,1.367392283954922],[-73.48959887900003,1.372275318954743],[-73.48703366799998,1.368852278954878],[-73.48326341199999,1.370449881954819],[-73.48466525100002,1.363557446955054],[-73.47974374900002,1.363862622955027],[-73.47210893200003,1.358454793955223],[-73.474725428,1.352623234955415],[-73.47001824699998,1.351831757955431],[-73.46898193200002,1.344307700955668],[-73.47121986899998,1.343741323955703],[-73.466669588,1.343884989955684],[-73.470045029,1.340493099955811],[-73.4639259,1.337012634955926],[-73.46619510699998,1.332639465956053],[-73.462075433,1.332541218956073],[-73.45838040199999,1.327440888956242],[-73.45952837700003,1.322144160956391],[-73.455156537,1.321018636956457],[-73.45887730499999,1.316497116956579],[-73.45637908999998,1.314436149956672],[-73.461349918,1.312269061956723],[-73.45150992499998,1.304276803956979],[-73.45607704899999,1.294573247957326],[-73.446755843,1.290811113957451],[-73.444297495,1.295237030957295],[-73.43676337900001,1.29148327695742],[-73.436162019,1.295239368957297],[-73.43327303799998,1.293697472957358],[-73.43385208299998,1.298275644957186],[-73.428253638,1.295942495957285],[-73.42620582900003,1.283535674957679],[-73.42226268399997,1.28035879295779],[-73.42535527799998,1.276635858957915],[-73.42456447299998,1.27013746495813],[-73.428273122,1.267879682958193],[-73.42523896400002,1.264946075958295],[-73.42992551100002,1.261491405958411],[-73.43189162599998,1.263103699958347],[-73.43187025499998,1.258920562958499],[-73.42567778199998,1.252639594958707],[-73.42492588300001,1.256398584958578],[-73.42257884600002,1.253056699958692],[-73.420120354,1.25483667795863],[-73.42036548700003,1.25085034695874],[-73.41696910899998,1.251775216958719],[-73.417203013,1.243790433958999],[-73.414165261,1.245635815958936],[-73.414022896,1.241081187959092],[-73.408740954,1.241436496959067],[-73.415305618,1.23525891795927],[-73.41503813600002,1.232785541959342],[-73.41091574,1.233228213959347],[-73.41526483400003,1.225771424959587],[-73.42416784900001,1.223537484959671],[-73.42068936499999,1.219768198959773],[-73.42309493699997,1.218630124959826],[-73.41572308299999,1.215074726959936],[-73.416770896,1.207169371960209],[-73.412822441,1.206330093960232],[-73.41526413399998,1.208823519960159],[-73.41197434100002,1.209469725960135],[-73.40727170600002,1.205746664960241],[-73.409682497,1.199316757960472],[-73.41068227699998,1.203527403960314],[-73.412960171,1.199242861960463],[-73.417891661,1.198959982960479],[-73.41725464799998,1.192198984960696],[-73.42110045200002,1.191067727960739],[-73.41685411600002,1.190839966960728],[-73.41757348700003,1.18455979296095],[-73.411244065,1.180856504961076],[-73.41097491199997,1.174014971961301],[-73.405302248,1.1708093509614],[-73.40129615799998,1.173227267961326],[-73.39596956100002,1.170138425961412],[-73.392985007,1.17194151596136],[-73.393376466,1.15857431496181],[-73.39736058400001,1.158576814961802],[-73.39749869100001,1.153091168961975],[-73.39192722299998,1.154914775961922],[-73.39271141699999,1.147070901962172],[-73.37479044899999,1.141680291962346],[-73.37377255000001,1.13940437696244],[-73.37714201400001,1.137826296962487],[-73.37284612600001,1.130927072962722],[-73.36061453999997,1.126754531962856],[-73.357315288,1.128384357962799],[-73.36072853600001,1.124000683962951],[-73.35563721699998,1.124166242962928],[-73.35565211099998,1.120253417963071],[-73.34356776700002,1.123403285962943],[-73.34421365600002,1.117448786963162],[-73.33615547199997,1.111869887963339],[-73.333713967,1.113195758963301],[-73.33489300600002,1.105197346963559],[-73.338719578,1.108855268963444],[-73.33768508700001,1.104055883963587],[-73.34177463999998,1.104519800963561],[-73.34054040900003,1.099177493963762],[-73.33548342400002,1.102552956963643],[-73.33287967500002,1.101096760963703],[-73.334430581,1.093910014963935],[-73.31926842899998,1.086820347964167],[-73.32508865900002,1.086636112964171],[-73.32283651,1.080821093964349],[-73.31655840899998,1.081200200964353],[-73.310055783,1.075653166964518],[-73.307907253,1.079516698964411],[-73.30051986299998,1.074725666964561],[-73.303608349,1.072572314964637],[-73.30211689200002,1.070196781964698],[-73.290914096,1.065452465964881],[-73.282012597,1.06679545196483],[-73.27884747000002,1.04729178796546],[-73.265032938,1.048304088965434],[-73.26418260499997,1.044005184965582],[-73.25767688500002,1.044315626965566],[-73.251711059,1.048857479965395],[-73.25241292099997,1.039794012965717],[-73.24799253999998,1.039119146965745],[-73.24664955499998,1.042513728965633],[-73.242971528,1.038754717965753],[-73.24338319700001,1.03338277496593],[-73.23933990900002,1.032612359965922],[-73.24542129600002,1.028199793966085],[-73.24365989299997,1.0247444739662],[-73.24783732100002,1.021923528966296],[-73.23490330300001,1.008697858966733],[-73.220315771,1.004474156966884],[-73.220353595,1.000691737967002],[-73.21672247200001,1.002582946966948],[-73.21668464800001,0.997035400967126],[-73.208212028,1.001032155966999],[-73.206472115,1.006718394966814],[-73.198755979,0.998611406967066],[-73.186551372,1.002973796966908],[-73.18271851999998,1.002696419966943],[-73.184987971,0.998548367967073],[-73.178570466,1.000162198967011],[-73.17884784300003,0.994652474967214],[-73.17577147600002,0.996064578967165],[-73.17164863800002,0.9918030539673],[-73.17689359299999,0.991084391967328],[-73.17202687999998,0.987188499967451],[-73.17578408399999,0.985398153967505],[-73.17292205299998,0.981514870967637],[-73.18889472400002,0.970857151967995],[-73.18950189700001,0.966986425968123],[-73.18067259600002,0.970958347967998],[-73.18224112500002,0.960914699968303],[-73.176523583,0.962559127968274],[-73.178699285,0.95590552596846],[-73.16534148800002,0.953400938968567],[-73.16263451100002,0.949859101968687],[-73.164253638,0.940372028968998],[-73.156714578,0.944369246968854],[-73.15448827900002,0.941738165968942],[-73.15064285199998,0.944470442968861],[-73.149732094,0.940270832968996],[-73.14694921900002,0.943331993968898],[-73.145861368,0.93336424496923],[-73.14935261099998,0.932630577969234],[-73.151831899,0.935919430969143],[-73.154817164,0.933465440969225],[-73.14606375900001,0.92853216296938],[-73.144115747,0.919677562969665],[-73.14102928699998,0.924534944969517],[-73.13756334300001,0.923598888969551],[-73.13966314800001,0.918564413969711],[-73.135084055,0.914870779969836],[-73.13004958300002,0.914643091969845],[-73.12238402899999,0.921954459969593],[-73.11398480899999,0.919500470969672],[-73.109279221,0.924003668969532],[-73.110240578,0.918286125969716],[-73.10287861,0.912340893969926],[-73.09452998699999,0.912695078969907],[-73.09329034299998,0.908368973970033],[-73.08539710000002,0.910620573969979],[-73.085447698,0.904700639970154],[-73.07849051199997,0.906623352970091],[-73.083524985,0.901740672970273],[-73.07752915600003,0.8944546019705],[-73.06447494499997,0.905080122970162],[-73.058226128,0.904700639970154],[-73.05159782700002,0.911860218969936],[-73.04924503299998,0.910924157969959],[-73.04975101000002,0.905409007970136],[-73.040972307,0.91122774596996],[-73.04046633000002,0.902626133970234],[-73.03826532900001,0.902423741970236],[-73.03522946700002,0.913276951969877],[-73.02710853299999,0.917223573969745],[-73.02657725699999,0.921499083969615],[-73.018633416,0.91659110196976],[-73.019847761,0.912796274969904],[-73.015471059,0.914263607969851],[-73.00972821900001,0.910544677969982],[-73.002796332,0.921676175969608],[-73.00476964299997,0.925749288969483],[-72.999709871,0.925066220969506],[-73.001632584,0.928835750969382],[-73.00633817200003,0.928203278969393],[-73.00621167700001,0.933288348969232],[-72.997635365,0.931315036969278],[-72.991664835,0.933338945969218],[-72.996648709,0.922713427969582],[-72.98741462700002,0.92853216296938],[-72.99637042199998,0.952009501968614],[-72.99075407599997,0.949125432968706],[-72.98622558,0.951756513968624],[-72.989134949,0.958561905968396],[-72.985719603,0.961698964968273],[-72.983442706,0.955197160968505],[-72.974158026,0.955703136968486],[-72.97279188700003,0.960054538968338],[-72.96869347199998,0.959573862968365],[-72.965050437,0.963621677968204],[-72.96047134399998,0.96083880296832],[-72.95265399700003,0.978927487967734],[-72.95422252600002,0.983582475967553],[-72.94640517900001,0.982975302967575],[-72.944523974,0.97849783296774],[-72.93906851100002,0.981685061967625],[-72.94134540800002,0.985454590967512],[-72.93671571700003,0.984088454967558],[-72.92891499199999,1.00187226196697],[-72.93320100199998,1.009074165966733],[-72.932498377,1.015151866966515],[-72.92719356200001,1.015924755966504],[-72.92276702700002,1.012481894966622],[-72.917602736,1.016170671966478],[-72.91609209299997,1.01044428496669],[-72.90787138500002,1.008687720966744],[-72.89996685800003,1.01806775996644],[-72.89652399800002,1.016873297966476],[-72.89508361700001,1.011673874966632],[-72.88482529800001,1.024075198966213],[-72.87593709700002,1.021124175966329],[-72.87411027299999,1.026007417966172],[-72.86718941999999,1.024461642966217],[-72.87453184700001,1.036406262965831],[-72.865151809,1.041711076965656],[-72.872283449,1.046348398965508],[-72.87744773999998,1.041324632965656],[-72.87934482600002,1.046172742965504],[-72.87375895999998,1.052215315965307],[-72.85802016899999,1.042238047965636],[-72.86149816099999,1.057309342965126],[-72.860830668,1.071923936964663],[-72.87460211000001,1.074523645964561],[-72.883349786,1.070026847964715],[-72.88405241100003,1.077685455964452],[-72.872142924,1.076807175964482],[-72.86912163800002,1.08653852796418],[-72.88370109800002,1.098623669963777],[-72.881417569,1.10196113696366],[-72.870843068,1.102242186963658],[-72.86567877700003,1.108741463963434],[-72.859284893,1.102277317963664],[-72.851556023,1.102066529963665],[-72.849272493,1.10895225096344],[-72.868419013,1.121423837963024],[-72.87182674299999,1.141659429962363],[-72.86908650700002,1.1466480609622],[-72.84979946099998,1.143099806962308],[-72.85085339800003,1.15817110496182],[-72.859671337,1.161859885961696],[-72.859249762,1.164775775961591],[-72.84203545899999,1.160454634961746],[-72.836730644,1.155852443961893],[-72.83051241599998,1.156625330961854],[-72.82689389900003,1.14889645996212],[-72.824259057,1.158803466961782],[-72.817127417,1.163475920961623],[-72.81624913600001,1.168078111961471],[-72.81874345400001,1.173312666961321],[-72.825137338,1.175244882961258],[-72.82390774499999,1.178231036961141],[-72.80286413800002,1.182657571960988],[-72.797629584,1.176088031961222],[-72.78831980799998,1.177774332961172],[-72.784314848,1.175315145961247],[-72.77128116199998,1.182271129961026],[-72.769208419,1.177106837961177],[-72.77749938900001,1.164564988961584],[-72.77802635799998,1.147877654962155],[-72.76446570299998,1.132595568962641],[-72.74841073099998,1.129012186962774],[-72.73920634799998,1.13927050596244],[-72.74250868399997,1.147245294962177],[-72.73874964200002,1.151109727962041],[-72.733971795,1.153287863961971],[-72.722764933,1.149599087962098],[-72.730599197,1.160524897961744],[-72.72652397399997,1.168710475961472],[-72.72884263499998,1.177949989961167],[-72.725954489,1.1860269269609],[-72.71897076,1.187856994960844],[-72.69919187699998,1.182200866961028],[-72.69364114299998,1.175034094961263],[-72.69437889900001,1.163756970961626],[-72.66918980600002,1.163194872961659],[-72.662198692,1.150793549962058],[-72.65777215700001,1.151777222962034],[-72.654188771,1.159506092961776],[-72.65201063500001,1.182095472961027],[-72.64737331200001,1.180795616961065],[-72.643649402,1.165302745961588],[-72.635674613,1.157644135961821],[-72.6370096,1.152058270962002],[-72.62257066400002,1.136249216962538],[-72.58968783199998,1.124901829962908],[-72.586631415,1.115697447963209],[-72.574300354,1.11358957396329],[-72.55703099700003,1.093614064963937],[-72.53971930799997,1.085192048964221],[-72.52058747500001,1.081017448964359],[-72.510916668,1.068011161964792],[-72.50516872700001,1.068346807964778],[-72.49845580300001,1.073822032964594],[-72.48414888299999,1.07159837696465],[-72.479072235,1.079234327964402],[-72.471331394,1.07946508496439],[-72.468562313,1.084017286964251],[-72.456122425,1.080283222964365],[-72.452451295,1.065556747964871],[-72.43292088099997,1.047578696965468],[-72.42622631400002,1.037301619965785],[-72.423659439,1.022663492966264],[-72.39946042999998,1.003933849966902],[-72.402436142,0.993494729967251],[-72.410478608,0.986819485967464],[-72.400465091,0.967362851968111],[-72.37702235799998,0.960206791968344],[-72.38328328300003,0.938994405969043],[-72.39234760699998,0.92329536996956],[-72.39160003400002,0.919090271969698],[-72.374032065,0.917408228969738],[-72.35440827100001,0.935069644969166],[-72.33992404100002,0.926659447969452],[-72.34693253900002,0.902923999970209],[-72.33235486299998,0.879375445970984],[-72.34356845999997,0.86862908197134],[-72.33114005700003,0.850768066971933],[-72.32758908400001,0.839940962972308],[-72.31880510000002,0.844613294972138],[-72.31665582699998,0.85302349497187],[-72.32534636499997,0.867507723971402],[-72.323944665,0.875357241971141],[-72.31002111599997,0.875824474971125],[-72.30011577099998,0.882085398970917],[-72.291705574,0.877786854971067],[-72.287033242,0.862274710971566],[-72.29058421399998,0.855826891971766],[-72.298246839,0.852089029971905],[-72.30133057799998,0.841155768972272],[-72.28675290199999,0.818728576973004],[-72.303292957,0.817420324973046],[-72.30974077600001,0.813308671973189],[-72.31011456200002,0.809290464973319],[-72.29263945100001,0.781491720974237],[-72.26965445000002,0.763105177974825],[-72.26171066299997,0.765337830974771],[-72.260988334,0.77334910797449],[-72.27002912699999,0.787807089974021],[-72.27034076199999,0.794098495973816],[-72.24869581899998,0.788537372973993],[-72.24266253600001,0.773891315974481],[-72.227012033,0.758690912974991],[-72.22185126800002,0.747279618975342],[-72.23051920900002,0.718189483976303],[-72.21945283600002,0.705100833976755],[-72.21005917600002,0.700083359976921],[-72.20037841499999,0.701969927976833],[-72.19079114700003,0.726988757976034],[-72.178104884,0.723202129976156],[-72.16851495100002,0.712071346976527],[-72.16393366300002,0.713330185976487],[-72.161110016,0.720619133976239],[-72.16672260899998,0.73014006097591],[-72.16337793899999,0.733850785975809],[-72.14622208100002,0.719427450976278],[-72.14029382500001,0.718058153976325],[-72.13556585700002,0.723574115976149],[-72.13359587100001,0.735591031975743],[-72.12670091799998,0.740122002975602],[-72.11947763400002,0.734409039975788],[-72.12138195400001,0.721669796976205],[-72.1098247,0.704924907976761],[-72.09399914099998,0.698817952976961],[-72.081128562,0.704924907976761],[-72.07035930199999,0.692710991977158],[-72.066944659,0.685093709977399],[-72.069308643,0.671303807977867],[-72.072526288,0.666181838978017],[-72.08559386500002,0.662964196978149],[-72.084280541,0.657776564978315],[-72.05164443000001,0.655478247978392],[-72.03319222300001,0.664277518978091],[-72.02649908900003,0.664402568978093],[-72.01365001699997,0.653252548978455],[-71.99931427500002,0.658774460978284],[-71.994217123,0.644544912978748],[-71.994960457,0.63307631797913],[-71.981474241,0.632014410979159],[-71.994960457,0.60663483797999],[-72.01131382199998,0.598989109980236],[-72.011101441,0.595272436980373],[-71.990677124,0.589001079980582],[-71.98976293200002,0.563016230981441],[-71.96387333400003,0.55602414998165],[-71.95310174999997,0.540008504982194],[-71.943369529,0.550591113981827],[-71.94478684299997,0.568118560981272],[-71.93864515000001,0.569961068981194],[-71.929290879,0.55342574198175],[-71.927920809,0.540953380982167],[-71.913133502,0.514544101983034],[-71.92914914699998,0.497205628983608],[-71.929007416,0.486623021983958],[-71.92192084700002,0.478544332984223],[-71.90543276400001,0.478638820984216],[-71.90146428499997,0.47197744498443],[-71.90325954999997,0.468008966984571],[-71.920786996,0.460072008984815],[-71.91936968300001,0.451001200985119],[-71.90420442499999,0.442780780985412],[-71.88984231299997,0.447552404985251],[-71.88507069000002,0.455678335984979],[-71.88710217300002,0.469379036984531],[-71.85899211700001,0.457001164984934],[-71.84727565600002,0.438056403985565],[-71.846897706,0.413584118986369],[-71.83754343499999,0.407111717986583],[-71.82341754100003,0.40574164898661],[-71.828992309,0.398371616986871],[-71.83626785299998,0.395111794986964],[-71.832913544,0.373521384987685],[-71.83470880800002,0.367615908987867],[-71.84311820300002,0.358923053988161],[-71.85374805599997,0.356702594988236],[-71.85313388600002,0.352356164988385],[-71.83461432000001,0.340120021988793],[-71.823464785,0.339364121988809],[-71.80820504000002,0.346119982988581],[-71.80187437199999,0.355285278988269],[-71.80263027299998,0.362466336988049],[-71.81496090299999,0.367001738987884],[-71.81481917100001,0.373568625987688],[-71.78888232999998,0.363836406988009],[-71.76696120999998,0.369600148987819],[-71.77348085300002,0.348387687988509],[-71.78524455799999,0.345364082988606],[-71.789071305,0.335679104988927],[-71.76932340000002,0.327458684989212],[-71.753685705,0.332419285989042],[-71.75132351500002,0.2972226589902],[-71.74522906599998,0.289380188990444],[-71.73724486499998,0.285695174990576],[-71.733796068,0.286829026990548],[-71.73137702000002,0.302200340990034],[-71.72716071500002,0.308560527989807],[-71.70500724800002,0.318422396989508],[-71.699504612,0.306273718989885],[-71.700862405,0.299556215990109],[-71.70615065200002,0.294696745990283],[-71.72437366600002,0.28812216999051],[-71.72630316099998,0.280975887990731],[-71.69793243100003,0.237455043992171],[-71.65727009800003,0.220161049992739],[-71.643906555,0.209584553993091],[-71.62411135999997,0.215873278992876],[-71.62747011099998,0.20479654699325],[-71.617775768,0.196883473993508],[-71.61712267399997,0.192939286993639],[-71.632074494,0.189808883993744],[-71.637129818,0.185478847993885],[-71.63614883000002,0.182972108993959],[-71.605782439,0.183302544993956],[-71.571148543,0.215308574992892],[-71.56077185100003,0.216251912992875],[-71.56171518600001,0.208098795993135],[-71.57721284399997,0.197991628993468],[-71.57788665499999,0.17979872599407],[-71.590015257,0.169556794994413],[-71.589947875,0.16625512099452],[-71.58219904700002,0.163222969994609],[-71.56872282299997,0.170837037994366],[-71.54830634299998,0.173869189994275],[-71.531461063,0.165244404994559],[-71.52687914699999,0.159921294994732],[-71.52613795500002,0.152509371994966],[-71.532000112,0.141391487995349],[-71.54264632899998,0.135596710995532],[-71.545004668,0.131014793995684],[-71.53637988499997,0.121648820995999],[-71.52970915399999,0.119896911996052],[-71.51636769200002,0.132227654995645],[-71.50302623099998,0.129465029995734],[-71.495210021,0.134788136995541],[-71.49487311500002,0.145569115995185],[-71.48308141899997,0.150555321995035],[-71.482744514,0.165648690994537],[-71.47694973699998,0.172117276994308],[-71.47351329999998,0.184987072993901],[-71.46434946800002,0.182089683994001],[-71.455589922,0.174071329994265],[-71.45666802,0.163088206994609],[-71.46879662200001,0.159112720994736],[-71.470346388,0.152644134994969],[-71.46111517399999,0.149948890995067],[-71.44959300300002,0.139033147995429],[-71.43935107200002,0.142200059995306],[-71.43052414599998,0.139774341995404],[-71.42183198100003,0.141997918995325],[-71.40882742500003,0.150690080995024],[-71.401752408,0.160123439994729],[-71.40269574299998,0.184380641993926],[-71.399596212,0.185863025993864],[-71.391106191,0.1783163399941],[-71.37311543200002,0.172117276994308],[-71.368937802,0.162347016994649],[-71.37028542500002,0.150420557995044],[-71.365433984,0.144558398995233],[-71.35182299799999,0.144491017995234],[-71.34185059200001,0.138291954995439],[-71.338953204,0.142873870995295],[-71.34373726299998,0.152441989994972],[-71.33524724199998,0.155002474994894],[-71.32096244500002,0.136337904995511],[-71.32102982599997,0.126904545995805],[-71.329317704,0.116190947996165],[-71.32850912999999,0.112889272996284],[-71.29030403500002,0.095909230996849],[-71.290169273,0.085263014997197],[-71.29704214700001,0.074953702997534],[-71.29663785999998,0.070573931997672],[-71.27979258,0.065789869997836],[-71.26436230399997,0.070102264997691],[-71.253845904,0.05951881099801],[-71.26121437699999,0.054335362998213],[-71.26336683300002,0.041933115998616],[-71.27136166899999,0.035168253998827],[-71.285688106,0.037874198998739],[-71.29348847300002,0.033273983998909],[-71.303688953,0.032473943998932],[-71.31515227,0.020539896999314],[-71.327871006,0.018742684999386],[-71.34224870600002,0.01888093199938],[-71.36523621600003,0.03210258599895],[-71.385934797,0.025931533999141],[-71.38579655,0.014595271999525],[-71.39547384899998,0.011139091999641],[-71.400450745,0.005609207999821],[-71.42029589700002,0.003711655999885],[-71.43114160599998,0.00693147399977],[-71.44837899800001,0.003348822999902],[-71.45375190200002,-0.012226562999613],[-71.465881771,-0.007981373999734],[-71.474863374,-0.012217980999587],[-71.485709084,-0.008659233999705],[-71.50062193500003,0.001169692999972],[-71.54671620099998,0.021335932999287],[-71.56383208699998,0.02116646799929],[-71.57721976,0.015743612999464],[-71.58213422199998,0.009303972999685],[-71.57823654499998,-0.001033343999978],[-71.59348832500001,-0.014421016999541],[-71.626025454,-0.034587256998862],[-71.64754740900003,-0.03848493399873],[-71.671780792,-0.059837425998028],[-71.70296220699998,-0.064751887997852],[-71.704826314,-0.06729384999778],[-71.700928637,-0.097458480996775],[-71.71431631000002,-0.108982045996399],[-71.71872237899998,-0.119488826996059],[-71.72719559,-0.123894898995905],[-71.72902658200002,-0.137696903995451],[-71.73645800999998,-0.154534415994888],[-71.734994224,-0.166872043994502],[-71.72286571,-0.182555465993973],[-71.714491872,-0.203624380993283],[-71.71064768399998,-0.232342721992332],[-71.72003202399998,-0.235282396992229],[-71.72919023600002,-0.231325145992392],[-71.72930330000003,-0.237882877992152],[-71.73801456199999,-0.242238396992007],[-71.73816555899998,-0.247221287991837],[-71.74299745500002,-0.252355178991683],[-71.770327867,-0.255828102991562],[-71.773196805,-0.263528936991298],[-71.78965545199998,-0.270474788991069],[-71.798262266,-0.265491895991259],[-71.811398984,-0.263679932991297],[-71.81662655500003,-0.272397069991028],[-71.83086781399999,-0.276304417990886],[-71.84232596599998,-0.273066082990996],[-71.84814241100003,-0.276767129990867],[-71.85734524700001,-0.272602719991021],[-71.86997734300002,-0.272969733991008],[-71.87379340000001,-0.269616229991105],[-71.909988113,-0.273316647990975],[-71.91345725500003,-0.268228571991155],[-71.92779534200002,-0.265253990991261],[-71.97494521300001,-0.270658518991068],[-71.98314519000002,-0.279417588990772],[-71.99608572300002,-0.276375027990903],[-72.01650418999998,-0.26432217599129],[-72.04017230699998,-0.268235800991154],[-72.04539047499998,-0.274385783990954],[-72.04613592700002,-0.282585761990675],[-72.06141770300002,-0.296190269990243],[-72.05675862499999,-0.3094220519898],[-72.05862225599998,-0.320231110989437],[-72.06272224499997,-0.324703827989288],[-72.072599491,-0.325822006989259],[-72.082849463,-0.338308336988843],[-72.09365852399998,-0.32917654398915],[-72.11210847400002,-0.33290380598901],[-72.12068117799998,-0.338867424988812],[-72.12627207100002,-0.337190157988876],[-72.12757661299997,-0.340731054988755],[-72.143603842,-0.347253765988545],[-72.1422993,-0.355267378988284],[-72.15344434000002,-0.355326063988276],[-72.157234599,-0.363177312988016],[-72.158858995,-0.382399339987398],[-72.14802968499998,-0.395394511986956],[-72.16298066799999,-0.411406951986426],[-72.16762700200002,-0.434638624985657],[-72.17278959499998,-0.443931292985349],[-72.18311478200002,-0.460967851984807],[-72.20118386000001,-0.474390593984357],[-72.20118386000001,-0.479553187984193],[-72.23061064299998,-0.492975930983731],[-72.230094383,-0.503817377983396],[-72.23474071700002,-0.512077524983109],[-72.233191939,-0.523435231982733],[-72.23732201399997,-0.530146602982505],[-72.23990331099998,-0.562154683981464],[-72.24661468199997,-0.585386352980684],[-72.24282989,-0.605261493980026],[-72.24907264400002,-0.613720718979777],[-72.26340936100001,-0.622704956979462],[-72.285750678,-0.630749460979188],[-72.292285472,-0.643974608978762],[-72.308446946,-0.651833181978523],[-72.318350926,-0.651733674978507],[-72.334602545,-0.642762945978812],[-72.35312588699998,-0.638530946978937],[-72.371007383,-0.623239554979445],[-72.39465473299998,-0.613898036979768],[-72.40889031699999,-0.59778770298028],[-72.403797651,-0.58283530998079],[-72.407772346,-0.567970408981266],[-72.41553996099998,-0.56241854198144],[-72.42496999899998,-0.562289796981464],[-72.43352091899999,-0.566717922981311],[-72.46936330300002,-0.601770122980151],[-72.47552670699997,-0.611641198979845],[-72.499497786,-0.634685466979063],[-72.513887195,-0.656943274978342],[-72.53544438799997,-0.672519674977813],[-72.554260817,-0.70388825897678],[-72.562805691,-0.70568695797673],[-72.60045456,-0.688004906977301],[-72.630486614,-0.662497683978168],[-72.67381418500003,-0.635177886979052],[-72.67695443399998,-0.631516782979172],[-72.677648814,-0.615957963979704],[-72.69454867500002,-0.610646314979855],[-72.714356699,-0.588890481980592],[-72.740619057,-0.580109004980864],[-72.74595359800003,-0.558196350981583],[-72.749728812,-0.55499562598169],[-72.763060774,-0.560615046981509],[-72.776561007,-0.577706062980942],[-72.79232900900001,-0.575203411981041],[-72.801456638,-0.579382580980896],[-72.80749067599999,-0.585611631980681],[-72.811109359,-0.597080548980308],[-72.81586180599999,-0.599208180980235],[-72.8324596,-0.598452520980278],[-72.854109134,-0.611824409979821],[-72.87221484000003,-0.616765240979654],[-72.91727827,-0.615509517979711],[-72.937176384,-0.605842654980028],[-72.947593724,-0.577894716980934],[-72.95891432899998,-0.559440698981543],[-72.989474584,-0.536812612982294],[-73.012185934,-0.527550354982619],[-73.02637028800001,-0.526869189982636],[-73.046890567,-0.537202374982277],[-73.05616824100002,-0.552394772981788],[-73.06099295799999,-0.575713570981009],[-73.070421199,-0.592501206980457],[-73.07162403400002,-0.616275194979696],[-73.07479201500001,-0.621288799979516],[-73.08490213099998,-0.622809818979459],[-73.099240168,-0.609976081979887],[-73.121423875,-0.604131504980075],[-73.14722722699997,-0.610820154979854],[-73.16586210399998,-0.621685172979498],[-73.202984211,-0.626476803979335],[-73.21128482300003,-0.622072650979483],[-73.22049275299997,-0.605895158980018],[-73.239359062,-0.586908590980644],[-73.25603542300001,-0.579543107980884],[-73.265017768,-0.555769348981671],[-73.27965716300002,-0.545668814982007],[-73.29927570400002,-0.541949396982126],[-73.31549975399997,-0.530937332982489],[-73.32334788499998,-0.523722120982719],[-73.331876293,-0.506100451983308],[-73.36371670099999,-0.519169250982878],[-73.37163790099999,-0.53337477098242],[-73.378504012,-0.536262061982308],[-73.39555762100002,-0.530566931982503],[-73.407631832,-0.518490439982898],[-73.430344844,-0.510896666983152],[-73.44898222699999,-0.513785073983054],[-73.48874653899998,-0.528145766982595],[-73.507158365,-0.525108993982673],[-73.51711909099998,-0.521083873982811],[-73.52232616700002,-0.515235206982993],[-73.52881666500002,-0.501486489983454],[-73.52972306499998,-0.490395986983829],[-73.53319430800002,-0.487737568983901],[-73.53930600500001,-0.491991998983768],[-73.54730288899998,-0.51181901198311],[-73.555074654,-0.516453402982982],[-73.568355204,-0.516834313982948],[-73.57175105099998,-0.513872013983069],[-73.569337889,-0.494577117983687],[-73.57937485500003,-0.479840964984172],[-73.57884813700002,-0.459026927984879],[-73.58464931399999,-0.449116192985198],[-73.59800145000003,-0.438999625985522],[-73.60815614,-0.43915437998551],[-73.65139822600003,-0.457168840984919],[-73.652411266,-0.450978254985126],[-73.64108459699997,-0.441117485985451],[-73.636255065,-0.432024612985765],[-73.63925926500002,-0.418860277986198],[-73.64678962599999,-0.415490363986288],[-73.670188332,-0.42191014798608],[-73.68567954600002,-0.417675076986237],[-73.693195516,-0.411628387986425],[-73.70172714900002,-0.394775421986987],[-73.71316587299998,-0.382857209987373],[-73.73480664800002,-0.381572441987406],[-73.754163231,-0.40318773098671],[-73.766067615,-0.407965391986539],[-73.816384159,-0.411603533986417],[-73.82887427100002,-0.406683595986585],[-73.88192102,-0.369741395987802],[-73.90277178899998,-0.368064429987862],[-73.94494517599998,-0.354835110988295],[-74.007231321,-0.340583141988781],[-74.016442682,-0.334053879988983],[-74.024630188,-0.317187085989531],[-74.03840014899998,-0.306059984989898],[-74.04027798700002,-0.281524606990709],[-74.04466858400002,-0.274762655990946],[-74.05257961500001,-0.272006561991027],[-74.06980600499998,-0.280723920990744],[-74.081762824,-0.279820411990762],[-74.11156896099999,-0.23507611799224],[-74.13473474300002,-0.233556726992302],[-74.14839278199997,-0.244191962991935],[-74.15820251100001,-0.263107552991324],[-74.16846491899997,-0.266525973991199],[-74.17895365700002,-0.265006565991276],[-74.188310473,-0.258549349991481],[-74.190724902,-0.227175219992499],[-74.19457319499998,-0.215856205992891],[-74.20030798599998,-0.209778860993102],[-74.208381998,-0.20772771099317],[-74.21758792399999,-0.210082580993067],[-74.22324752600002,-0.234087873992289],[-74.23403809899997,-0.237582212992162],[-74.28633019900002,-0.203700695993278],[-74.28942393400001,-0.200358144993392],[-74.287235377,-0.176808713994171],[-74.26399415499998,-0.155462478994863],[-74.26678599299998,-0.142548216995313],[-74.27810463100002,-0.139433515995396],[-74.303081201,-0.14748568999513],[-74.31100418900002,-0.14148429499533],[-74.323228131,-0.122492726995966],[-74.341865999,-0.109654345996396],[-74.35574651500002,-0.106398554996489],[-74.37084159,-0.111325319996323],[-74.40185446100003,-0.114287658996243],[-74.41577629699998,-0.120727744996027],[-74.42899249200002,-0.132316231995628],[-74.44627419099999,-0.139595901995394],[-74.44878885600002,-0.136165004995521],[-74.44720416500002,-0.129100293995751],[-74.42652882800002,-0.112540183996299],[-74.42335949099999,-0.097954903996771],[-74.43611148899998,-0.078203868997415],[-74.446071695,-0.071442896997639],[-74.45437189400002,-0.070759151997665],[-74.46040845599998,-0.077140147997469],[-74.46335157099998,-0.106994299996466],[-74.47482126,-0.130315316995698],[-74.48372522699998,-0.137759711995447],[-74.49715642299998,-0.137379661995466],[-74.50432470099997,-0.133657285995609],[-74.50832375800002,-0.126896384995825],[-74.50658792500002,-0.103347453996611],[-74.51896252400002,-0.088610214997098],[-74.530507259,-0.088762002997072],[-74.53465740299998,-0.095142941996859],[-74.534657493,-0.102055676996642],[-74.524018431,-0.116185169996165],[-74.52545220500002,-0.123477711995937],[-74.53231871999998,-0.125680550995868],[-74.54401425499998,-0.119451298996052],[-74.578421806,-0.111398568996344],[-74.598719024,-0.09833252799677],[-74.63176807000002,-0.08845681799708],[-74.633729829,-0.084278831997216],[-74.62180790999997,-0.076758641997486],[-74.615997741,-0.062173782997943],[-74.61684359499998,-0.055883717998174],[-74.63136489700003,-0.044054764998544],[-74.64856882999999,-0.038947059998714],[-74.670450281,-0.059469223998034],[-74.67734440999999,-0.060500078998014],[-74.68147450499998,-0.055549094998174],[-74.68149296500002,-0.049662710998361],[-74.66118909,-0.037691062998766],[-74.65653092999997,-0.026733619999135],[-74.65637059,-0.011572680999637],[-74.67652032400002,0.009859166999678],[-74.69459571099998,0.023434548999233],[-74.704573434,0.041480282998633],[-74.70142597900002,0.044775491998507],[-74.684116953,0.042576182998587],[-74.674550174,0.0458786239985],[-74.65943661199998,0.057033256998121],[-74.65616494800003,0.073307407997588],[-74.670664978,0.082695832997275],[-74.698836083,0.079230751997384],[-74.709518381,0.086485529997155],[-74.713509434,0.095274860996868],[-74.70676120899998,0.097509493996789],[-74.690693699,0.087823328997104],[-74.68026439300002,0.092042569996956],[-74.67358228400002,0.105435919996511],[-74.67279410200001,0.117351094996131],[-74.677916961,0.160705972994705],[-74.70361447300002,0.184627308993916],[-74.70769120699998,0.193651262993607],[-74.71630934799998,0.201042842993349],[-74.73654419600001,0.209605945993099],[-74.76760954600002,0.21265083799299],[-74.78155822500003,0.208575756993126],[-74.81586609099998,0.216754459992859],[-74.84086563099999,0.213040696992975],[-74.861531221,0.222127694992656],[-74.89297919799998,0.249197364991773],[-74.90664642000002,0.25215203399169],[-74.928626093,0.25069593599173],[-74.94286360000001,0.243313558991978],[-74.959381866,0.242488040992008],[-74.96798596600001,0.246756698991862],[-74.987444777,0.266686666991191],[-75.00388804300002,0.273203018990985],[-75.01036065599999,0.28123507999071],[-75.010577312,0.291450434990389],[-75.00590974699998,0.296611874990217],[-74.98519541399997,0.301977754990034],[-74.979885948,0.314620239989637],[-75.00713612700002,0.342273348988694],[-75.01186139100002,0.353177602988356],[-75.01664641100001,0.382896344987379],[-75.01020655000002,0.391857109987066],[-74.991129936,0.39522312398695],[-74.98464926499997,0.399960335986801],[-74.982871499,0.408826599986514],[-74.986197098,0.418507249986202],[-75.0058007,0.438516934985532],[-75.018617189,0.472823155984414],[-75.03386136199998,0.484262375984034],[-75.07151415800001,0.475899985984309],[-75.10585906799997,0.473760995984384],[-75.10630300999998,0.478402199984227],[-75.096455585,0.487402098983937],[-75.094034088,0.498056688983581],[-75.097948842,0.510123819983162],[-75.11207424600002,0.512868184983088],[-75.12482746799998,0.506895155983269],[-75.142948343,0.487482815983931],[-75.15525762300001,0.480904413984146],[-75.18216315400002,0.486664441983957],[-75.196199869,0.479225309984201],[-75.209800615,0.482090748984107],[-75.21884087400002,0.490646706983817],[-75.21641937599998,0.495086118983678],[-75.201285015,0.498758725983559],[-75.19845993400003,0.504691394983362],[-75.20257648,0.512601619983091],[-75.21323107,0.520471487982832],[-75.224813902,0.535444416982346],[-75.23550884999997,0.571807240981134],[-75.23207839499997,0.579999975980882],[-75.21266605400001,0.587910200980606],[-75.20709660900002,0.595255410980351],[-75.20725804300002,0.60147059098017],[-75.212078873,0.60697536797999],[-75.220837636,0.634386156979076],[-75.23118058300003,0.646063678978703],[-75.271050978,0.661744923978184],[-75.27616684399999,0.667416860977984],[-75.27622245200001,0.674757016977741],[-75.26376642899999,0.687880327977321],[-75.257093559,0.703394747976793],[-75.25826131100001,0.713126015976473],[-75.265601468,0.725637645976066],[-75.297504447,0.729489436975929],[-75.30112643400003,0.732246051975847],[-75.305269651,0.745220264975424],[-75.309264112,0.747703306975336],[-75.324432269,0.746245868975401],[-75.33112569100001,0.752075622975194],[-75.33375459500002,0.761271726974903],[-75.34117173300001,0.769462432974628],[-75.34749677600001,0.766231655974733],[-75.35982833600002,0.750396291975259],[-75.382944323,0.754582651975125],[-75.40310255499998,0.738694204975637],[-75.42300293199997,0.738633530975644],[-75.434651933,0.746520878975382],[-75.46972028099998,0.759504659974957],[-75.47766829699998,0.779647722974274],[-75.48405718700002,0.783112369974204],[-75.489258828,0.781630693974225]]]},"properties":{"secretaria":"Caquetá"}},{"type":"Feature","geometry":{"type":"Polygon","coordinates":[[[-75.83626928899997,4.644398755847488],[-75.822269022,4.671844872846604],[-75.827850023,4.683793319846229],[-75.83507999900002,4.688349506846063],[-75.85027810999998,4.682688212846265],[-75.852827274,4.706345050845513],[-75.85698397099998,4.7087355908454],[-75.85619244399999,4.731920446844645],[-75.848580261,4.738537096844443],[-75.844652962,4.758830376843763],[-75.84814082000003,4.776773992843194],[-75.85277482100003,4.778754892843115],[-75.869667215,4.772751245843309],[-75.87095531199998,4.776244868843192],[-75.872719797,4.766800487843521],[-75.87809787600003,4.768817265843439],[-75.878475622,4.763381567843628],[-75.88863635000001,4.754680601843918],[-75.897738371,4.758817720843793],[-75.908240224,4.752120142844011],[-75.91681431,4.756545364843876],[-75.912990283,4.76085058084371],[-75.91515217800003,4.763740946843592],[-75.92346131099998,4.760557113843714],[-75.920450249,4.769777636843425],[-75.92930487199999,4.768695620843461],[-75.92888308900001,4.77923792084312],[-75.92158290200001,4.778143365843146],[-75.92801696499998,4.783263965842979],[-75.92794082199998,4.787470852842845],[-75.920364618,4.789079371842798],[-75.91747119399997,4.794485505842617],[-75.92045027900002,4.799853567842449],[-75.922867811,4.802194959842371],[-75.92953982,4.800462712842427],[-75.93063437199999,4.805278739842277],[-75.93588822200002,4.806965776842227],[-75.93759573300002,4.800990276842393],[-75.944154804,4.795831841842562],[-75.94878942399998,4.79865588584249],[-75.952797745,4.807412700842169],[-75.961349589,4.806194262842244],[-75.96372952899998,4.798450913842483],[-75.95674912700002,4.79037733684275],[-75.954380577,4.781927978843018],[-75.97241802000002,4.784490113842936],[-75.97277102499999,4.7792064248431],[-75.96697909900001,4.774551813843271],[-75.96773814699998,4.765904854843519],[-75.97006526000001,4.76285676484363],[-75.984541901,4.759565967843752],[-75.97838861100001,4.743483191844261],[-75.98624083599998,4.743832972844265],[-75.99479975700001,4.738636229844429],[-75.99618460300002,4.735566726844528],[-75.99030257599998,4.724452262844888],[-76.006030194,4.716549406845159],[-76.00809556500002,4.707374201845434],[-76.01561942199999,4.699621918845681],[-76.01664791500002,4.665990324846795],[-75.97236691299997,4.667520432846745],[-75.96167361699997,4.659361257847006],[-75.94638219799998,4.654527931847183],[-75.934850682,4.65479876684715],[-75.93169297700001,4.651014260847288],[-75.91515025799998,4.645435275847465],[-75.91150173800003,4.639805389847642],[-75.88617948400002,4.636639661847746],[-75.875441008,4.63125678084792],[-75.870818746,4.625275753848095],[-75.87403383999998,4.615696288848457],[-75.86558457899997,4.612833437848521],[-75.85183572,4.624087675848146],[-75.84761931899999,4.638669014847697],[-75.83626928899997,4.644398755847488]]]},"properties":{"secretaria":"Cartago"}},{"type":"Feature","geometry":{"type":"MultiPolygon","coordinates":[[[[-76.54925497300002,4.337135041857507],[-76.527922482,4.323538176857942],[-76.525445692,4.309166569858421],[-76.52937180599997,4.295306213858863],[-76.51812885099997,4.274640594859538],[-76.50896793099997,4.267918619859755],[-76.50587462700003,4.251946480860288],[-76.49030105600002,4.243737344860556],[-76.48710820600002,4.235532125860834],[-76.47118182600002,4.230391693860976],[-76.46543448400001,4.232690635860881],[-76.45501005699998,4.229461956861033],[-76.45114477700002,4.209096718861691],[-76.44670786400002,4.20451893686182],[-76.44487675599999,4.175693045862764],[-76.45297589400002,4.144916314863769],[-76.46290614100002,4.130309688864252],[-76.47265328399999,4.103582517865125],[-76.49018968299998,4.081369752865845],[-76.494415322,4.06953795986623],[-76.50082420899997,4.062636084866478],[-76.52441735500003,4.067284281866312],[-76.525332907,4.061931806866498],[-76.53575615,4.053480529866763],[-76.537599393,4.04498181686705],[-76.54152549999998,4.043732604867086],[-76.54193724100003,4.024898239867723],[-76.53727312799998,4.016208780867972],[-76.543548048,4.011163722868124],[-76.55913350999998,4.008843752868231],[-76.559252485,3.991104872868785],[-76.57225029,3.985810571868962],[-76.59128597699998,3.96998715186948],[-76.59380821299999,3.972342824869408],[-76.58791904499998,3.98031401286915],[-76.58940620599998,3.994055398868694],[-76.59713945300001,4.00250249286844],[-76.603551063,4.001112567868467],[-76.62457012800002,4.01487445286803],[-76.649963491,3.996672810868617],[-76.66237237799999,3.977494357869243],[-76.675459413,3.971724160869426],[-76.68241933500002,3.964883212869665],[-76.69253204699999,3.968809325869514],[-76.701389152,3.978717067869188],[-76.74587361300001,3.984216333869021],[-76.75027560799998,3.991830606868771],[-76.75947047099999,3.993494897868715],[-76.76766947300001,3.988654026868873],[-76.79419543300003,4.011379981868135],[-76.80128623000002,4.006597262868299],[-76.81531883100001,4.007013071868291],[-76.82554633799998,4.021706828867784],[-76.82331321100003,4.032525755867432],[-76.841463723,4.037491654867279],[-76.85037582899997,4.037430474867298],[-76.85945154799998,4.029751446867562],[-76.86743971300001,4.03236696986745],[-76.87261809799998,4.038437675867258],[-76.87317396999998,4.047170715866952],[-76.88297853199998,4.053672246866761],[-76.88286912900003,4.061306692866512],[-76.89098450300003,4.073358723866112],[-76.901186984,4.073030274866134],[-76.90092011799999,4.081939481865827],[-76.90648324199998,4.084813419865728],[-76.91333963800002,4.081836840865824],[-76.914745256,4.097745227865328],[-76.92001127999998,4.09749980486531],[-76.928939205,4.105988490865053],[-76.941771099,4.108441298864966],[-76.941750571,4.112649566864836],[-76.94912115,4.113958501864789],[-76.954434457,4.12065183886457],[-76.97195323900002,4.117499053864686],[-76.97608755300001,4.122228230864531],[-76.98593257200002,4.114298678864782],[-76.994998319,4.120390096864562],[-77.00475410899998,4.098855974865276],[-77.009532067,4.096010138865357],[-77.01986844499999,4.101192604865203],[-77.02826318400002,4.092926357865472],[-77.03027620799998,4.094696676865424],[-77.035944084,4.091284529865523],[-77.03827119699997,4.097323602865336],[-77.04729411300002,4.097923228865315],[-77.05026368,4.094753786865416],[-77.05758766100001,4.102477513865154],[-77.06798114700001,4.096010138865357],[-77.07300282800003,4.106533678865024],[-77.08251829900001,4.110230864864914],[-77.08618869999998,4.122609050864492],[-77.10447609900001,4.107624185865004],[-77.119883109,4.116440091864716],[-77.12289312799999,4.124815791864424],[-77.11632581499998,4.133346161864164],[-77.12950553500002,4.144937049863787],[-77.131520653,4.156380838863409],[-77.13639809900002,4.155667516863414],[-77.142726493,4.159987230863293],[-77.159565316,4.183728669862507],[-77.16708481900002,4.183728669862507],[-77.188916367,4.172574364862872],[-77.204954945,4.172733385862873],[-77.210906938,4.159307323863307],[-77.215044977,4.155953010863424],[-77.22182644100002,4.156345621863409],[-77.24841691799998,4.184435161862488],[-77.24884522100001,4.22737253186109],[-77.25112950300002,4.232869086860891],[-77.25791096699999,4.234653685860851],[-77.269011153,4.230549112860985],[-77.28028979800001,4.220983680861301],[-77.28735679699997,4.20581461586179],[-77.286928494,4.183364400862527],[-77.30545259799999,4.166482125863083],[-77.31851583899999,4.172870977862854],[-77.334969812,4.192501530862232],[-77.35295307899997,4.197473053862064],[-77.37147718300002,4.184695347862465],[-77.37722358100001,4.170418583862951],[-77.38925175700001,4.162066674863222],[-77.387978745,4.151942066863537],[-77.390328463,4.148491848863642],[-77.42114248299998,4.143138061863832],[-77.43580591099999,4.145785213863753],[-77.442141226,4.136683773864053],[-77.443390443,4.127850024864324],[-77.43033315100001,4.105512835865066],[-77.42890547399998,4.093080150865451],[-77.449621594,4.038513452867258],[-77.485325526,4.094496143865431],[-77.50811320499997,4.105510185865064],[-77.511789899,4.11382153486479],[-77.525497309,4.126376369864386],[-77.52450159900002,4.191107035862276],[-77.53133280100002,4.200690344861952],[-77.52482416999999,4.257617943860104],[-77.51475961099999,4.278886441859393],[-77.49863960800002,4.293186697858939],[-77.484215963,4.293325486858939],[-77.481840192,4.287909054859115],[-77.48873686299999,4.271875984859646],[-77.50007487,4.264266463859888],[-77.49950819499998,4.261682205859959],[-77.49288838000001,4.261837747859971],[-77.49285189199998,4.257544332860101],[-77.485327268,4.258468693860056],[-77.47234566999998,4.268693424859722],[-77.46670220200002,4.266471716859813],[-77.45635584399997,4.272853049859583],[-77.451604304,4.282527421859276],[-77.437513878,4.285689709859171],[-77.42977843400001,4.282953114859274],[-77.42349642699998,4.286370819859165],[-77.42234097599999,4.290870997859023],[-77.41410502399998,4.292872460858955],[-77.413729822,4.29917200485875],[-77.41761578799998,4.302249152858638],[-77.45617247899997,4.313062446858289],[-77.450051627,4.314433026858254],[-77.45022494400001,4.317935867858145],[-77.448893135,4.314884564858238],[-77.43813992999998,4.313021961858289],[-77.42610572199999,4.319446046858069],[-77.40480036899999,4.353811381856969],[-77.39336207600002,4.363750516856665],[-77.37611111500001,4.389085279855825],[-77.373196275,4.388430927855825],[-77.37313678800001,4.384683276855979],[-77.38680790199999,4.368547115856483],[-77.37872852200002,4.371477267856362],[-77.366744799,4.370157977856442],[-77.370081417,4.384456312855955],[-77.36564926,4.393957122855657],[-77.36769618900001,4.403153884855348],[-77.367335814,4.404941343855308],[-77.366067295,4.407636947855215],[-77.36626910500001,4.400861903855442],[-77.35839852100003,4.406420684855254],[-77.35454971899998,4.415621047854946],[-77.34689536000002,4.415415634854945],[-77.34915490999998,4.417177868854903],[-77.34420336099998,4.427491792854568],[-77.337640938,4.429340512854508],[-77.34437634099999,4.432010890854421],[-77.35123066800003,4.427005284854589],[-77.35152257099998,4.42182670085474],[-77.35327399300002,4.428194457854546],[-77.339473081,4.513647041851759],[-77.33503377,4.51808635285161],[-77.33520470399998,4.513702490851759],[-77.332510572,4.512945096851774],[-77.32279720899999,4.522298003851465],[-77.32477638,4.533075874851133],[-77.33433182800002,4.533206569851124],[-77.336228969,4.536033308851031],[-77.331486116,4.563503915850134],[-77.32581366300002,4.56951785184993],[-77.32491937100002,4.664123124846866],[-77.321026926,4.675355152846493],[-77.32097825099999,4.688864409846062],[-77.33014828,4.692657429845926],[-77.32576377599997,4.703079059845586],[-77.32819087299998,4.739715627844399],[-77.32239332699999,4.748496540844121],[-77.30447211900002,4.740253699844361],[-77.29988298199999,4.747077723844171],[-77.31326980699998,4.774641539843269],[-77.30834006100002,4.778467325843138],[-77.30908237800003,4.78196954284302],[-77.31122843499998,4.77946422184311],[-77.31992211,4.781005955843061],[-77.326660064,4.775324376843246],[-77.33499218499998,4.777557934843178],[-77.34843002600002,4.77171773984334],[-77.346945392,4.783347374842983],[-77.32960864900002,4.797952988842511],[-77.33966353800002,4.80533347384227],[-77.344567757,4.804050298842293],[-77.34795576800002,4.808409031842151],[-77.36075648600001,4.869868655840163],[-77.359718564,4.875447478839983],[-77.35297487000003,4.880184787839836],[-77.354850667,4.886502069839634],[-77.362904066,4.892457523839436],[-77.359892501,4.903556326839063],[-77.36151671599998,4.914452104838725],[-77.37617694800002,4.947913469837636],[-77.36714503899998,4.945543411837717],[-77.36815751699999,4.951635842837534],[-77.37495878700003,4.95844548883727],[-77.37637997500002,4.972505102836836],[-77.380022505,5.087808004833088],[-77.38290503299999,5.107126801832439],[-77.389537244,5.108717178832403],[-77.38395400500002,5.116195338832165],[-77.386187301,5.145025152831237],[-77.384089357,5.152097254831006],[-77.38838675900001,5.157342115830828],[-77.39292102600001,5.157139088830831],[-77.39718459,5.169016161830443],[-77.39210891800002,5.204579705829308],[-77.39241345900001,5.264201930827363],[-77.38784527799999,5.288284648826581],[-77.39289283800002,5.318825759825583],[-77.40331486399998,5.324645163825405],[-77.402272902,5.335650890825047],[-77.396479817,5.339928460824908],[-77.397517375,5.349398273824617],[-77.40385435899998,5.359127676824288],[-77.41331627699998,5.405157525822776],[-77.410081328,5.411211310822594],[-77.40471211699997,5.406634058822747],[-77.40543696100002,5.403587032822863],[-77.394602061,5.402218301822884],[-77.38742913099998,5.39176092682324],[-77.393384551,5.405635828822785],[-77.38078473299998,5.408637133822689],[-77.39534955599999,5.408467245822676],[-77.39682189400003,5.419589061822328],[-77.391011821,5.417193681822413],[-77.38274973799997,5.421384181822269],[-77.390037813,5.421214296822283],[-77.39319201400002,5.425891803822132],[-77.389363935,5.43281745582191],[-77.389867928,5.443661792821534],[-77.39496448300002,5.444992559821515],[-77.395128705,5.441441960821634],[-77.39957403400001,5.440439636821651],[-77.40393442099997,5.442761400821566],[-77.40006103899998,5.452280636821275],[-77.40777382599998,5.453937014821222],[-77.421160778,5.443919451821532],[-77.419745068,5.436093410821795],[-77.428567772,5.437412848821754],[-77.42954178100001,5.457430986821112],[-77.42634227600001,5.46047193282101],[-77.429888629,5.468352481820751],[-77.43822149800002,5.477645199820434],[-77.441933489,5.479743282820392],[-77.442975451,5.476257803820491],[-77.443357693,5.480309566820368],[-77.454005247,5.488740117820099],[-77.45641761600001,5.486833159820156],[-77.463994496,5.490128931820048],[-77.466712658,5.485609983820199],[-77.46854317100002,5.489381434820054],[-77.47303663399998,5.489874101820041],[-77.47470166599999,5.483666609820259],[-77.47813901,5.485365461820206],[-77.487879094,5.478326550820442],[-77.492528285,5.468626105820729],[-77.494816072,5.475710317820495],[-77.51050925599998,5.483044547820282],[-77.524972472,5.479657948820384],[-77.53915270200002,5.480530181820352],[-77.53942015400003,5.4881614998201],[-77.52701034799998,5.497914609819805],[-77.52182176500003,5.513195074819297],[-77.507290167,5.528689502818807],[-77.50950110999997,5.544166099818283],[-77.50535262099999,5.55423123781797],[-77.50801526100003,5.568186325817513],[-77.502728117,5.570942606817433],[-77.50370630100002,5.584896177816985],[-77.489167581,5.607955747816232],[-77.48490084899998,5.606143233816289],[-77.48155163400003,5.597872918816554],[-77.47688243300001,5.600372165816477],[-77.47789564099998,5.598067118816561],[-77.46920034700003,5.594971294816645],[-77.45990882199999,5.596524766816614],[-77.442171611,5.606063017816281],[-77.42871921699998,5.622491372815769],[-77.41770133799997,5.625014672815691],[-77.41437971200003,5.630252800815495],[-77.41249156100002,5.627866508815585],[-77.403929624,5.630435525815487],[-77.40330314099998,5.627216098815621],[-77.395113449,5.626693213815626],[-77.389283675,5.629999651815505],[-77.38425638400003,5.623707340815724],[-77.386297222,5.619791663815839],[-77.371825823,5.608493817816219],[-77.36346209300001,5.607746136816233],[-77.33844005100002,5.619879546815829],[-77.326473136,5.640862426815171],[-77.32962390400002,5.64505476981504],[-77.32692882600003,5.65070531981484],[-77.32105694,5.650314728814866],[-77.31707291100003,5.653986286814751],[-77.31614851199998,5.659011889814566],[-77.318973788,5.661706970814492],[-77.31539336999998,5.6617850858145],[-77.31674741900002,5.669115179814257],[-77.311958274,5.664378113814396],[-77.300316554,5.668919882814266],[-77.284562714,5.690050859813566],[-77.27736281900002,5.706637961813045],[-77.273574085,5.705166737813092],[-77.26325018400001,5.715093083812762],[-77.25614070400002,5.734994872812134],[-77.25813271800001,5.779144684810705],[-77.25586729000003,5.783506283810556],[-77.25183118199999,5.782881340810581],[-77.247756015,5.767218636811068],[-77.24342045499998,5.767296755811089],[-77.24728730599998,5.772908249810899],[-77.24164977499998,5.779639432810682],[-77.24458897300002,5.783843170810546],[-77.24126894900002,5.786967897810445],[-77.245399088,5.788716696810382],[-77.24733287499998,5.795355840810181],[-77.243866379,5.801995889809957],[-77.24837770599999,5.805052263809839],[-77.24945183199998,5.810256890809692],[-77.250506428,5.806741573809806],[-77.24652239900001,5.801331886809983],[-77.25246914799999,5.788872028810388],[-77.265651596,5.816408700809496],[-77.27288729600002,5.82323427980928],[-77.270143394,5.82363463580927],[-77.267608817,5.830673137809039],[-77.271432344,5.824991940809229],[-77.275640963,5.82720854280913],[-77.27541637299998,5.837500620808814],[-77.27880871899998,5.845246378808569],[-77.275034097,5.842570189808655],[-77.27651979299998,5.846142444808537],[-77.285962332,5.846386564808513],[-77.29052248300002,5.843320424808631],[-77.28991706699998,5.856043928808226],[-77.295492754,5.856444284808208],[-77.293311228,5.866808250807876],[-77.29785583,5.868454959807819],[-77.294506512,5.87356193980765],[-77.29875419000001,5.876589019807533],[-77.30201562500002,5.876227722807562],[-77.302650336,5.8722046348077],[-77.30696636699997,5.873600999807659],[-77.302767513,5.878385738807503],[-77.303885535,5.889403678807138],[-77.31190951399998,5.910082384806478],[-77.306311042,5.914261709806337],[-77.30676673200003,5.919222215806154],[-77.31423570099997,5.933639367805712],[-77.318386337,5.937305094805588],[-77.32045911900002,5.935813656805623],[-77.322724547,5.94141212980546],[-77.319677937,5.941373069805462],[-77.31913110900001,5.946737186805286],[-77.32392886999997,5.952395877805109],[-77.32303964699997,5.95665190480497],[-77.32945537199998,5.969812078804553],[-77.33424662200002,5.998846016803611],[-77.34914939200002,6.015290729803079],[-77.345911409,6.029538268802621],[-77.351565424,6.046001143802088],[-77.35541923900001,6.045238733802119],[-77.359398381,6.048935889801987],[-77.35864641699999,6.055223145801789],[-77.36372217299999,6.059150064801645],[-77.35490406600002,6.028665992802646],[-77.35309023999997,5.998230550803632],[-77.35931482900003,6.001614387803521],[-77.363822696,5.999121875803606],[-77.363699327,6.003680657803461],[-77.35996888099999,6.00587779980339],[-77.36795262200002,6.01769773180299],[-77.36344671400002,6.021281309802891],[-77.370572746,6.025881212802726],[-77.368510721,6.028236976802662],[-77.37281297200002,6.035551977802426],[-77.37032209199998,6.037196897802358],[-77.37370592899998,6.039335295802286],[-77.373110624,6.044223062802145],[-77.393102941,6.067242814801388],[-77.43299205599999,6.10370021680021],[-77.43269244499999,6.108299692800073],[-77.44071339300001,6.11978802879971],[-77.444877044,6.119356346799727],[-77.44943756599997,6.127044828799472],[-77.447359221,6.131368623799339],[-77.44893625600002,6.129384271799377],[-77.45506685100003,6.133614067799248],[-77.45470131299999,6.136935241799145],[-77.45822092100002,6.138815151799099],[-77.45630968,6.143870019798944],[-77.46264915299997,6.146481004798845],[-77.46063347199998,6.14749406879882],[-77.463359341,6.147379183798804],[-77.46232539099998,6.152423607798648],[-77.46725493100001,6.15482571579858],[-77.466784954,6.160287896798387],[-77.47083720400002,6.160371450798404],[-77.47414793299998,6.168256626798152],[-77.471536948,6.170491630798076],[-77.47703046100003,6.180904240797745],[-77.47553697799998,6.183671886797657],[-77.48175112299998,6.184058310797635],[-77.482743298,6.192350799797359],[-77.46802082,6.248912291795549],[-77.46978468600003,6.262893248795099],[-77.46653545999999,6.273847782794753],[-77.47019316,6.292024883794158],[-77.474203634,6.297279348793994],[-77.47162282,6.295552615794055],[-77.469617583,6.298040597793967],[-77.468447862,6.289722574794221],[-77.46109532600002,6.281553093794502],[-77.459042421,6.272806826794792],[-77.446037482,6.26924316779489],[-77.43757092599998,6.271898248794813],[-77.434061762,6.270134380794857],[-77.42217887599998,6.244976085795684],[-77.40918444200003,6.22714098979626],[-77.39960545399998,6.228327725796182],[-77.39526909199998,6.235562613795981],[-77.39519482399999,6.247185558795606],[-77.400672091,6.250546186795495],[-77.381009629,6.277431217794635],[-77.38541000999999,6.286027739794359],[-77.378191259,6.314878074793446],[-77.37887442300001,6.335137480792778],[-77.37191179500002,6.339983468792622],[-77.36977658900003,6.355059878792142],[-77.378948691,6.368168185791704],[-77.38620839200001,6.3685209607917],[-77.390173856,6.362479673791882],[-77.390608773,6.367258402791736],[-77.401953215,6.380812320791312],[-77.40494250299997,6.381165091791292],[-77.40698838600002,6.37624087579145],[-77.41287061600002,6.381146525791303],[-77.40995559599997,6.389594513791027],[-77.404905369,6.393270781790905],[-77.387266711,6.387515010791094],[-77.38097249499998,6.39733695679076],[-77.369999393,6.387199370791103],[-77.36069732200002,6.391692588790951],[-77.35568423,6.39889658479071],[-77.360270281,6.403872545790561],[-77.359379064,6.40810582179041],[-77.36448499199997,6.409795421790369],[-77.367938455,6.421009893790019],[-77.37098344499998,6.419858738790058],[-77.37144762000003,6.423924912789921],[-77.37621130500003,6.425040820789861],[-77.37388846800002,6.430437116789702],[-77.36614209700002,6.428559703789775],[-77.36057199499999,6.437819997789484],[-77.36423433700003,6.448236091789138],[-77.36250760500002,6.455129091788905],[-77.35348403900002,6.456326664788879],[-77.35088001600002,6.465336303788589],[-77.35192440999998,6.472215381788371],[-77.36001498399997,6.478732400788157],[-77.36041881699998,6.487449614787881],[-77.34853751700001,6.494867558787632],[-77.345711441,6.502882285787365],[-77.339172599,6.505595621787279],[-77.336956349,6.527904787786579],[-77.332474961,6.53093583778648],[-77.33358308599998,6.537519401786255],[-77.32543510800002,6.543402242786075],[-77.32528626099997,6.54934242278587],[-77.33113869300001,6.564146994785398],[-77.33472380299997,6.56489660978539],[-77.34251327099997,6.577460792784983],[-77.353252306,6.581648851784854],[-77.357151935,6.578340470784946],[-77.36289951200001,6.583327337784798],[-77.36500709500001,6.580291341784902],[-77.36884753700002,6.581551078784863],[-77.37570813399998,6.592599736784505],[-77.37104749100001,6.593805636784456],[-77.37121044999998,6.601676584784212],[-77.37448593800002,6.601774358784196],[-77.393503319,6.620172495783627],[-77.40028243699999,6.620775444783584],[-77.39837581,6.62587608078343],[-77.40269423900003,6.628972310783315],[-77.39778915599999,6.629835996783291],[-77.397767047,6.636125509783106],[-77.40575787900002,6.640672810782955],[-77.40442160999999,6.647256373782739],[-77.40712673899998,6.649717064782664],[-77.39767508400001,6.650955559782623],[-77.395246987,6.657490235782414],[-77.398393817,6.665162876782165],[-77.40577417499998,6.666224869782144],[-77.40396532400001,6.673150651781916],[-77.39881580100001,6.674242478781864],[-77.40574457899999,6.687075930781446],[-77.418159102,6.691581379781327],[-77.42673077500001,6.684443750781552],[-77.429989966,6.687523683781435],[-77.428507034,6.695951411781179],[-77.43650291699998,6.701665858780999],[-77.448648837,6.706228725780855],[-77.472293992,6.704284362780909],[-77.50573466100002,6.684060186781567],[-77.505125759,6.677260230781776],[-77.51109110200002,6.65962896278233],[-77.50283896600001,6.656550228782454],[-77.504343188,6.651180011782616],[-77.51571623500001,6.656620518782445],[-77.51813423800002,6.660852023782314],[-77.52600921200002,6.655832473782496],[-77.52354662699997,6.650125650782651],[-77.526625363,6.648002868782696],[-77.53061787899998,6.658996345782342],[-77.53383719599998,6.659980416782322],[-77.536564478,6.65605819178245],[-77.53574910499998,6.659389975782356],[-77.53243138099998,6.661976674782274],[-77.53742202500001,6.670439685782009],[-77.534427639,6.671451870781958],[-77.534526046,6.67918385578173],[-77.540613226,6.686522211781484],[-77.530983391,6.694746231781219],[-77.534118359,6.69639103778117],[-77.53820425700002,6.713643084780615],[-77.54716432599997,6.72490097278024],[-77.545266475,6.732365855780013],[-77.55101626099997,6.749474626779453],[-77.55775011700001,6.752609596779363],[-77.559226223,6.760271289779109],[-77.56383729700002,6.763237559779016],[-77.56085696899999,6.771208533778751],[-77.56532746200003,6.773050151778707],[-77.56619906700001,6.778153261778534],[-77.56794227799998,6.77565091177863],[-77.56510253099998,6.784634072778346],[-77.56718313800002,6.79101647377813],[-77.57244088800002,6.797567572777903],[-77.57577267,6.797497281777917],[-77.57776892800001,6.803781276777708],[-77.58036968699997,6.803120545777747],[-77.58142396,6.81049426877751],[-77.58758152000001,6.811738192777464],[-77.587370648,6.81900625777724],[-77.59203795500002,6.823069066777108],[-77.59794172,6.822616310777111],[-77.599978303,6.829673290776906],[-77.62972083800003,6.851306624776209],[-77.643037424,6.85372111277613],[-77.650185996,6.85926705777595],[-77.65736619799998,6.854395904776088],[-77.66297540199997,6.873954313775476],[-77.666834365,6.875620202775409],[-77.67421489600002,6.876600758775376],[-77.68457926999997,6.870727965775584],[-77.68358817,6.862177093775856],[-77.68892324,6.84926116377625],[-77.68724696200002,6.845879748776383],[-77.69040989000001,6.845085891776384],[-77.68784735999998,6.842194273776497],[-77.689492595,6.835333046776714],[-77.69509125500002,6.835617725776716],[-77.69833868900002,6.843072060776449],[-77.70201841099998,6.842239117776499],[-77.70143851199998,6.853320455776142],[-77.705170952,6.857590619775998],[-77.70310330400002,6.865707992775736],[-77.711752251,6.878236387775342],[-77.71187877400001,6.884197044775155],[-77.70764727,6.891422934774895],[-77.70529955799998,6.910682607774299],[-77.700730658,6.913803517774207],[-77.69845323700002,6.912243062774253],[-77.69495585499999,6.918283050774056],[-77.69561349000003,6.922561749773916],[-77.69845323700002,6.92214000177392],[-77.695374501,6.926596436773791],[-77.69817207400001,6.933189711773582],[-77.69540261700001,6.935031330773525],[-77.698593818,6.939305008773392],[-77.69216924199998,6.939558056773373],[-77.685238572,6.946263794773149],[-77.681105474,6.946446550773164],[-77.67865935499998,6.954712745772873],[-77.67437237899998,6.956614741772828],[-77.67344378000001,6.949370648773061],[-77.66225348900002,6.952294745772971],[-77.65390294600002,6.966901166772503],[-77.65869108599998,6.99485697977161],[-77.67315124599997,7.01663959577091],[-77.67188846099998,7.018808910770845],[-77.678844557,7.02265105277072],[-77.68032009199999,7.033391799770376],[-77.69033265399997,7.035521351770288],[-77.74272374100002,7.083696625768767],[-77.743624393,7.08859271976861],[-77.75210158800002,7.091992408768496],[-77.77326924,7.112929472767837],[-77.77536592400003,7.120722676767583],[-77.78242065199998,7.128061386767348],[-77.778809684,7.133276769767188],[-77.78716323700002,7.136107728767095],[-77.78605322099997,7.138479468767016],[-77.79648017800002,7.149294472766659],[-77.801817616,7.150964331766612],[-77.795528875,7.147725786766732],[-77.796233196,7.145367740766766],[-77.80579773699998,7.149311557766691],[-77.80840866800003,7.145034929766815],[-77.81080377,7.149389487766655],[-77.81323265499998,7.143712509766848],[-77.81379316699997,7.148484047766693],[-77.81881621500003,7.148563092766701],[-77.82095586100002,7.152324990766572],[-77.821694735,7.147755006766719],[-77.82716460699999,7.154229293766518],[-77.82572021099998,7.156219828766455],[-77.82882458400002,7.154602967766508],[-77.82854432900001,7.158684643766371],[-77.83159121300002,7.159511037766341],[-77.82978751500002,7.164074179766192],[-77.83627651699999,7.16625873876613],[-77.83569444699998,7.178431906765741],[-77.841220519,7.178209137765744],[-77.840502851,7.182577631765609],[-77.844166799,7.185754491765502],[-77.84916828899998,7.185582023765487],[-77.85498180299999,7.180587719765676],[-77.85142470800002,7.187047977765474],[-77.85475184900002,7.188830117765398],[-77.853005639,7.192710583765278],[-77.856052524,7.195031679765206],[-77.863612247,7.192380027765295],[-77.866587272,7.195477212765196],[-77.86439802299998,7.19797732576511],[-77.86706701000003,7.199853141765044],[-77.86415120100003,7.201808121764975],[-77.86642917900002,7.205846682764865],[-77.87405357699998,7.206730568764834],[-77.87336371599997,7.212666242764644],[-77.88038448600003,7.211221845764688],[-77.88377630100001,7.216826964764507],[-77.7925,7.461014213756703],[-77.78576866700001,7.464328308756611],[-77.77295722399998,7.459182240756791],[-77.76647293100001,7.461898899756683],[-77.762744549,7.457763724756833],[-77.751063412,7.467519594756512],[-77.747338737,7.464696123756601],[-77.74039217400002,7.465537428756569],[-77.74007382100001,7.471013270756403],[-77.73126773799999,7.474232641756301],[-77.714385553,7.497625200755555],[-77.70070171100002,7.506483875755278],[-77.70268820500002,7.518315525754878],[-77.71523333200003,7.53754523475426],[-77.72546586800001,7.564175900753435],[-77.732966896,7.570148249753233],[-77.73779773000001,7.586874135752716],[-77.73622401900002,7.60185067975222],[-77.746801259,7.605435440752117],[-77.74850595700002,7.613466710751868],[-77.741130677,7.629622182751327],[-77.74171910400003,7.64155785775097],[-77.74705099900001,7.647428467750768],[-77.743210504,7.657896789750448],[-77.74585285699999,7.664236231750262],[-77.74220010099998,7.670573890750051],[-77.74285314999997,7.678909642749781],[-77.736493532,7.685368293749576],[-77.72802521800003,7.68650008174955],[-77.72912484199998,7.695473127749257],[-77.69749806700003,7.693018064749318],[-77.69145604900001,7.684713702749598],[-77.686414082,7.686504699749545],[-77.68618518599999,7.681618330749677],[-77.68036341700002,7.683092890749653],[-77.67136692899999,7.667989389750134],[-77.65581659100002,7.661065010750352],[-77.64578102399997,7.651645319750653],[-77.644918884,7.634834195751171],[-77.64047594599998,7.630200762751342],[-77.637386844,7.612032719751914],[-77.630809151,7.604773232752145],[-77.63101897799999,7.594903654752448],[-77.62542824000002,7.5876443117527],[-77.62413010699998,7.578751996752952],[-77.609404542,7.561178637753527],[-77.61116809700002,7.548803694753933],[-77.60718287399999,7.546026106753996],[-77.606726601,7.540657807754171],[-77.593600568,7.535808185754339],[-77.59036304699998,7.531373292754483],[-77.59264746399998,7.526663852754627],[-77.585241327,7.515008022755008],[-77.57578798999998,7.514691211755011],[-77.56848428199999,7.507708083755231],[-77.563450827,7.507336542755255],[-77.55607457000002,7.520204131754843],[-77.54889213899997,7.523346692754735],[-77.54414973799999,7.535080059754343],[-77.53175152900002,7.546517283753998],[-77.52840385299999,7.557047124753659],[-77.52486158599999,7.559190934753595],[-77.528025631,7.566165360753375],[-77.52452265,7.571762029753197],[-77.518827633,7.575466069753081],[-77.50287569300002,7.567638170753323],[-77.489182163,7.569534111753256],[-77.48742574099998,7.577903402752988],[-77.49252928200002,7.583075392752836],[-77.489477335,7.593597891752485],[-77.47919807800002,7.615131135751816],[-77.468471152,7.625742306751472],[-77.46544603500001,7.634211385751211],[-77.465509757,7.64215913875096],[-77.47017816300001,7.651463251750639],[-77.46696827,7.65540395975053],[-77.44262706799998,7.65678999475048],[-77.443440673,7.662873772750295],[-77.435159366,7.687215373749521],[-77.418512792,7.698678797749157],[-77.418524263,7.717422876748547],[-77.41352146399998,7.723643846748368],[-77.407825231,7.721907395748427],[-77.399292919,7.724339836748338],[-77.39469313799998,7.742429513747749],[-77.395900246,7.750046398747505],[-77.391163317,7.759945468747209],[-77.382311964,7.757438626747288],[-77.375263533,7.761186065747163],[-77.37896299300002,7.769193034746917],[-77.373725541,7.771177130746857],[-77.34803487599999,7.76262636774711],[-77.33941515700002,7.765954538747029],[-77.34279778299998,7.773835882746771],[-77.33901265999998,7.775059617746729],[-77.33688413300001,7.782259741746506],[-77.34856520800002,7.796667781746028],[-77.34864183399998,7.80389132974581],[-77.35607810200003,7.806133460745738],[-77.35887325300001,7.81920907674531],[-77.35618294,7.82113214274526],[-77.36861861099999,7.828338883745034],[-77.364548883,7.834328073744828],[-77.35518280399998,7.836747458744754],[-77.352898547,7.842494078744592],[-77.348435252,7.841252176744631],[-77.34498590200002,7.847391495744428],[-77.347236813,7.849658238744367],[-77.34314129299997,7.84903558174438],[-77.34287010899999,7.85315206674424],[-77.33723379700001,7.856944097744114],[-77.34075515299998,7.861878048743955],[-77.340426445,7.868201656743758],[-77.32821420599998,7.882734523743314],[-77.32293079300001,7.884135113743268],[-77.32476969700002,7.895836410742898],[-77.30532005700002,7.900030527742755],[-77.29503271800002,7.910828245742414],[-77.290115259,7.907906264742516],[-77.27569453199999,7.907859975742507],[-77.256610427,7.919969400742129],[-77.244124108,7.917597016742197],[-77.23780785500003,7.920942567742083],[-77.22957762300001,7.920563473742117],[-77.218287272,7.916353195742234],[-77.21072763299998,7.922232402742063],[-77.19679875700001,7.919349801742149],[-77.191909474,7.922368581742044],[-77.175381931,7.917161237742225],[-77.15859829700003,7.932715460741711],[-77.16534277099998,7.937265485741582],[-77.170850229,7.936690858741612],[-77.17038148799998,7.943784509741373],[-77.18206640800003,7.955218886741019],[-77.162300959,7.968939949740564],[-77.16562038299998,7.974229577740416],[-77.182528768,7.983262911740102],[-77.18709632600002,7.989373332739929],[-77.19171616099999,7.988573872739956],[-77.198836826,7.998773023739625],[-77.21246074499999,8.008218918739331],[-77.21686825299997,8.016041082739088],[-77.21504819900002,8.020777682738938],[-77.221325144,8.026237567738756],[-77.22801016800003,8.02206668173889],[-77.23363197600003,8.024964145738798],[-77.224071262,8.033467696738521],[-77.22423342600001,8.038570406738378],[-77.22896616399998,8.043453461738213],[-77.230091662,8.054107370737867],[-77.22686782099998,8.056405895737802],[-77.22591015299997,8.064467568737534],[-77.22914523499998,8.067725552737446],[-77.219580308,8.072654531737285],[-77.21745532300002,8.08776449873681],[-77.232078006,8.11452457573597],[-77.23479544000003,8.128146667735532],[-77.23185655100002,8.13365074573536],[-77.22656608199998,8.132969606735383],[-77.22677999799998,8.136416197735276],[-77.23343626600001,8.142482401735066],[-77.25184044000002,8.149951298734855],[-77.25204557900003,8.154624989734694],[-77.25718118600003,8.157911113734587],[-77.24870487800001,8.162264026734446],[-77.24781069699998,8.174836646734063],[-77.25122294599998,8.187471903733655],[-77.26020095500002,8.192440552733476],[-77.258850816,8.204149851733126],[-77.26172575499999,8.211957900732886],[-77.26842088199999,8.211362392732896],[-77.28050429400002,8.217246927732726],[-77.280439936,8.228791187732353],[-77.290076177,8.243439701731878],[-77.28914696599998,8.250211487731663],[-77.285668144,8.249943921731681],[-77.28437511800001,8.253047954731574],[-77.301537758,8.271719909730994],[-77.29812633699999,8.2771285767308],[-77.29964317100001,8.281448027730681],[-77.30604150200003,8.283317897730635],[-77.31223970399998,8.270776935731025],[-77.31910049800001,8.274162363730916],[-77.33271039700003,8.273358428730925],[-77.332227935,8.28133924173069],[-77.34967154499998,8.296464156730208],[-77.35540386999998,8.317144809729559],[-77.34614650700001,8.352265089728446],[-77.35057959699998,8.361396419728162],[-77.35784794199998,8.36511248372805],[-77.36162162800002,8.376842806727671],[-77.355122935,8.388186732727307],[-77.35887601600001,8.400961149726912],[-77.369856083,8.407832569726672],[-77.385017469,8.431089642725958],[-77.38612393900002,8.440519374725671],[-77.39472197999999,8.451685837725309],[-77.39761588599998,8.46164025772498],[-77.40368053999998,8.466096385724862],[-77.401864988,8.47646793172452],[-77.41781628000001,8.47818444572447],[-77.438014801,8.470651765724712],[-77.44755541500001,8.472608378724654],[-77.447732036,8.494842429723949],[-77.45625686099999,8.508542943723512],[-77.445196491,8.513954141723337],[-77.44058437400003,8.522717294723073],[-77.437141381,8.540302068722514],[-77.44036,8.555854082722009],[-77.436957097,8.563119239721788],[-77.42668936400003,8.558095169721952],[-77.417732645,8.566969077721668],[-77.40963346799998,8.566317313721694],[-77.41086704999998,8.576565140721371],[-77.419276793,8.584703525721109],[-77.41858049000001,8.587689967721024],[-77.39055990700001,8.584737782721096],[-77.393278533,8.595299537720786],[-77.39826014599998,8.598438236720666],[-77.40420862299999,8.609418408720334],[-77.39988672200002,8.617398067720083],[-77.40897376800001,8.635110117719526],[-77.40918794999999,8.642615993719271],[-77.402222897,8.649401861719067],[-77.39301547999997,8.651212832719011],[-77.38501544600001,8.6425297757193],[-77.380422,8.643732305719258],[-77.37264058800002,8.637344778719445],[-77.364647107,8.641048656719333],[-77.370403469,8.661688824718688],[-77.36382943199999,8.669694498718444],[-77.36768803899997,8.671592251718355],[-77.37089913800003,8.677164648718223],[-77.36888316099999,8.677729527718169],[-77.36603931500002,8.672776697718351],[-77.361639686,8.675509195718263],[-77.357052323,8.673605446718318],[-77.365470856,8.65619730971884],[-77.35477279899999,8.657758235718816],[-77.344531599,8.646393929719157],[-77.34690797399998,8.636033898719484],[-77.34257092299998,8.624864569719845],[-77.330426154,8.619020610720032],[-77.32572433899998,8.622313785719935],[-77.32856065700003,8.615479972720138],[-77.32364944900002,8.612281976720254],[-77.32081313200001,8.601031885720584],[-77.31005796800002,8.595264073720775],[-77.30840186299997,8.587211975721022],[-77.29875648,8.582520154721173],[-77.29425929899998,8.572954722721494],[-77.28819167299997,8.57513192872143],[-77.28581764,8.563966578721773],[-77.276920404,8.553793438722092],[-77.27680143100002,8.535620304722668],[-77.26924664199998,8.526489125722945],[-77.26931891599997,8.517218161723244],[-77.27302403700003,8.516257439723278],[-77.27501683499997,8.506561136723574],[-77.25360168600002,8.492076167724013],[-77.248896393,8.47204950172467],[-77.18988480399997,8.437801417725735],[-77.16916105799999,8.433213624725896],[-77.16422472099998,8.43770030672575],[-77.16393499600002,8.43138470872593],[-77.155103166,8.41983176672632],[-77.14966169799999,8.421088767726275],[-77.14789516299999,8.417357101726374],[-77.136326957,8.416354249726407],[-77.13420004199997,8.411546041726568],[-77.130740538,8.411905374726565],[-77.12789170500002,8.397264866727012],[-77.12003492100001,8.38815112772731],[-77.11480983400003,8.387828699727319],[-77.11070110999998,8.379073236727605],[-77.11617827200001,8.3789650797276],[-77.11787110799997,8.37164445172783],[-77.108754051,8.363965984728068],[-77.10522222100002,8.355174520728339],[-77.094503364,8.347317760728602],[-77.087207272,8.329488383729164],[-77.07640572999998,8.325241983729303],[-77.07498661699998,8.320352188729458],[-77.07830703399998,8.314581991729636],[-77.07203345800002,8.308968111729813],[-77.07456860999997,8.304134298729958],[-77.06518592100002,8.29685383373018],[-77.06509865200002,8.292180969730346],[-77.055454161,8.286811113730497],[-77.05238067699997,8.277869129730796],[-77.044032937,8.272132006730962],[-77.04612260099998,8.268902546731058],[-77.040236,8.256591394731458],[-77.03612359599998,8.2526194707316],[-77.02290546900002,8.250750803731657],[-76.980189752,8.255281793731491],[-76.978291646,8.22769101473239],[-76.96651136700001,8.191789281733517],[-76.94933258600003,8.172336840734136],[-76.95559982100002,8.122733718735702],[-76.95089698700002,8.0976035477365],[-76.94197400799999,8.090155835736741],[-76.939071066,8.062839622737602],[-76.95991514399998,8.036903498738486],[-76.96988508599998,8.032073191738615],[-76.98611301,8.031454531738596],[-76.99451250700002,8.023411953738828],[-77.00531525999997,7.985483347740103],[-77.00548182199998,7.971087607740565],[-77.00008044600003,7.958428873740903],[-77.005243876,7.952194685741093],[-77.02142421100001,7.948792056741211],[-77.013238865,7.939345596741512],[-77.01231087500003,7.933825247741693],[-77.02639728499997,7.890423880743129],[-77.034704051,7.876080623743518],[-77.05837724000003,7.851543487744309],[-77.08061160199998,7.845174143744499],[-77.09520831600003,7.82506717074514],[-77.10558414600001,7.82392376174517],[-77.12167702300002,7.83268178974488],[-77.126019546,7.830236840744961],[-77.127771151,7.824677924745155],[-77.122139253,7.788015845746325],[-77.11446381399998,7.783880109746491],[-77.03970149600002,7.704761728748948],[-76.99969680700002,7.668326231750148],[-76.96013826799998,7.639772699751068],[-76.94541535299999,7.591737330752605],[-76.93619494199999,7.583409217752859],[-76.82584743799998,7.581475904752933],[-76.801011813,7.5716606287532],[-76.66185707900001,7.449177968757099],[-76.61874604000002,7.316170811761333],[-76.61544065200002,7.316285815761337],[-76.615169262,7.311861711761468],[-76.60448339099997,7.313280371761437],[-76.60359445900002,7.307935219761594],[-76.598275565,7.306257722761643],[-76.596066179,7.301416167761819],[-76.59026994800001,7.300775170761823],[-76.59025630999997,7.303809667761721],[-76.58553749700002,7.297911151761903],[-76.57895025200003,7.304177900761721],[-76.562675065,7.27347517776271],[-76.54666183900002,7.258885474763167],[-76.54110427699999,7.259642395763147],[-76.53638546399998,7.254944038763306],[-76.53591494699998,7.262056352763053],[-76.53036571000001,7.254962211763296],[-76.52396901700001,7.229341722764112],[-76.51799620100002,7.224804306764256],[-76.51345819300002,7.205469143764879],[-76.504446422,7.194553056765226],[-76.508444365,7.184072747765561],[-76.49626497899999,7.157549125766396],[-76.49850855,7.152246650766557],[-76.48443564399997,7.132724262767198],[-76.49271274699998,7.131584469767239],[-76.49771099399999,7.136971892767068],[-76.507194067,7.139494032766982],[-76.51408498799998,7.111150048767884],[-76.525055259,7.105787422768032],[-76.52284635299998,7.098769816768287],[-76.52855880499999,7.097577579768327],[-76.531157688,7.093573557768451],[-76.53006342100002,7.079621657768903],[-76.53875538,7.068741165769236],[-76.53061055500001,7.060098948769524],[-76.536202716,7.049807250769854],[-76.535392576,7.038448404770209],[-76.549448676,7.016716095770886],[-76.545745807,7.010026551771118],[-76.54746009799999,7.002956052771336],[-76.57017159700001,6.980282649772065],[-76.58404592599999,6.983122658771983],[-76.592937382,7.011625604771072],[-76.59643397100001,7.010876220771082],[-76.60318535800002,7.000489473771433],[-76.60589564999998,7.008238961771185],[-76.61560780000002,7.016789559770909],[-76.62172949799998,7.013457608771011],[-76.62818249600002,7.016178788770903],[-76.637813348,7.014135591770988],[-76.645487334,7.008360916771178],[-76.651847149,7.010691888771084],[-76.65917580500002,7.019421049770822],[-76.67016879,7.023142930770698],[-76.67556801699999,7.029853724770496],[-76.68401874699998,7.021338581770761],[-76.70665981600001,7.024915205770647],[-76.82477514200002,7.005457572771268],[-76.83463708099998,6.999268600771449],[-76.842520665,6.988321922771813],[-76.831845596,6.989140184771783],[-76.82875614099999,6.979342802772112],[-76.83029028800001,6.972402110772324],[-76.82387085699997,6.977409168772162],[-76.81914465300002,6.975981491772226],[-76.82845989200001,6.955526490772863],[-76.81338292700002,6.963514636772606],[-76.808314951,6.950246906773038],[-76.800094037,6.948564632773076],[-76.79689272600001,6.93437916977354],[-76.796702369,6.901599712774583],[-76.78808872000002,6.890692263774936],[-76.78550938400002,6.880070349775262],[-76.792419339,6.866231404775731],[-76.79804438500003,6.861634287775879],[-76.83055740700001,6.858589208775968],[-76.831528133,6.854294889776112],[-76.81911728799997,6.846190921776369],[-76.81793948799998,6.837682636776634],[-76.820382983,6.835309457776696],[-76.83432321100003,6.838473696776595],[-76.83528532499997,6.828684087776915],[-76.85027592900002,6.835422724776713],[-76.85507292199998,6.846158849776359],[-76.86649236699998,6.844767546776414],[-76.87770066799999,6.852164427776152],[-76.89064595100001,6.838570359776614],[-76.89537691499999,6.837566525776623],[-76.8998876,6.829041597776918],[-76.90212256299998,6.832272992776814],[-76.90034103800002,6.83664277177668],[-76.91544478600002,6.84197613977648],[-76.91353696800002,6.84688232377632],[-76.917771357,6.844565773776406],[-76.933007164,6.812123008777465],[-76.957947542,6.816742738777314],[-76.97030494699999,6.81273493277744],[-76.97230885099998,6.809019358777548],[-76.97126515100001,6.796940273777951],[-76.95785013,6.792514986778088],[-76.96526735700002,6.780394155778476],[-76.962100394,6.762794573779034],[-76.96716388700003,6.743130709779668],[-76.95732243600003,6.724780306780256],[-76.94017684300002,6.723164525780316],[-76.93364812099998,6.710918793780714],[-76.943007008,6.705121533780885],[-76.951304751,6.691779638781322],[-76.962659556,6.688416866781421],[-76.96268139300003,6.678459577781743],[-76.952284502,6.675123777781845],[-76.938967897,6.686344162781493],[-76.937486993,6.65458869178251],[-76.924847296,6.646898270782754],[-76.92079269499999,6.648954124782677],[-76.91753759199997,6.660013859782324],[-76.90935224600003,6.670159881782019],[-76.903032398,6.672272844781949],[-76.895113551,6.663554497782214],[-76.89954886700002,6.653903403782528],[-76.912359885,6.639855065782979],[-76.90800071199999,6.628129081783341],[-76.900310294,6.625007228783464],[-76.87404104500001,6.630261081783297],[-76.862124704,6.62580672778342],[-76.85805106700002,6.619715309783634],[-76.859250315,6.612900533783851],[-76.86781637500002,6.607665719784017],[-76.88725181199999,6.607513432784028],[-76.89926333099999,6.585527211784708],[-76.89861919200001,6.579209761784933],[-76.885835311,6.560734522785526],[-76.88188527,6.560456873785546],[-76.86883347100002,6.572391690785151],[-76.85128271899998,6.560720080785518],[-76.84632083899999,6.533662068786392],[-76.838539765,6.519563683786832],[-76.827465216,6.525438010786663],[-76.81935671999997,6.525476529786649],[-76.82332429799999,6.507352791787238],[-76.81998878000002,6.487249712787867],[-76.81489212999998,6.488960731787834],[-76.805153442,6.506120607787282],[-76.800365177,6.507960544787225],[-76.79198571299997,6.49616722278758],[-76.777217317,6.488917935787835],[-76.76798500799998,6.477991453788182],[-76.76701418800002,6.47035814178843],[-76.770573861,6.464856826788608],[-76.776322639,6.466227397788553],[-76.777902601,6.473860708788318],[-76.78228080999997,6.474565026788264],[-76.78176684599998,6.462648687788674],[-76.793245366,6.451265346789039],[-76.79556772,6.437483508789484],[-76.783803665,6.432819762789626],[-76.768765471,6.440167539789405],[-76.76177937400001,6.432153513789644],[-76.76512965500001,6.424672488789885],[-76.77089746799999,6.420770172790016],[-76.788086695,6.424691525789898],[-76.795263149,6.419970674790048],[-76.79204611799997,6.409234545790383],[-76.76696329599997,6.394607698790868],[-76.76507436999998,6.389292349791034],[-76.76917436500003,6.37978914779133],[-76.780361492,6.382556646791253],[-76.78692148300001,6.378895934791365],[-76.78671648300002,6.373609870791523],[-76.77375757300001,6.369187736791685],[-76.77138543299998,6.363242742791866],[-76.77466542899998,6.358498462792009],[-76.787404697,6.352568113792216],[-76.790837824,6.342396407792552],[-76.79792588200002,6.340791958792594],[-76.804612,6.346673322792403],[-76.810939481,6.339152199792642],[-76.81435400700002,6.339532910792622],[-76.81661449500001,6.344291832792479],[-76.82357441900001,6.340877305792571],[-76.823384062,6.337355703792708],[-76.829713428,6.332513500792849],[-76.82812156900002,6.327288204793026],[-76.83593571900002,6.320340177793229],[-76.83266157999998,6.314448632793424],[-76.83556948299997,6.309546827793604],[-76.832380613,6.301103657793856],[-76.83673434299999,6.294778381794067],[-76.836051414,6.289683109794233],[-76.85244094,6.280138593794536],[-76.85205975600002,6.271075767794836],[-76.86129372699997,6.273269517794769],[-76.86663029200002,6.265583616795015],[-76.87212244300002,6.264300041795053],[-76.87767293799999,6.254826212795358],[-76.89133330200002,6.246798023795602],[-76.890555377,6.242441643795753],[-76.895407998,6.236890742795933],[-76.89989047699999,6.235544042795987],[-76.90380084700001,6.238987656795864],[-76.918801783,6.234466353796018],[-76.929448902,6.239130954795871],[-76.93188651600002,6.235903553795974],[-76.93632683099997,6.237931214795909],[-76.93802930099997,6.234294727796029],[-76.94268588699998,6.236577553795954],[-76.94963391300001,6.234531215796001],[-76.953762278,6.238302663795892],[-76.95227511500002,6.241550625795774],[-76.95570153800003,6.2474159977956],[-76.960305796,6.251032779795477],[-76.96792423300002,6.250205686795509],[-76.975236913,6.259658323795188],[-76.989668344,6.261883119795122],[-77.00418305599999,6.281751621794495],[-77.01593759399998,6.290460446794198],[-77.030190565,6.29568336479404],[-77.03759068900001,6.29312544279413],[-77.04487183999998,6.281739721794488],[-77.042587557,6.273970781794737],[-77.04894744799998,6.271750370794809],[-77.06346881299999,6.253612944795381],[-77.065818927,6.241968676795763],[-77.07557999199997,6.231183010796101],[-77.07643880299997,6.215080316796637],[-77.07061388199998,6.219534666796497],[-77.06424644499998,6.215365850796625],[-77.05587074200002,6.218411558796536],[-77.050806293,6.205011609796949],[-77.05235307599997,6.191143263797409],[-77.05520792200002,6.188662823797495],[-77.051417061,6.181720712797713],[-77.05988019799997,6.167165672798181],[-77.05697051200002,6.156400442798521],[-77.07059885400002,6.138398278799104],[-77.075585145,6.139314731799076],[-77.080240608,6.130735635799352],[-77.09846044800003,6.130715033799341],[-77.10434629100001,6.102018117800271],[-77.12264474900002,6.097131804800444],[-77.125878001,6.09358507680055],[-77.12928682900002,6.074439051801176],[-77.125195313,6.055963087801766],[-77.14011373300002,6.037047768802401],[-77.12173880300003,6.030572725802586],[-77.118111533,6.010985467803215],[-77.10860002499999,6.006149105803379],[-77.102554489,5.993842185803762],[-77.10098410299997,5.975554148804363],[-77.08971310599998,5.965455973804691],[-77.088995135,5.951725086805125],[-77.07900263099998,5.962085316804793],[-77.07059510200003,5.962955898804773],[-77.057882135,5.946965631805281],[-77.05158972800001,5.949280535805209],[-77.04236192500002,5.940005003805503],[-77.03709571299999,5.939273141805522],[-77.03638771800001,5.916752528806265],[-77.030373736,5.908972537806511],[-77.03091482899998,5.885317207807273],[-77.02543568300001,5.866134686807892],[-77.01736455100001,5.855646023808239],[-77.018830299,5.848431499808465],[-77.01498508999998,5.842511398808644],[-77.01811646099998,5.837904761808799],[-77.014785216,5.820439517809361],[-77.008037064,5.815356989809527],[-77.00790381399997,5.810645656809694],[-77.01262466499998,5.804811217809869],[-77.01250093300001,5.789144846810368],[-77.011901309,5.779617485810692],[-77.00449788100002,5.770509096810981],[-77.007287378,5.759955203811314],[-77.00503979000001,5.747517959811701],[-76.998030514,5.743902274811814],[-76.99505446,5.732131314812218],[-76.989733096,5.733117407812182],[-76.97324858500002,5.72100802681256],[-76.96555053600002,5.722159039812543],[-76.95750401599997,5.710110379812928],[-76.95093585900003,5.70712197081302],[-76.95373418899999,5.700902284813211],[-76.952232578,5.671058500814198],[-76.937617472,5.661894013814474],[-76.93015349900003,5.661103710814522],[-76.92362230700002,5.668667587814274],[-76.913274999,5.666421592814341],[-76.900962763,5.679966949813902],[-76.89337797899998,5.682099455813841],[-76.88663959299998,5.677956014813973],[-76.87763618399998,5.68147137981386],[-76.86948889500002,5.677181715814004],[-76.86460224299998,5.679758852813921],[-76.85890280000001,5.673563806814108],[-76.850527097,5.672899697814114],[-76.847969782,5.665088985814386],[-76.84213157,5.659904970814557],[-76.83597617200002,5.659686904814563],[-76.823064247,5.66254475981447],[-76.81959954299998,5.678108575813963],[-76.81353616899997,5.681180502813874],[-76.808049621,5.679691488813913],[-76.80413519799998,5.685693936813713],[-76.78080411000002,5.683139202813799],[-76.77437294999999,5.688820866813628],[-76.76438468100002,5.691031779813549],[-76.760606097,5.685064091813741],[-76.73875312799998,5.68581600381372],[-76.73492975099998,5.680679697813883],[-76.717682911,5.685471399813714],[-76.693789042,5.671948304814167],[-76.69167607999998,5.673176107814128],[-76.69389565900002,5.682362248813824],[-76.67794985799998,5.688210791813645],[-76.66364229200002,5.685076912813727],[-76.66338435300003,5.681625678813833],[-76.67044350100002,5.672877304814117],[-76.67899970500002,5.651939983814835],[-76.66389587200001,5.646741877814978],[-76.661790049,5.63858032681524],[-76.652292955,5.628759047815564],[-76.65502062299998,5.623034613815752],[-76.651778175,5.620990225815813],[-76.63648236300003,5.630980020815515],[-76.626017564,5.629849692815506],[-76.62351333499998,5.644520247815041],[-76.61883769399998,5.643613673815076],[-76.61708165200002,5.646925883814958],[-76.60862266800001,5.64405625481508],[-76.605496056,5.657483553814634],[-76.601048844,5.660781486814535],[-76.59815065999999,5.658811290814599],[-76.59555942700001,5.6612526178145],[-76.59390332200002,5.655477667814699],[-76.59041265299999,5.656741161814655],[-76.59143344199998,5.652979231814791],[-76.58445364699998,5.649679057814891],[-76.58133284299998,5.654563068814733],[-76.574678512,5.651177946814843],[-76.56963241300002,5.652268121814811],[-76.571271583,5.655427637814696],[-76.56270168999998,5.657734832814625],[-76.561255281,5.664598586814403],[-76.549603429,5.661316369814514],[-76.533609528,5.686538255813697],[-76.524537603,5.693200449813485],[-76.50951221999998,5.694192691813441],[-76.50618112299998,5.687601367813662],[-76.49498295900003,5.682640159813827],[-76.468227851,5.688806230813618],[-76.46277052200003,5.695114057813418],[-76.458376305,5.694263567813437],[-76.450367492,5.685333388813722],[-76.43909845899998,5.688877107813605],[-76.43661785199998,5.705787750813069],[-76.402279184,5.7172694128127],[-76.40440541499999,5.728325825812344],[-76.39675097899999,5.74129584681193],[-76.38867128800001,5.739736611811974],[-76.383143083,5.730260696812286],[-76.37340080799999,5.723403199812507],[-76.37012548899997,5.729184014812297],[-76.38015096700002,5.733791525812172],[-76.376960698,5.741788481811913],[-76.38147788499998,5.752370633811549],[-76.36583504499998,5.765839604811121],[-76.365935836,5.779465618810696],[-76.374639909,5.783805029810543],[-76.359355425,5.801714203809976],[-76.36023105800001,5.807002135809792],[-76.35490170399999,5.816582830809498],[-76.34901819700002,5.816413829809478],[-76.348051205,5.822169410809312],[-76.33853628600002,5.82828824580911],[-76.32452792999999,5.82985730680906],[-76.312185779,5.847323915808489],[-76.29826383199998,5.852162034808337],[-76.28389757000002,5.868685711807804],[-76.27241937399998,5.863304530807966],[-76.264816608,5.865723586807894],[-76.26052153799998,5.859996835808079],[-76.252548505,5.858713250808112],[-76.24820407200002,5.865131167807927],[-76.248908373,5.881049008807392],[-76.24514321599997,5.881788131807376],[-76.24114436500003,5.895759450806933],[-76.234528974,5.905460375806628],[-76.22467993499998,5.904176789806667],[-76.18780158599998,5.913393911806364],[-76.18294690200003,5.927366386805924],[-76.17295343199999,5.935969209805634],[-76.17266148800002,5.94239210080542],[-76.177916579,5.949359963805194],[-76.172174907,5.962595013804762],[-76.17402391799999,5.971256185804503],[-76.165362749,5.981143544804191],[-76.16682249299998,5.996714186803686],[-76.16018920699997,6.004141403803434],[-76.150082909,6.003397382803453],[-76.14431674000002,5.997693206803642],[-76.13185437599998,5.999801274803557],[-76.12199608399999,6.020075872802918],[-76.11353283099999,6.021253907802888],[-76.104356559,6.017905803803],[-76.09696478299998,6.00351612880345],[-76.08888710000002,5.999987282803569],[-76.08584901799998,5.987419509803972],[-76.07961783600001,5.988349534803942],[-76.071495593,5.984691434804066],[-76.06678196500002,5.978117745804283],[-76.067279467,5.961372541804809],[-76.05112799199998,5.951328246805129],[-76.05596413500001,5.944818055805325],[-76.05386437700002,5.931563323805804],[-76.06104828399998,5.924128042806011],[-76.05624487,5.911544472806421],[-76.05639814699998,5.895210390806929],[-76.06049026800002,5.886344125807221],[-76.07419267699998,5.887584160807208],[-76.08157089000002,5.882772820807351],[-76.08317473199997,5.873498600807646],[-76.099086403,5.84870281280844],[-76.09927240899998,5.831112900809009],[-76.08141588400002,5.815699241809511],[-76.081477888,5.799479566810032],[-76.085880019,5.793031374810245],[-76.070944382,5.780652078810647],[-76.08110587700003,5.767021608811072],[-76.07385165599999,5.761441444811273],[-76.06684545399997,5.765285553811148],[-76.061198843,5.758127344811367],[-76.06312158600002,5.751317044811604],[-76.07094276999999,5.742839832811881],[-76.063061598,5.727421777812381],[-76.080068331,5.708610668812969],[-76.08695398999998,5.68864227881364],[-76.066430352,5.672197100814154],[-76.066017945,5.666893141814318],[-76.03570634200003,5.651523444814834],[-76.00515047300001,5.621918151815763],[-76.00732381900002,5.61178515481612],[-76.00191683399999,5.600120348816495],[-76.01218392200002,5.592364755816734],[-76.00637192200003,5.5811825278171],[-76.00908094800002,5.567649285817549],[-76.020489134,5.563346431817684],[-76.03704395300002,5.567172195817553],[-76.05376326200002,5.552415912818036],[-76.073745181,5.547641670818188],[-76.08542873200003,5.534316471818612],[-76.07940395600002,5.524590612818917],[-76.075571159,5.499594101819737],[-76.08038894999999,5.484890134820215],[-76.07778330600001,5.471720904820627],[-76.085335263,5.449751095821356],[-76.092369179,5.445353925821488],[-76.098024442,5.448831032821362],[-76.10244762100001,5.44745222682141],[-76.10966638399998,5.442014168821601],[-76.11898627,5.421516058822265],[-76.14355522900001,5.417145683822394],[-76.15247631699998,5.407566734822709],[-76.15743212199999,5.412390710822564],[-76.16812720500002,5.41063107282261],[-76.177978069,5.401276988822919],[-76.18394643599999,5.414451105822497],[-76.19121719600003,5.414584252822478],[-76.19055640300002,5.397746798823037],[-76.199353541,5.375326808823762],[-76.19702986700003,5.370247328823925],[-76.20411660000002,5.365538081824075],[-76.201035837,5.360049544824236],[-76.20308369100002,5.353697692824479],[-76.20627226900001,5.349152467824613],[-76.211426567,5.348616175824636],[-76.20720338799998,5.343947926824772],[-76.20428869,5.345137133824767],[-76.20135644499999,5.337322932824986],[-76.20330344299998,5.330721374825202],[-76.198091246,5.329282282825258],[-76.20132034900001,5.321464719825506],[-76.19724498199997,5.319278633825582],[-76.19089486299998,5.304130640826043],[-76.17751769699998,5.288370013826587],[-76.177037467,5.27546223782699],[-76.172879051,5.270616958827152],[-76.17361817300002,5.260251416827499],[-76.165429239,5.257015415827597],[-76.16220102900002,5.246802268827928],[-76.150702297,5.241716036828099],[-76.14202304999998,5.233378448828349],[-76.14249259399998,5.206042314829245],[-76.13796355699998,5.201767093829383],[-76.132486933,5.183449257829984],[-76.117759934,5.168214803830479],[-76.11141081300002,5.169486302830427],[-76.10349895500002,5.163300171830633],[-76.09632127200001,5.165087615830578],[-76.085445333,5.15998208383072],[-76.083584991,5.155093534830891],[-76.07704590600002,5.152741535830988],[-76.07709134200002,5.146299600831196],[-76.06802178800001,5.139160070831415],[-76.06139667899998,5.138058248831433],[-76.058927192,5.116425595832155],[-76.061975158,5.101403188832645],[-76.069788201,5.094996868832853],[-76.069034795,5.074607308833503],[-76.07258073100002,5.071708377833595],[-76.07221227500003,5.062467273833939],[-76.076838726,5.054562524834162],[-76.07700063800002,5.047229428834436],[-76.09117746599998,5.04288929183453],[-76.096816789,5.031767693834902],[-76.09426059999998,5.010856132835587],[-76.098587108,4.998781226835973],[-76.090242338,4.979764573836591],[-76.09133239099998,4.949366977837586],[-76.08869594599997,4.946136608837697],[-76.094620701,4.941305548837836],[-76.094562757,4.93021655083821],[-76.09968353699998,4.917179197838611],[-76.120441905,4.911935282838791],[-76.128872726,4.913746027838735],[-76.130596556,4.911196500838832],[-76.129712913,4.906857958838945],[-76.11414776100003,4.894240696839362],[-76.11414051600002,4.890401919839486],[-76.117139109,4.880739791839805],[-76.12670707900003,4.873960365840039],[-76.13109115200001,4.863462944840356],[-76.129629577,4.856089655840606],[-76.136934446,4.849497730840817],[-76.139407302,4.841233185841105],[-76.19210519,4.828608594841501],[-76.21266894799999,4.828868903841485],[-76.22067319500002,4.82112495684175],[-76.230564619,4.802090463842372],[-76.247510203,4.794040659842643],[-76.26065538699999,4.79495171284259],[-76.276243706,4.771023833843384],[-76.286856102,4.767145310843491],[-76.29375653699998,4.75965000684376],[-76.31226570400003,4.749983838844048],[-76.29407233500001,4.728751154844753],[-76.28568988,4.712403820845299],[-76.288612914,4.702784108845594],[-76.29749336999998,4.698591583845724],[-76.296495478,4.685356796846166],[-76.30144210600002,4.677614803846393],[-76.29921354700002,4.674149584846544],[-76.30342591300001,4.6658279118468],[-76.300166805,4.655483786847121],[-76.31044652100002,4.635581328847775],[-76.30998277499998,4.630170948847952],[-76.32003061799998,4.619685124848288],[-76.318124104,4.612857743848521],[-76.32106116400001,4.60487099484879],[-76.328506876,4.602062750848881],[-76.334248259,4.585981682849399],[-76.343610931,4.58174715684954],[-76.34418975400001,4.570881579849882],[-76.340899616,4.567713298849988],[-76.34479903599998,4.561681379850175],[-76.36087999699998,4.556258890850395],[-76.38127251700001,4.559631297850256],[-76.38408787700001,4.557154685850334],[-76.384946034,4.546698719850673],[-76.40375935600002,4.534967258851045],[-76.380680601,4.516014712851684],[-76.37235826699998,4.497062174852292],[-76.36485723800001,4.492495092852449],[-76.36916907,4.489344523852539],[-76.382969565,4.492769429852448],[-76.38636106400003,4.489576666852537],[-76.386294894,4.481169818852818],[-76.39144063999998,4.475655812852999],[-76.40234043800001,4.47395971385304],[-76.41021436199998,4.465684146853309],[-76.40862221499998,4.459946687853511],[-76.41654175399998,4.455287107853652],[-76.41831526200002,4.447818701853909],[-76.430914798,4.448620720853874],[-76.43486772699998,4.441760096854083],[-76.44879612300002,4.440309684854133],[-76.452073166,4.433919134854348],[-76.47199731400002,4.424404626854665],[-76.48213354699999,4.414071980855006],[-76.501993616,4.413203722855013],[-76.51548709500003,4.403249382855357],[-76.526462998,4.403846315855334],[-76.539528,4.396297316855581],[-76.55303228899999,4.401649079855434],[-76.56201886500003,4.369734353856447],[-76.54827509799998,4.350908063857068],[-76.54925497300002,4.337135041857507]]],[[[-76.26035535900002,6.191838995797384],[-76.27316513699998,6.180993902797737],[-76.27811614799998,6.171366926798061],[-76.27756603699999,6.159735973798417],[-76.28369587100002,6.15069840079871],[-76.30430152600002,6.140206955799039],[-76.30969263999998,6.130540688799344],[-76.334832801,6.119027609799719],[-76.33821206599998,6.108811225800061],[-76.35237353899998,6.094036758800542],[-76.37832315499998,6.075490096801135],[-76.38350993699999,6.064880775801466],[-76.40285819299999,6.057022017801731],[-76.41539945599999,6.043266043802185],[-76.41668744200001,6.037144548802379],[-76.441899074,6.036178805802414],[-76.454285405,6.019142298802958],[-76.454651216,6.014069242803109],[-76.46724971999998,6.005289800803405],[-76.479994541,6.007426139803338],[-76.49804360899998,6.00064986780353],[-76.51284572399999,6.004706923803421],[-76.51625160600003,6.008686854803297],[-76.52184016000001,6.00708265180335],[-76.51695599300001,5.992427920803815],[-76.52938621499999,5.980524461804202],[-76.53441976300002,5.971004618804485],[-76.52757708799999,5.970726419804519],[-76.528751134,5.965253855804693],[-76.55129370999998,5.95766889280494],[-76.55888497,5.945844819805305],[-76.569123703,5.937651522805578],[-76.588884688,5.933826442805695],[-76.58428534799998,5.919277275806177],[-76.587613513,5.908587851806502],[-76.60589215300001,5.90629243580659],[-76.63033603600002,5.897436490806887],[-76.63816957900002,5.886467163807247],[-76.64539587899998,5.887974099807195],[-76.64757857500001,5.884716008807276],[-76.65286873500003,5.887357790807211],[-76.656084755,5.884070542807317],[-76.67048809,5.881060696807418],[-76.68025508,5.871681898807722],[-76.68280437800001,5.874989093807605],[-76.69087070699999,5.874047366807639],[-76.692786941,5.879454265807439],[-76.696814002,5.878034919807508],[-76.709158662,5.883117163807342],[-76.71572359499999,5.878388700807503],[-76.706548393,5.869232532807789],[-76.705450107,5.864085766807965],[-76.71064955999998,5.862462326808012],[-76.71466927,5.848880204808445],[-76.72458122400002,5.834149592808926],[-76.73556676499999,5.841415029808694],[-76.74143404199998,5.841839471808679],[-76.76702536,5.82830728380911],[-76.77032102200002,5.821266547809321],[-76.77935912599997,5.823238951809275],[-76.783254,5.827458400809136],[-76.79334072400002,5.827758006809121],[-76.80655797999998,5.821169487809352],[-76.81796176,5.822529168809309],[-76.820614267,5.815961435809515],[-76.829080051,5.819336630809402],[-76.839451828,5.811522060809659],[-76.848862667,5.81538963780953],[-76.85620868,5.823410689809272],[-76.86221255700002,5.824260444809228],[-76.86182341699998,5.831376152809021],[-76.85812261500001,5.833695109808941],[-76.859147086,5.83894453080875],[-76.88005741400002,5.84483722480857],[-76.89125552399997,5.866384884807883],[-76.9092867,5.874967786807605],[-76.90990169000003,5.88185845380738],[-76.91346560199997,5.881385167807406],[-76.925043045,5.891502875807073],[-76.928878736,5.915797170806298],[-76.926844297,5.930585521805806],[-76.93266207900001,5.938437742805569],[-76.924119814,5.946194784805292],[-76.92863521599998,5.958713121804905],[-76.92327612600002,5.965783510804661],[-76.925291077,5.973006439804446],[-76.91971898499997,5.975138317804379],[-76.923337763,5.979197236804232],[-76.91714495000002,5.980846080804167],[-76.916972439,5.984201121804081],[-76.914170624,5.98080444380419],[-76.915824349,5.978805694804262],[-76.911904187,5.979043639804236],[-76.91103568400001,5.97530193680435],[-76.90846221800001,5.979605949804233],[-76.902023397,5.976688728804308],[-76.90191870000001,5.982527925804118],[-76.908348004,5.984697997804064],[-76.904036421,5.985678333804032],[-76.90283717199998,5.995538818803698],[-76.906668104,5.999545833803586],[-76.91221700699998,5.992707262803807],[-76.910798849,5.997818342803645],[-76.91376841599998,6.001606444803512],[-76.914663093,5.996976012803666],[-76.919526712,5.994144456803764],[-76.92167298499999,6.003362486803464],[-76.92620347899998,6.00350525380346],[-76.92824505700003,6.009758477803237],[-76.92330529600002,6.008659167803293],[-76.92381925900003,6.014745827803093],[-76.92888751100003,6.015478701803071],[-76.929648939,6.021498738802858],[-76.934641048,6.02032328580292],[-76.93564518099998,6.023435619802799],[-76.93994724599997,6.019442883802945],[-76.94222317700002,6.021965248802861],[-76.937035235,6.032056774802538],[-76.95197987799997,6.032187362802524],[-76.95756770700001,6.028880108802642],[-76.96123682500001,6.034594168802457],[-76.96957649199999,6.035528278802427],[-76.970981865,6.040569107802258],[-76.987736939,6.018024233802988],[-76.98706446699998,6.029190942802628],[-76.984518444,6.028824504802627],[-76.98461124300002,6.03602951380241],[-76.98025444899997,6.040491002802266],[-76.98299713900002,6.045526391802106],[-76.97847616299998,6.054211424801831],[-76.983106594,6.056314868801761],[-76.97985625000001,6.058361202801693],[-76.98159801600002,6.061297458801594],[-76.97492124799999,6.06570898080145],[-76.97570646999998,6.06873565580135],[-76.97139488699997,6.067583994801399],[-76.97156620800001,6.07217635580124],[-76.96632663499997,6.075531392801136],[-76.96898687200002,6.07707328380108],[-76.96760678499999,6.081660885800941],[-76.97160428,6.081556190800941],[-76.96791611499998,6.085368086800822],[-76.964870405,6.084244978800859],[-76.96443734299999,6.087585745800744],[-76.96885362299997,6.087509602800749],[-76.96526539500002,6.091649861800614],[-76.970362201,6.095956687800478],[-76.96473239599999,6.101929133800271],[-76.96463245899997,6.110104964800025],[-76.959089947,6.103206864800248],[-76.95603633600001,6.105992828800147],[-76.95742729,6.111463373799959],[-76.953939767,6.113677546799915],[-76.960026712,6.115875500799837],[-76.95027786700001,6.119910483799703],[-76.94952695900002,6.129315404799396],[-76.94336228399999,6.133870257799249],[-76.93993286900002,6.141295845799005],[-76.940740511,6.148333803798792],[-76.93835331399998,6.149069811798756],[-76.935973853,6.145357852798889],[-76.93122202400002,6.148788915798771],[-76.923902386,6.138757514799104],[-76.916180221,6.139785017799056],[-76.914421813,6.135431368799206],[-76.90949615300002,6.137316891799141],[-76.90084181999998,6.134774616799227],[-76.89473622100002,6.131361173799339],[-76.89180948400002,6.124565432799544],[-76.88181098899997,6.123927738799583],[-76.872117065,6.118538258799737],[-76.86165219600002,6.122307324799634],[-76.85368576000002,6.132572319799301],[-76.84883402499997,6.134296370799244],[-76.844793402,6.128732114799412],[-76.83559964699998,6.135995083799188],[-76.81661845100001,6.121046185799665],[-76.801943113,6.116474604799826],[-76.79969983500001,6.119506973799705],[-76.77298706800002,6.124163231799566],[-76.76384430399997,6.133853825799256],[-76.75395190799998,6.131976436799309],[-76.74868377899998,6.14522463979887],[-76.742337658,6.148265497798793],[-76.74245186500002,6.152723244798651],[-76.73697195,6.154578636798571],[-76.73646793400002,6.158173571798482],[-76.73039888300002,6.154694667798576],[-76.719649603,6.161659159798359],[-76.714809779,6.161395039798367],[-76.71565531200002,6.170936147798072],[-76.703512773,6.168887530798122],[-76.694397573,6.163248301798304],[-76.689638651,6.165970403798228],[-76.686883277,6.161509189798369],[-76.68094361099998,6.169162356798121],[-76.684263709,6.171213167798058],[-76.677092319,6.173245828797979],[-76.673430644,6.170476843798082],[-76.67255372400001,6.174348209797951],[-76.66869723600001,6.169690450798108],[-76.65522885399997,6.173246644797993],[-76.64388869099997,6.168326265798154],[-76.63962751999998,6.174734703797942],[-76.626604805,6.183238260797652],[-76.62092982399997,6.182636075797677],[-76.618032174,6.186897413797526],[-76.60193280099998,6.192569998797368],[-76.59694513900001,6.18700877779755],[-76.589002199,6.187863371797494],[-76.58351411299998,6.193451432797344],[-76.58015101799998,6.187226843797543],[-76.57112240999999,6.186490638797557],[-76.55286367600002,6.178513392797824],[-76.51940948100003,6.179978709797771],[-76.48952944299998,6.169375655798109],[-76.48228665599999,6.160549692798397],[-76.47476562000003,6.160487477798388],[-76.47559119700003,6.171098249798053],[-76.468677942,6.176573803797867],[-76.45030602100002,6.16882635679813],[-76.41757419599998,6.166334418798217],[-76.408621245,6.173169970797984],[-76.40517388799998,6.185585768797583],[-76.38781217600001,6.191863650797389],[-76.33278932299999,6.196162548797255],[-76.32640514899998,6.202591712797046],[-76.29562423800002,6.200685760797091],[-76.285185593,6.193406706797342],[-76.26053796600002,6.209461975796813],[-76.24607691300002,6.204529924796952],[-76.24897378100002,6.194837587797275],[-76.26035535900002,6.191838995797384]]]]},"properties":{"secretaria":"Chocó"}},{"type":"Feature","geometry":{"type":"Polygon","coordinates":[[[-75.406749208,1.764857132941855],[-75.403906748,1.772482637941565],[-75.40885311900001,1.774372606941493],[-75.40841636300001,1.809020963940393],[-75.39760147800001,1.809819882940342],[-75.39896409800002,1.815778358940131],[-75.39384780400002,1.814484442940227],[-75.38339548699997,1.824880888939838],[-75.38378180799998,1.828159200939756],[-75.37538122400002,1.828741267939715],[-75.37158611799998,1.843692896939218],[-75.368874813,1.844268746939219],[-75.365147826,1.854254438938873],[-75.36700724600001,1.855720339938848],[-75.354931824,1.866692440938474],[-75.353607103,1.907294718937141],[-75.34671877,1.92138526893666],[-75.352881212,1.932378777936307],[-75.34551142499998,1.957054259935513],[-75.345782859,1.965285306935225],[-75.34126786399997,1.973439423934957],[-75.35545010599998,1.977822365934816],[-75.35428536799998,1.990024812934414],[-75.364281387,1.984084704934599],[-75.378824651,1.988063164934512],[-75.38556328800001,1.984617705934595],[-75.39267977999998,1.99541379693427],[-75.38611246699998,2.039219672932797],[-75.38758153600003,2.046418532932573],[-75.37758780000001,2.059743513932122],[-75.393009484,2.087754528931201],[-75.39196846700003,2.103905122930684],[-75.383670096,2.124933608929968],[-75.392546606,2.126055254929933],[-75.399297209,2.137598289929595],[-75.398868907,2.148234480929189],[-75.40661404999997,2.163332160928753],[-75.40600729,2.173361592928372],[-75.41545232099998,2.19246342692777],[-75.42627541600001,2.19503653592765],[-75.42785775800002,2.179510553928176],[-75.43523408700003,2.172384066928416],[-75.44440015100002,2.144552288929328],[-75.46119444599998,2.144208640929322],[-75.476322085,2.135477235929618],[-75.48662728699998,2.135240575929642],[-75.50137201299998,2.122988334930051],[-75.52624690099998,2.12289553693003],[-75.534984281,2.117660720930216],[-75.53579826700002,2.108920888930499],[-75.540645961,2.103918372930672],[-75.54142191400001,2.08889303793115],[-75.544610391,2.084015141931334],[-75.55414013299998,2.080326980931437],[-75.555413144,2.069250585931824],[-75.57161911600002,2.049741117932446],[-75.56982975800003,2.041384449932742],[-75.579510696,2.037680846932843],[-75.58436028800003,2.031165509933058],[-75.58383513400003,2.027163906933186],[-75.58917464799998,2.022523954933344],[-75.58824852999999,2.01090659493373],[-75.61613604899998,1.997007417934199],[-75.61622521700002,1.987934500934474],[-75.62392716599999,1.974804408934923],[-75.64103852599999,1.958031066935455],[-75.64737902799999,1.93577445993621],[-75.64126868800003,1.922543932936631],[-75.64298190199997,1.914463280936902],[-75.65175862299998,1.901053836937359],[-75.65968571299999,1.891049386937688],[-75.66802334699997,1.890364104937702],[-75.688146604,1.880716723938044],[-75.69175959900002,1.873874086938235],[-75.70197350299998,1.866207814938491],[-75.70791263199999,1.839681590939359],[-75.730669798,1.823348967939912],[-75.733410935,1.808272703940392],[-75.73168616499999,1.800068423940684],[-75.73714924299998,1.782464397941257],[-75.75704869600003,1.776274043941447],[-75.761027158,1.769383123941679],[-75.77019801400002,1.766681263941772],[-75.77364823200003,1.762160285941904],[-75.78566157699998,1.76322916394188],[-75.78677020700002,1.757685363942062],[-75.78658466899998,1.726199011943102],[-75.78315595700002,1.72280089794322],[-75.77282923400003,1.723550299943189],[-75.77290546400002,1.714765783943488],[-75.76895562700003,1.708804112943664],[-75.768543008,1.699453528943971],[-75.76564859000001,1.697933723944032],[-75.76735521400002,1.694716227944145],[-75.762997939,1.694508726944174],[-75.76476892900001,1.691007806944271],[-75.75813950100002,1.686643580944404],[-75.76018229800002,1.683567465944509],[-75.75809403099998,1.678123888944697],[-75.76294507799997,1.675723048944767],[-75.770680862,1.660657587945255],[-75.77623114599999,1.66128323894524],[-75.78115477900002,1.656860962945371],[-75.781360124,1.648079074945677],[-75.79304631399998,1.641278017945883],[-75.794777146,1.634482804946126],[-75.797958193,1.633192279946165],[-75.79544632,1.626743509946359],[-75.79879973200002,1.627262528946372],[-75.799825473,1.621612013946537],[-75.80314691900003,1.622040798946523],[-75.80171736400001,1.616132632946735],[-75.80513807699998,1.615399529946744],[-75.80028091999998,1.610510485946921],[-75.80565005099999,1.606980082947024],[-75.79957245600002,1.602202797947191],[-75.797436387,1.605585378947065],[-75.793456027,1.605156495947099],[-75.78582479099998,1.59394126694745],[-75.78260868799998,1.594929475947431],[-75.787944257,1.585522974947736],[-75.78734735699999,1.576877110948012],[-75.78567221700001,1.581455193947867],[-75.77889112999998,1.582606190947857],[-75.776482322,1.579777249947931],[-75.77350799599998,1.582709937947821],[-75.76898263599998,1.569156067948256],[-75.765629548,1.567269145948339],[-75.769669943,1.560511956948575],[-75.763799791,1.556452582948702],[-75.757201527,1.558177408948635],[-75.759782949,1.552529364948818],[-75.75689081299998,1.544817904949077],[-75.74992259099997,1.544794756949051],[-75.737343312,1.534346281949423],[-75.740443417,1.531575476949506],[-75.74027197100003,1.524976213949721],[-75.73472761800002,1.513514182950092],[-75.73338136799998,1.488805071950914],[-75.727376193,1.487555070950932],[-75.73149614,1.492745007950775],[-75.729842996,1.498044678950592],[-75.71158331599997,1.500154366950544],[-75.70508258299998,1.508707680950242],[-75.703079753,1.501779951950484],[-75.69658382400002,1.495510068950674],[-75.69550137099998,1.488564799950934],[-75.68669853799997,1.492866354950777],[-75.681993417,1.490497026950867],[-75.679812514,1.494083011950725],[-75.67501291399998,1.492733702950786],[-75.673888653,1.497423106950612],[-75.67152008199997,1.492248385950834],[-75.66354700900001,1.496430158950671],[-75.66457804499998,1.488853377950904],[-75.659648065,1.48105388695115],[-75.65119648000001,1.478119697951277],[-75.652957792,1.473191165951427],[-75.649422674,1.474712757951394],[-75.649974869,1.463974521951737],[-75.64407887800002,1.466920789951661],[-75.640165895,1.461628822951826],[-75.640426638,1.455363892952047],[-75.63456276199997,1.453888776952047],[-75.63350113899997,1.441266754952503],[-75.63108674400002,1.441832301952492],[-75.63220920200001,1.44857933095227],[-75.62690812,1.438364335952591],[-75.62253474300002,1.440784089952527],[-75.615337984,1.436129684952681],[-75.61434776099998,1.430160518952879],[-75.618650967,1.42797441395293],[-75.60536016499998,1.421805739953153],[-75.60032807300001,1.422859321953115],[-75.60175830600002,1.408372948953583],[-75.59673579899999,1.394819014954013],[-75.59138255800002,1.393036486954093],[-75.59284083400001,1.386474965954273],[-75.58919340099999,1.384685595954349],[-75.59536270400002,1.374295361954694],[-75.59851669400001,1.375243760954641],[-75.59529538599998,1.369700362954833],[-75.601975429,1.373023515954723],[-75.599721299,1.367828337954883],[-75.60304435199998,1.36218284595509],[-75.597185384,1.361155918955126],[-75.597658082,1.355744097955306],[-75.58800222399998,1.349660366955515],[-75.58859340599997,1.344028861955706],[-75.58392837899999,1.345645963955661],[-75.58603903800002,1.340219175955818],[-75.59086102200001,1.339292485955823],[-75.58389030799998,1.332215244956069],[-75.579316216,1.331726958956077],[-75.583958752,1.327568726956256],[-75.576368576,1.326695429956237],[-75.57580851799997,1.321906686956445],[-75.47923311,1.343174705955734],[-75.47632774300001,1.348725344955524],[-75.478883167,1.372354680954748],[-75.472126764,1.381268076954475],[-75.46802081499999,1.403670891953702],[-75.456749785,1.417521305953294],[-75.464811187,1.424959396953032],[-75.4603035,1.429700156952883],[-75.460250009,1.448736608952224],[-75.45610184999998,1.453731383952057],[-75.46087646799998,1.452592287952124],[-75.46348423299997,1.458606490951929],[-75.46046888799998,1.467466475951648],[-75.46223619699998,1.470455212951503],[-75.458425551,1.47276324695144],[-75.459852722,1.478977048951225],[-75.46694492799998,1.485950775950998],[-75.463150515,1.489735216950861],[-75.46419001700002,1.498895688950584],[-75.475167576,1.503155034950466],[-75.47095570200003,1.509731011950211],[-75.47519594300002,1.51187326495018],[-75.48230189700001,1.527144338949675],[-75.47726757800001,1.53532937094938],[-75.48129706399999,1.538499934949289],[-75.47791383100002,1.544535619949064],[-75.485403626,1.564561166948447],[-75.479230562,1.569182813948262],[-75.478697523,1.574848030948071],[-75.48201160000002,1.574409636948078],[-75.479566105,1.583147019947828],[-75.484128386,1.586717572947683],[-75.48560223700002,1.594447600947456],[-75.480496071,1.594433287947445],[-75.47935172299998,1.60497262894707],[-75.47483237900002,1.611907650946891],[-75.470802644,1.61253029894686],[-75.474656655,1.616532767946732],[-75.471206876,1.61812963594665],[-75.47354583200001,1.624028987946484],[-75.469263678,1.630199747946261],[-75.47374604800001,1.630909045946242],[-75.47385711200002,1.634262668946141],[-75.46158700199999,1.63358467794613],[-75.45457287099998,1.640289623945919],[-75.45152241199997,1.649929593945634],[-75.45526924,1.654288114945457],[-75.45593511099997,1.663508492945163],[-75.452640793,1.671321612944886],[-75.44729375399999,1.67196019294491],[-75.44934665699998,1.675774988944756],[-75.445283137,1.675982067944753],[-75.43924444499999,1.682430957944543],[-75.44328839399998,1.685348857944449],[-75.44105162699998,1.692133330944202],[-75.42775605000003,1.693408271944182],[-75.41850312899999,1.69912349894399],[-75.422556821,1.711414725943581],[-75.43303441699999,1.710733070943604],[-75.4349092,1.713655482943545],[-75.43115894099998,1.717042032943394],[-75.43235226299998,1.722291039943246],[-75.42911447,1.721812439943252],[-75.419213382,1.732500310942921],[-75.41764674500001,1.740938231942635],[-75.425586355,1.752428277942269],[-75.42415517799998,1.755862747942156],[-75.427481361,1.756667353942103],[-75.40987988900002,1.766509044941802],[-75.406749208,1.764857132941855]]]},"properties":{"secretaria":"Florencia"}},{"type":"Feature","geometry":{"type":"Polygon","coordinates":[[[-75.95983350300003,3.704375573878149],[-75.98092016700002,3.717859992877717],[-75.99295048800002,3.714768908877817],[-76.00734613999998,3.716213164877784],[-76.025144748,3.700184910878315],[-76.038554234,3.679781100878974],[-76.046132818,3.677764505879055],[-76.05368165800002,3.670881914879261],[-76.05756612800002,3.658782357879657],[-76.065341016,3.656694378879721],[-76.06948722499999,3.647646479880015],[-76.07596531000002,3.643036273880174],[-76.07677432499997,3.62902124888064],[-76.082693232,3.629538779880638],[-76.08952228700002,3.621180922880891],[-76.10797500899997,3.618266085880992],[-76.11060431200002,3.614881303881091],[-76.12582096699998,3.614155567881122],[-76.13194213000003,3.617195326881011],[-76.17107927400002,3.609048852881283],[-76.17957989899998,3.616264566881028],[-76.19440394100002,3.620505956880889],[-76.24248095000002,3.621588609880886],[-76.250535426,3.62013119088091],[-76.250725783,3.617168762881022],[-76.26103479800003,3.611136826881216],[-76.27316403600003,3.608948289881289],[-76.27658301399998,3.605214800881403],[-76.27864393599998,3.606823313881357],[-76.279753647,3.603519436881461],[-76.28391175500002,3.60610709888137],[-76.28445308200003,3.603323127881473],[-76.29105608700002,3.60548843788141],[-76.293429597,3.602918621881491],[-76.30009803799999,3.607046986881347],[-76.30565408000001,3.606000026881378],[-76.30909835,3.610057004881242],[-76.31378588799998,3.608284304881298],[-76.31477931299997,3.611288375881217],[-76.32305388499998,3.608944608881286],[-76.32501694400003,3.611716677881199],[-76.32627211,3.608177232881311],[-76.33189358599998,3.61297779288119],[-76.33455858299999,3.611657192881191],[-76.33324987600002,3.614506596881108],[-76.33565313499997,3.61530966488107],[-76.339234223,3.614946797881099],[-76.34073328199997,3.61102068888121],[-76.34420134800001,3.616178168881079],[-76.34524236200002,3.613893883881126],[-76.35713966700001,3.621282112880894],[-76.36034599099997,3.619455876880956],[-76.36916784300001,3.629056999880621],[-76.36580685400003,3.628926132880629],[-76.36769852200001,3.633917048880463],[-76.37529495500002,3.637176909880364],[-76.37338543700002,3.640347543880276],[-76.38089977499999,3.651892687879863],[-76.38494723899998,3.649529884879955],[-76.38727434700002,3.651557184879901],[-76.38853070300001,3.648651862879987],[-76.400016365,3.658895443879654],[-76.398859943,3.66270020187953],[-76.406195901,3.662794798879509],[-76.40933679,3.668731557879325],[-76.41456565599998,3.671045580879247],[-76.41462514199998,3.676845515879087],[-76.425124514,3.678612266879019],[-76.42105920400002,3.685342310878792],[-76.42603578299997,3.694927118878477],[-76.42417490399998,3.685207589878799],[-76.43422574700003,3.675337586879122],[-76.435282228,3.665077349879446],[-76.44738892499998,3.66221247887955],[-76.43825179499999,3.651105153879909],[-76.442791807,3.645765643880082],[-76.44910213700001,3.646707912880054],[-76.45248097199999,3.639617118880268],[-76.45095811700003,3.629594828880596],[-76.460980403,3.624731210880763],[-76.45669737700001,3.618991950880959],[-76.45280457899997,3.601231653881548],[-76.45541423600002,3.59821449888164],[-76.462671592,3.600106169881582],[-76.45662775800002,3.588446808881968],[-76.461184425,3.582105545882152],[-76.45856702200001,3.574753010882394],[-76.46185067800002,3.560107428882918],[-76.47059519700002,3.56299847288279],[-76.486251397,3.560540436882861],[-76.488586538,3.552130284883127],[-76.46889147799999,3.541293397883499],[-76.46820779199999,3.538091663883588],[-76.47159622100003,3.534390160883708],[-76.477007624,3.539619113883566],[-76.48275607800002,3.540034245883551],[-76.49032757600003,3.532650860883766],[-76.488031299,3.526419073883984],[-76.49173775100002,3.516587836884286],[-76.491123764,3.500278108884871],[-76.48418520500002,3.495828266884973],[-76.475641413,3.474047679885722],[-76.47581232700003,3.451899038886445],[-76.45697681299998,3.456837634886268],[-76.44964212600001,3.450686726886476],[-76.435323714,3.452001380886427],[-76.42886348299999,3.458431872886217],[-76.420101118,3.459324170886185],[-76.41371821299998,3.455415905886304],[-76.39474061200002,3.454979061886338],[-76.37466856700001,3.450350008886461],[-76.37365422800002,3.455103441886318],[-76.353365945,3.456265174886288],[-76.34917958400001,3.463977282886056],[-76.329442073,3.457063214886269],[-76.32383141999998,3.461251382886116],[-76.31720545399997,3.461526037886104],[-76.30731974499997,3.472716509885748],[-76.30131163099998,3.469628617885854],[-76.298512216,3.472533385885767],[-76.29338025800001,3.470765593885817],[-76.288087389,3.476941479885607],[-76.284782829,3.474343947885707],[-76.28204349100002,3.478205286885553],[-76.27225317099999,3.476579351885611],[-76.266600993,3.480708487885493],[-76.25657679300002,3.476885991885621],[-76.25137012200003,3.484072873885371],[-76.22383435699999,3.47683180688561],[-76.217140068,3.479073088885541],[-76.19615056599997,3.476236910885639],[-76.173071617,3.482585619885438],[-76.125628941,3.474930059885701],[-76.10817429399998,3.490813544885135],[-76.084717307,3.479054363885524],[-76.07277401200002,3.478268782885546],[-76.07096962700001,3.466153636885956],[-76.06141989999998,3.456702107886276],[-76.05778658399998,3.455486908886316],[-76.05082225400002,3.460799796886132],[-76.03685481899998,3.452650140886399],[-76.02873158699998,3.452646121886387],[-76.02161183499999,3.479302543885537],[-76.027375871,3.486431272885297],[-76.02628052300003,3.491629680885139],[-76.01511158199997,3.507539140884608],[-76.001546388,3.519575378884221],[-76.00318994999998,3.527895924883941],[-75.98395140999997,3.559920514882883],[-75.98928959800003,3.575461260882377],[-75.984941134,3.577619696882302],[-75.984467332,3.588801454881963],[-75.99219559099998,3.597645779881655],[-75.99531593400002,3.611050332881204],[-75.988841417,3.613969928881132],[-75.98659282900002,3.623435427880808],[-75.99381686999999,3.638004862880337],[-75.98870579200002,3.642609123880181],[-75.98361612500003,3.640524713880237],[-75.97714875000003,3.643629911880153],[-75.97537843100002,3.657949507879688],[-75.965691645,3.664745246879457],[-75.95790366799997,3.663731595879484],[-75.95040360799999,3.673963279879175],[-75.96067663999997,3.694347992878508],[-75.95983350300003,3.704375573878149]]]},"properties":{"secretaria":"Palmira"}},{"type":"Feature","geometry":{"type":"Polygon","coordinates":[[[-76.588058311,2.553134600915921],[-76.606912717,2.551314940915959],[-76.60796065599999,2.54813305491607],[-76.611296171,2.551214855915976],[-76.615501704,2.54969702491602],[-76.618485911,2.553963065915877],[-76.623030529,2.55226587891594],[-76.62509323699999,2.555502729915828],[-76.62312355799997,2.55832540591573],[-76.62886750299998,2.56272401691559],[-76.63793454199998,2.554765476915846],[-76.66627741299999,2.566911908915455],[-76.67742314999998,2.56159049091564],[-76.68483376,2.562549880915591],[-76.687797462,2.556868096915793],[-76.69400744299998,2.555039549915849],[-76.70028688600001,2.559719180915687],[-76.70439432699999,2.55827816491573],[-76.712104592,2.561481270915629],[-76.722599951,2.558100825915736],[-76.730893702,2.561217333915636],[-76.732093534,2.567265269915451],[-76.74259576499998,2.573465242915233],[-76.75564014600002,2.567106105915433],[-76.762031439,2.570306747915351],[-76.767577706,2.567131573915418],[-76.763735065,2.555323825915845],[-76.76840866499998,2.551046758915953],[-76.773284123,2.538031449916414],[-76.76661591300001,2.526554308916787],[-76.76635144699998,2.518198815917053],[-76.75596166899999,2.505556250917444],[-76.747249968,2.499751699917655],[-76.74023446400003,2.489694466917985],[-76.73330051200003,2.486641936918093],[-76.72842006299999,2.477476507918387],[-76.71361078199999,2.473139238918514],[-76.71190291900001,2.467651579918716],[-76.70243408599998,2.46708376391873],[-76.69403864700001,2.453774465919197],[-76.68416570800002,2.450081931919283],[-76.676086526,2.437781524919691],[-76.66918353900002,2.439529256919646],[-76.65325857300002,2.434385964919802],[-76.643220467,2.434953456919799],[-76.63621149,2.426582698920061],[-76.620472657,2.423506034920172],[-76.62235718699998,2.418691851920319],[-76.61889353999999,2.415577720920411],[-76.610368408,2.414942886920444],[-76.59866087900002,2.406235964920743],[-76.593619235,2.41125092492056],[-76.58670048800002,2.411218963920573],[-76.58282683099998,2.40616011892073],[-76.58092407200002,2.408666319920667],[-76.57825422399998,2.404981975920765],[-76.57279254899998,2.406128017920746],[-76.557173046,2.397360202921031],[-76.548535936,2.376855110921698],[-76.54480168200001,2.375944451921728],[-76.54278872100002,2.357401057922331],[-76.545227312,2.352712108922471],[-76.53986305500001,2.347515769922637],[-76.53990989300002,2.340038514922912],[-76.53441404199998,2.331479650923189],[-76.54224088299998,2.316029996923683],[-76.53463110299998,2.311388436923856],[-76.52924353700001,2.316875561923676],[-76.53073424500002,2.321763163923512],[-76.520925944,2.327926404923338],[-76.514095402,2.33873881492295],[-76.51543787600002,2.342412087922833],[-76.50931153,2.345651652922732],[-76.49723624500001,2.368693887921967],[-76.49391569900001,2.387067060921348],[-76.50085310700001,2.407299877920705],[-76.50846539100002,2.415730184920394],[-76.49077680300002,2.410265170920592],[-76.47593629800002,2.409661125920624],[-76.47008172400001,2.40452969092079],[-76.46527089199998,2.404144707920792],[-76.45603874300002,2.409966569920607],[-76.45148916800002,2.406560990920716],[-76.438774679,2.406878065920707],[-76.42822892100003,2.411161826920574],[-76.41743168300002,2.406568764920699],[-76.408864816,2.41368258092048],[-76.40227222700003,2.414005593920486],[-76.38534157599997,2.423542137920183],[-76.39476696600002,2.425655504920108],[-76.42547395600002,2.455422366919103],[-76.44188503599997,2.45641181891907],[-76.463968727,2.464366121918829],[-76.478893384,2.475584886918478],[-76.490090301,2.493454671917854],[-76.50207075600002,2.497290297917738],[-76.507659403,2.502076455917582],[-76.507378007,2.505834386917454],[-76.54020129399998,2.517377646917072],[-76.543812107,2.52076945991697],[-76.54441184900003,2.530133937916672],[-76.55430621599999,2.531997310916602],[-76.56045607800002,2.538621222916393],[-76.56025875799997,2.536193384916459],[-76.56346811100002,2.536668497916434],[-76.567002415,2.54254546891626],[-76.57109034500002,2.541675568916294],[-76.572866352,2.546143190916137],[-76.588058311,2.553134600915921]]]},"properties":{"secretaria":"Popayán"}},{"type":"Feature","geometry":{"type":"Polygon","coordinates":[[[-76.714809779,6.161395039798367],[-76.72018006600001,6.180042452797766],[-76.713781041,6.191420601797393],[-76.72152424,6.201246324797084],[-76.71749171800002,6.215861850796609],[-76.72702807399997,6.225312299796288],[-76.723068651,6.236981177795939],[-76.731139783,6.236638533795953],[-76.744255372,6.242787060795743],[-76.757409032,6.253447046795415],[-76.75935067199998,6.261442035795149],[-76.748976223,6.279602081794554],[-76.757599389,6.285388930794376],[-76.77703482700002,6.285674469794362],[-76.78270746200002,6.290033638794224],[-76.78306914,6.309240648793612],[-76.790303978,6.322272084793197],[-76.787346125,6.326211009793072],[-76.779409708,6.325918150793069],[-76.77766721,6.328773505792989],[-76.781430419,6.335113852792768],[-76.79078719199998,6.338657419792665],[-76.790837824,6.342396407792552],[-76.79792588200002,6.340791958792594],[-76.804612,6.346673322792403],[-76.810939481,6.339152199792642],[-76.81435400700002,6.339532910792622],[-76.81661449500001,6.344291832792479],[-76.82357441900001,6.340877305792571],[-76.823384062,6.337355703792708],[-76.829713428,6.332513500792849],[-76.82812156900002,6.327288204793026],[-76.83593571900002,6.320340177793229],[-76.83266157999998,6.314448632793424],[-76.83556948299997,6.309546827793604],[-76.832380613,6.301103657793856],[-76.83673434299999,6.294778381794067],[-76.836051414,6.289683109794233],[-76.85244094,6.280138593794536],[-76.85205975600002,6.271075767794836],[-76.86129372699997,6.273269517794769],[-76.86663029200002,6.265583616795015],[-76.87212244300002,6.264300041795053],[-76.87767293799999,6.254826212795358],[-76.89133330200002,6.246798023795602],[-76.890555377,6.242441643795753],[-76.89785749999999,6.235803351795974],[-76.90380084700001,6.238987656795864],[-76.918801783,6.234466353796018],[-76.929448902,6.239130954795871],[-76.93188651600002,6.235903553795974],[-76.93632683099997,6.237931214795909],[-76.93802930099997,6.234294727796029],[-76.94268588699998,6.236577553795954],[-76.94963391300001,6.234531215796001],[-76.960305796,6.251032779795477],[-76.96792423300002,6.250205686795509],[-76.975236913,6.259658323795188],[-76.989668344,6.261883119795122],[-77.00418305599999,6.281751621794495],[-77.01593759399998,6.290460446794198],[-77.030190565,6.29568336479404],[-77.040434145,6.28950866179424],[-77.04110039400001,6.283964517794425],[-77.04487183999998,6.281739721794488],[-77.042587557,6.273970781794737],[-77.04894744799998,6.271750370794809],[-77.06346881299999,6.253612944795381],[-77.065818927,6.241968676795763],[-77.07557999199997,6.231183010796101],[-77.07643880299997,6.215080316796637],[-77.07061388199998,6.219534666796497],[-77.06424644499998,6.215365850796625],[-77.05587074200002,6.218411558796536],[-77.050806293,6.205011609796949],[-77.05235307599997,6.191143263797409],[-77.05520792200002,6.188662823797495],[-77.051417061,6.181720712797713],[-77.05988019799997,6.167165672798181],[-77.05697051200002,6.156400442798521],[-77.07059885400002,6.138398278799104],[-77.075585145,6.139314731799076],[-77.080240608,6.130735635799352],[-77.09846044800003,6.130715033799341],[-77.10434629100001,6.102018117800271],[-77.12264474900002,6.097131804800444],[-77.125878001,6.09358507680055],[-77.12928682900002,6.074439051801176],[-77.125195313,6.055963087801766],[-77.14011373300002,6.037047768802401],[-77.12173880300003,6.030572725802586],[-77.118111533,6.010985467803215],[-77.10860002499999,6.006149105803379],[-77.102554489,5.993842185803762],[-77.10098410299997,5.975554148804363],[-77.08971310599998,5.965455973804691],[-77.088995135,5.951725086805125],[-77.07900263099998,5.962085316804793],[-77.07059510200003,5.962955898804773],[-77.057882135,5.946965631805281],[-77.05158972800001,5.949280535805209],[-77.04236192500002,5.940005003805503],[-77.03709571299999,5.939273141805522],[-77.03638771800001,5.916752528806265],[-77.030373736,5.908972537806511],[-77.03091482899998,5.885317207807273],[-77.02543568300001,5.866134686807892],[-77.01736455100001,5.855646023808239],[-77.018830299,5.848431499808465],[-77.01498508999998,5.842511398808644],[-77.01811646099998,5.837904761808799],[-77.014785216,5.820439517809361],[-77.008037064,5.815356989809527],[-77.00790381399997,5.810645656809694],[-77.01262466499998,5.804811217809869],[-77.01250093300001,5.789144846810368],[-77.011901309,5.779617485810692],[-77.00449788100002,5.770509096810981],[-77.006470073,5.751382389811598],[-76.998030514,5.743902274811814],[-76.99505446,5.732131314812218],[-76.989733096,5.733117407812182],[-76.97324858500002,5.72100802681256],[-76.96555053600002,5.722159039812543],[-76.95750401599997,5.710110379812928],[-76.95093585900003,5.70712197081302],[-76.95373418899999,5.700902284813211],[-76.952232578,5.671058500814198],[-76.937617472,5.661894013814474],[-76.93015349900003,5.661103710814522],[-76.92362230700002,5.668667587814274],[-76.913274999,5.666421592814341],[-76.900962763,5.679966949813902],[-76.89337797899998,5.682099455813841],[-76.88663959299998,5.677956014813973],[-76.87763618399998,5.68147137981386],[-76.86948889500002,5.677181715814004],[-76.86460224299998,5.679758852813921],[-76.85890280000001,5.673563806814108],[-76.850527097,5.672899697814114],[-76.847969782,5.665088985814386],[-76.84213157,5.659904970814557],[-76.83597617200002,5.659686904814563],[-76.823064247,5.66254475981447],[-76.81959954299998,5.678108575813963],[-76.81353616899997,5.681180502813874],[-76.808049621,5.679691488813913],[-76.80413519799998,5.685693936813713],[-76.78080411000002,5.683139202813799],[-76.77437294999999,5.688820866813628],[-76.76438468100002,5.691031779813549],[-76.760606097,5.685064091813741],[-76.73875312799998,5.68581600381372],[-76.73492975099998,5.680679697813883],[-76.717682911,5.685471399813714],[-76.693789042,5.671948304814167],[-76.69167607999998,5.673176107814128],[-76.69389565900002,5.682362248813824],[-76.67794985799998,5.688210791813645],[-76.66364229200002,5.685076912813727],[-76.66338435300003,5.681625678813833],[-76.67044350100002,5.672877304814117],[-76.67899970500002,5.651939983814835],[-76.66389587200001,5.646741877814978],[-76.661790049,5.63858032681524],[-76.652292955,5.628759047815564],[-76.65502062299998,5.623034613815752],[-76.651778175,5.620990225815813],[-76.63648236300003,5.630980020815515],[-76.626017564,5.629849692815506],[-76.62351333499998,5.644520247815041],[-76.61883769399998,5.643613673815076],[-76.61708165200002,5.646925883814958],[-76.60862266800001,5.64405625481508],[-76.605496056,5.657483553814634],[-76.601048844,5.660781486814535],[-76.59815065999999,5.658811290814599],[-76.59555942700001,5.6612526178145],[-76.59390332200002,5.655477667814699],[-76.59041265299999,5.656741161814655],[-76.59143344199998,5.652979231814791],[-76.58445364699998,5.649679057814891],[-76.58133284299998,5.654563068814733],[-76.574678512,5.651177946814843],[-76.56963241300002,5.652268121814811],[-76.571271583,5.655427637814696],[-76.56270168999998,5.657734832814625],[-76.561255281,5.664598586814403],[-76.549603429,5.661316369814514],[-76.533609528,5.686538255813697],[-76.524537603,5.693200449813485],[-76.50951221999998,5.694192691813441],[-76.50618112299998,5.687601367813662],[-76.49498295900003,5.682640159813827],[-76.468227851,5.688806230813618],[-76.46277052200003,5.695114057813418],[-76.458376305,5.694263567813437],[-76.450367492,5.685333388813722],[-76.43909845899998,5.688877107813605],[-76.43661785199998,5.705787750813069],[-76.402279184,5.7172694128127],[-76.40440541499999,5.728325825812344],[-76.39675097899999,5.74129584681193],[-76.38867128800001,5.739736611811974],[-76.383143083,5.730260696812286],[-76.37340080799999,5.723403199812507],[-76.37012548899997,5.729184014812297],[-76.38015096700002,5.733791525812172],[-76.376960698,5.741788481811913],[-76.38147788499998,5.752370633811549],[-76.36583504499998,5.765839604811121],[-76.365935836,5.779465618810696],[-76.374639909,5.783805029810543],[-76.359355425,5.801714203809976],[-76.36023105800001,5.807002135809792],[-76.35490170399999,5.816582830809498],[-76.34901819700002,5.816413829809478],[-76.348051205,5.822169410809312],[-76.33853628600002,5.82828824580911],[-76.32452792999999,5.82985730680906],[-76.312185779,5.847323915808489],[-76.29826383199998,5.852162034808337],[-76.28389757000002,5.868685711807804],[-76.27241937399998,5.863304530807966],[-76.264816608,5.865723586807894],[-76.26052153799998,5.859996835808079],[-76.252548505,5.858713250808112],[-76.24820407200002,5.865131167807927],[-76.248908373,5.881049008807392],[-76.24514321599997,5.881788131807376],[-76.24114436500003,5.895759450806933],[-76.234528974,5.905460375806628],[-76.22467993499998,5.904176789806667],[-76.18780158599998,5.913393911806364],[-76.18294690200003,5.927366386805924],[-76.17295343199999,5.935969209805634],[-76.17266148800002,5.94239210080542],[-76.177916579,5.949359963805194],[-76.172174907,5.962595013804762],[-76.17402391799999,5.971256185804503],[-76.165362749,5.981143544804191],[-76.16682249299998,5.996714186803686],[-76.16018920699997,6.004141403803434],[-76.17265157999998,6.017391195803008],[-76.17017150200002,6.026753472802694],[-76.17474142999998,6.04357774980216],[-76.183236492,6.048207793802019],[-76.19170783800001,6.059553794801643],[-76.19695652399997,6.080175258800971],[-76.19592172199998,6.105451161800177],[-76.20205829000002,6.12182630579964],[-76.20331866200002,6.135158747799192],[-76.20050310800002,6.140160771799055],[-76.20578836499999,6.147345669798815],[-76.201207593,6.160302316798408],[-76.213330639,6.167067577798189],[-76.214661987,6.173986700797951],[-76.21022091999998,6.177174163797866],[-76.20946804599998,6.184548607797622],[-76.214216083,6.188015425797504],[-76.22427739800003,6.188250943797505],[-76.226001387,6.194487454797301],[-76.237673643,6.208345311796864],[-76.24607691300002,6.204529924796952],[-76.24897378100002,6.194837587797275],[-76.26035535900002,6.191838995797384],[-76.27316513699998,6.180993902797737],[-76.27811614799998,6.171366926798061],[-76.27756603699999,6.159735973798417],[-76.28369587100002,6.15069840079871],[-76.30430152600002,6.140206955799039],[-76.30969263999998,6.130540688799344],[-76.334832801,6.119027609799719],[-76.33821206599998,6.108811225800061],[-76.35237353899998,6.094036758800542],[-76.37832315499998,6.075490096801135],[-76.38350993699999,6.064880775801466],[-76.40285819299999,6.057022017801731],[-76.41539945599999,6.043266043802185],[-76.41668744200001,6.037144548802379],[-76.441899074,6.036178805802414],[-76.454285405,6.019142298802958],[-76.454651216,6.014069242803109],[-76.46724971999998,6.005289800803405],[-76.479994541,6.007426139803338],[-76.49804360899998,6.00064986780353],[-76.51284572399999,6.004706923803421],[-76.51625160600003,6.008686854803297],[-76.52184016000001,6.00708265180335],[-76.51695599300001,5.992427920803815],[-76.52938621499999,5.980524461804202],[-76.53441976300002,5.971004618804485],[-76.52757708799999,5.970726419804519],[-76.528751134,5.965253855804693],[-76.55129370999998,5.95766889280494],[-76.55888497,5.945844819805305],[-76.569123703,5.937651522805578],[-76.588884688,5.933826442805695],[-76.58428534799998,5.919277275806177],[-76.587613513,5.908587851806502],[-76.60589215300001,5.90629243580659],[-76.63033603600002,5.897436490806887],[-76.63816957900002,5.886467163807247],[-76.64539587899998,5.887974099807195],[-76.64757857500001,5.884716008807276],[-76.65286873500003,5.887357790807211],[-76.656084755,5.884070542807317],[-76.67048809,5.881060696807418],[-76.68025508,5.871681898807722],[-76.68280437800001,5.874989093807605],[-76.69087070699999,5.874047366807639],[-76.692786941,5.879454265807439],[-76.696814002,5.878034919807508],[-76.709158662,5.883117163807342],[-76.71572359499999,5.878388700807503],[-76.706548393,5.869232532807789],[-76.705450107,5.864085766807965],[-76.71064955999998,5.862462326808012],[-76.71466927,5.848880204808445],[-76.72458122400002,5.834149592808926],[-76.73556676499999,5.841415029808694],[-76.74143404199998,5.841839471808679],[-76.76702536,5.82830728380911],[-76.77032102200002,5.821266547809321],[-76.77935912599997,5.823238951809275],[-76.783254,5.827458400809136],[-76.79334072400002,5.827758006809121],[-76.80655797999998,5.821169487809352],[-76.81796176,5.822529168809309],[-76.820614267,5.815961435809515],[-76.829080051,5.819336630809402],[-76.839451828,5.811522060809659],[-76.848862667,5.81538963780953],[-76.85620868,5.823410689809272],[-76.86221255700002,5.824260444809228],[-76.86182341699998,5.831376152809021],[-76.85812261500001,5.833695109808941],[-76.859147086,5.83894453080875],[-76.88005741400002,5.84483722480857],[-76.89125552399997,5.866384884807883],[-76.9092867,5.874967786807605],[-76.90990169000003,5.88185845380738],[-76.91346560199997,5.881385167807406],[-76.925043045,5.891502875807073],[-76.928878736,5.915797170806298],[-76.926844297,5.930585521805806],[-76.93266207900001,5.938437742805569],[-76.924119814,5.946194784805292],[-76.92863521599998,5.958713121804905],[-76.92327612600002,5.965783510804661],[-76.925291077,5.973006439804446],[-76.91971898499997,5.975138317804379],[-76.923337763,5.979197236804232],[-76.91714495000002,5.980846080804167],[-76.916972439,5.984201121804081],[-76.914170624,5.98080444380419],[-76.915824349,5.978805694804262],[-76.911904187,5.979043639804236],[-76.91103568400001,5.97530193680435],[-76.90846221800001,5.979605949804233],[-76.902023397,5.976688728804308],[-76.90191870000001,5.982527925804118],[-76.908348004,5.984697997804064],[-76.904036421,5.985678333804032],[-76.90283717199998,5.995538818803698],[-76.906668104,5.999545833803586],[-76.91221700699998,5.992707262803807],[-76.910798849,5.997818342803645],[-76.91376841599998,6.001606444803512],[-76.914663093,5.996976012803666],[-76.919526712,5.994144456803764],[-76.92167298499999,6.003362486803464],[-76.92620347899998,6.00350525380346],[-76.92824505700003,6.009758477803237],[-76.92330529600002,6.008659167803293],[-76.92381925900003,6.014745827803093],[-76.92888751100003,6.015478701803071],[-76.929648939,6.021498738802858],[-76.934641048,6.02032328580292],[-76.93564518099998,6.023435619802799],[-76.93994724599997,6.019442883802945],[-76.94222317700002,6.021965248802861],[-76.937035235,6.032056774802538],[-76.95197987799997,6.032187362802524],[-76.95756770700001,6.028880108802642],[-76.96123682500001,6.034594168802457],[-76.96957649199999,6.035528278802427],[-76.970981865,6.040569107802258],[-76.987736939,6.018024233802988],[-76.98706446699998,6.029190942802628],[-76.984518444,6.028824504802627],[-76.98461124300002,6.03602951380241],[-76.98025444899997,6.040491002802266],[-76.98299713900002,6.045526391802106],[-76.97847616299998,6.054211424801831],[-76.983106594,6.056314868801761],[-76.97985625000001,6.058361202801693],[-76.98159801600002,6.061297458801594],[-76.97492124799999,6.06570898080145],[-76.97570646999998,6.06873565580135],[-76.97139488699997,6.067583994801399],[-76.97156620800001,6.07217635580124],[-76.96632663499997,6.075531392801136],[-76.96898687200002,6.07707328380108],[-76.96760678499999,6.081660885800941],[-76.97160428,6.081556190800941],[-76.96791611499998,6.085368086800822],[-76.964870405,6.084244978800859],[-76.96443734299999,6.087585745800744],[-76.96885362299997,6.087509602800749],[-76.96526539500002,6.091649861800614],[-76.970362201,6.095956687800478],[-76.96473239599999,6.101929133800271],[-76.96463245899997,6.110104964800025],[-76.959089947,6.103206864800248],[-76.95603633600001,6.105992828800147],[-76.95742729,6.111463373799959],[-76.953939767,6.113677546799915],[-76.960026712,6.115875500799837],[-76.95027786700001,6.119910483799703],[-76.94952695900002,6.129315404799396],[-76.94336228399999,6.133870257799249],[-76.93993286900002,6.141295845799005],[-76.940740511,6.148333803798792],[-76.93835331399998,6.149069811798756],[-76.935973853,6.145357852798889],[-76.93122202400002,6.148788915798771],[-76.923902386,6.138757514799104],[-76.916180221,6.139785017799056],[-76.914421813,6.135431368799206],[-76.90949615300002,6.137316891799141],[-76.90084181999998,6.134774616799227],[-76.89473622100002,6.131361173799339],[-76.89180948400002,6.124565432799544],[-76.88181098899997,6.123927738799583],[-76.872117065,6.118538258799737],[-76.86165219600002,6.122307324799634],[-76.85368576000002,6.132572319799301],[-76.84883402499997,6.134296370799244],[-76.844793402,6.128732114799412],[-76.83559964699998,6.135995083799188],[-76.81661845100001,6.121046185799665],[-76.801943113,6.116474604799826],[-76.79969983500001,6.119506973799705],[-76.77298706800002,6.124163231799566],[-76.76384430399997,6.133853825799256],[-76.75395190799998,6.131976436799309],[-76.74868377899998,6.14522463979887],[-76.742337658,6.148265497798793],[-76.74245186500002,6.152723244798651],[-76.73697195,6.154578636798571],[-76.73646793400002,6.158173571798482],[-76.73039888300002,6.154694667798576],[-76.719649603,6.161659159798359],[-76.714809779,6.161395039798367]]]},"properties":{"secretaria":"Quibdó"}},{"type":"Feature","geometry":{"type":"Polygon","coordinates":[[[-75.889164053,4.891933601839442],[-75.90340274699997,4.87659321783993],[-75.90788803100003,4.884314570839704],[-75.91301577000002,4.883553140839716],[-75.91599009599997,4.879769797839825],[-75.91424119200002,4.873511815840066],[-75.91848026899999,4.869422282840188],[-75.92575940699999,4.866873880840263],[-75.92745219099999,4.8624459448404],[-75.934474813,4.862713873840403],[-75.942808889,4.856706572840588],[-75.95574010299998,4.864786816840311],[-75.967747658,4.859830090840486],[-75.97498180500003,4.861212050840443],[-75.98766826299999,4.873781776840017],[-75.987575462,4.911401054838818],[-75.994114218,4.912735935838765],[-76.001954824,4.921397951838499],[-76.01161067700002,4.926256814838324],[-76.013814057,4.931134707838181],[-76.027714865,4.938596694837929],[-76.030119314,4.953632509837422],[-76.03393121099998,4.95699468783735],[-76.03339847900003,4.967185148836987],[-76.045876373,4.986230354836359],[-76.04426785700002,4.995020083836071],[-76.04809403000002,4.998613068835966],[-76.04908864499998,5.007150577835706],[-76.06452658799998,5.015802296835419],[-76.06614937699999,5.022874052835208],[-76.07842263999999,5.036917631834728],[-76.079872739,5.043117225834529],[-76.07221227500003,5.062467273833939],[-76.07258073100002,5.071708377833595],[-76.069034795,5.074607308833503],[-76.069788201,5.094996868832853],[-76.061975158,5.101403188832645],[-76.058927192,5.116425595832155],[-76.06139667899998,5.138058248831433],[-76.06802178800001,5.139160070831415],[-76.07709134200002,5.146299600831196],[-76.07704590600002,5.152741535830988],[-76.083584991,5.155093534830891],[-76.085445333,5.15998208383072],[-76.09632127200001,5.165087615830578],[-76.10349895500002,5.163300171830633],[-76.11141081300002,5.169486302830427],[-76.117759934,5.168214803830479],[-76.132486933,5.183449257829984],[-76.13796355699998,5.201767093829383],[-76.14249259399998,5.206042314829245],[-76.14202304999998,5.233378448828349],[-76.150702297,5.241716036828099],[-76.16220102900002,5.246802268827928],[-76.165429239,5.257015415827597],[-76.17361817300002,5.260251416827499],[-76.172879051,5.270616958827152],[-76.177037467,5.27546223782699],[-76.17751769699998,5.288370013826587],[-76.19089486299998,5.304130640826043],[-76.19724498199997,5.319278633825582],[-76.20132034900001,5.321464719825506],[-76.198091246,5.329282282825258],[-76.20330344299998,5.330721374825202],[-76.20135644499999,5.337322932824986],[-76.20428869,5.345137133824767],[-76.20720338799998,5.343947926824772],[-76.211426567,5.348616175824636],[-76.20627226900001,5.349152467824613],[-76.20308369100002,5.353697692824479],[-76.201035837,5.360049544824236],[-76.20411660000002,5.365538081824075],[-76.19702986700003,5.370247328823925],[-76.199353541,5.375326808823762],[-76.19055640300002,5.397746798823037],[-76.19121719600003,5.414584252822478],[-76.18394643599999,5.414451105822497],[-76.177978069,5.401276988822919],[-76.16812720500002,5.41063107282261],[-76.15743212199999,5.412390710822564],[-76.15247631699998,5.407566734822709],[-76.14355522900001,5.417145683822394],[-76.11898627,5.421516058822265],[-76.10966638399998,5.442014168821601],[-76.10244762100001,5.44745222682141],[-76.098024442,5.448831032821362],[-76.092369179,5.445353925821488],[-76.085335263,5.449751095821356],[-76.07778330600001,5.471720904820627],[-76.08038894999999,5.484890134820215],[-76.075571159,5.499594101819737],[-76.07940395600002,5.524590612818917],[-76.08542873200003,5.534316471818612],[-76.073745181,5.547641670818188],[-76.05376326200002,5.552415912818036],[-76.03704395300002,5.567172195817553],[-76.020489134,5.563346431817684],[-76.00908094800002,5.567649285817549],[-76.00764670199999,5.562931032817677],[-76.00249926599997,5.56019970481778],[-75.99897341399998,5.541514945818393],[-75.98802773699998,5.537325656818511],[-75.98804162699997,5.528497630818798],[-75.98285912,5.518872461819108],[-75.96362884000001,5.512047633819337],[-75.95926791099998,5.505081593819553],[-75.95362035900001,5.509179619819426],[-75.93079979100003,5.50887461681944],[-75.922714358,5.493029536819933],[-75.90919902000002,5.486872683820141],[-75.90473753100002,5.479883013820374],[-75.88357222500002,5.483399856820264],[-75.87501568300002,5.490376436820043],[-75.86802412600002,5.49024212582004],[-75.86467124199999,5.445063322821508],[-75.857757828,5.438194527821723],[-75.85892560600001,5.427745717822052],[-75.85441057899999,5.425525681822137],[-75.85064151300003,5.412476716822565],[-75.85412513,5.405644430822766],[-75.85168380300001,5.402589202822877],[-75.85523395799999,5.394294402823152],[-75.85371110300002,5.389226150823314],[-75.859228809,5.385341637823442],[-75.85802956100002,5.377508450823679],[-75.860677985,5.371708953823862],[-75.853735557,5.374275351823781],[-75.84723011099999,5.369578295823938],[-75.83893967699998,5.369839097823938],[-75.83313117199998,5.361079598824219],[-75.82834369400001,5.367408964824],[-75.82538364700002,5.3643156658241],[-75.818131048,5.362602454824177],[-75.81361959100002,5.365124682824071],[-75.81057388099998,5.362078971824196],[-75.795145456,5.368046660823992],[-75.78845441200002,5.366818857824025],[-75.76290627999998,5.386908456823393],[-75.74210962500001,5.383834282823488],[-75.743594406,5.392167154823199],[-75.739263789,5.397692264823026],[-75.73022059599998,5.395170045823095],[-75.72522650899998,5.397141539823062],[-75.71244974000001,5.386248631823401],[-75.69836716700001,5.387744682823361],[-75.69553177300003,5.383250513823502],[-75.697782743,5.376454770823726],[-75.68981319699998,5.371239516823888],[-75.68034770100002,5.356270327824372],[-75.666170872,5.354000320824457],[-75.666599173,5.338481472824962],[-75.66170981,5.331110528825202],[-75.659900946,5.318888607825601],[-75.65119540299997,5.314239516825721],[-75.648216563,5.306919841825992],[-75.651721136,5.306281728825979],[-75.66167204200002,5.29104841882648],[-75.66799664899997,5.266549488827287],[-75.693651783,5.255249813827681],[-75.69400394399997,5.259318693827521],[-75.69872955300002,5.26137454782745],[-75.71000264000003,5.259867782827511],[-75.71447127,5.262861142827421],[-75.73505973300001,5.264499050827326],[-75.737101311,5.270785586827129],[-75.746071879,5.274954402827],[-75.748256223,5.284334236826709],[-75.75477841100002,5.282843973826765],[-75.763144598,5.273368957827065],[-75.77421861,5.274101832827019],[-75.78694587899997,5.28481818282672],[-75.79830503800002,5.280179663826851],[-75.80313058500002,5.281186172826789],[-75.81400353200002,5.271272150827141],[-75.82366414400002,5.270118110827159],[-75.82524648100002,5.259398637827516],[-75.820600588,5.243741785828019],[-75.813331334,5.235586183828291],[-75.80497942599999,5.235080546828303],[-75.80349593099999,5.224251497828663],[-75.808314339,5.207404913829203],[-75.80237520399999,5.200359328829419],[-75.80872836499998,5.188531027829817],[-75.81440337999999,5.187917125829843],[-75.816409265,5.175482062830245],[-75.821984343,5.172441112830336],[-75.827712239,5.153966658830931],[-75.83382269499998,5.150083375831067],[-75.830688942,5.145707548831217],[-75.838206667,5.12730240083181],[-75.83547197899998,5.123693737831908],[-75.83656882100001,5.114781864832212],[-75.845848521,5.10558089883253],[-75.87449270600001,5.131885456831665],[-75.89198716499999,5.130911614831685],[-75.888378467,5.116562186832156],[-75.89987578300003,5.118437496832099],[-75.89888896999997,5.113226565832239],[-75.90245177100002,5.11106094083234],[-75.898918906,5.1066598338325],[-75.90879894800003,5.090771931832982],[-75.91546547799999,5.086071430833136],[-75.91735166799998,5.078686350833371],[-75.91225197199998,5.07366649083353],[-75.922034226,5.042051383834561],[-75.91268294000002,5.028423020835002],[-75.90386704000002,5.023616511835161],[-75.90442621300002,4.995729226836101],[-75.897174807,4.982713574836493],[-75.89700229599998,4.973344448836824],[-75.891725839,4.968341630836951],[-75.89216009299997,4.961530422837187],[-75.87997130000002,4.958163486837278],[-75.87994440900002,4.951293033837521],[-75.87301394600001,4.951429342837486],[-75.87081124500003,4.946563004837647],[-75.86072690100002,4.942129236837834],[-75.86668449799998,4.933623448838074],[-75.86063226800002,4.934783268838036],[-75.85594726699998,4.930261450838181],[-75.83879561700002,4.929283747838222],[-75.81480708599997,4.919438478838567],[-75.80274562199997,4.936486135837989],[-75.792188904,4.937768377837948],[-75.78836707599999,4.949383258837585],[-75.79624084400001,4.966341520837034],[-75.79079752299998,4.974890733836735],[-75.79324701399997,4.980117920836571],[-75.78656293799997,4.983968270836439],[-75.78531417599999,4.990067989836257],[-75.77853404299998,4.993165879836152],[-75.78561035799999,4.996047637836062],[-75.78019905899998,5.00316398183582],[-75.78139178599997,5.010384384835606],[-75.777101169,5.006317905835724],[-75.770617211,5.007478611835696],[-75.77395524899998,5.014779062835451],[-75.77242631799999,5.020078296835287],[-75.762084007,5.02482519283516],[-75.75846580299998,5.037873150834693],[-75.746812971,5.046819020834397],[-75.719908944,4.992719372836173],[-75.72005048800003,4.983300245836478],[-75.71474901,4.976712001836693],[-75.71684643600003,4.974202810836776],[-75.71422786800002,4.957796539837307],[-75.70602188200002,4.953111109837474],[-75.70259337700003,4.945721160837699],[-75.68229240599999,4.942880619837775],[-75.67759907099997,4.94580091783767],[-75.6659778,4.942715890837776],[-75.65985369700002,4.947093955837664],[-75.65532274499998,4.945972750837695],[-75.65265584899998,4.950835911837533],[-75.654162493,4.95803022283728],[-75.63915761200002,4.968766349836964],[-75.64192730399998,4.971136295836874],[-75.63950501300002,4.974998157836755],[-75.63634508899997,4.971295715836854],[-75.623078867,4.970959858836888],[-75.625042318,4.967213802836998],[-75.61950073600002,4.962460183837167],[-75.616146174,4.949914997837561],[-75.617061079,4.93140517083816],[-75.60933021099999,4.933934534838074],[-75.59497491899998,4.926196528838314],[-75.587572417,4.934562712838054],[-75.57487741400001,4.932997684838091],[-75.56443713300001,4.937731826837952],[-75.557084599,4.923990440838413],[-75.543382473,4.928460260838261],[-75.541978589,4.920489062838515],[-75.53745761300002,4.916533211838638],[-75.51193141800002,4.924286890838407],[-75.48008524099998,4.916464206838645],[-75.48404645199997,4.910676066838839],[-75.474272816,4.903948141839053],[-75.472946267,4.890789717839497],[-75.456349526,4.886899300839637],[-75.45192967700001,4.86952923584018],[-75.43874710300003,4.855231644840645],[-75.43751215999998,4.848285997840863],[-75.440039151,4.845130829840988],[-75.43768110100001,4.839022754841142],[-75.43016200800002,4.834745673841289],[-75.42686677299997,4.816390872841897],[-75.40553666400001,4.804059401842316],[-75.39960745299999,4.807747016842184],[-75.38580308799999,4.799753602842445],[-75.37549906999999,4.802684967842344],[-75.39536782200003,4.786362230842878],[-75.40881267999998,4.792768249842668],[-75.41990438300002,4.773182206843301],[-75.43655643400001,4.76214005384366],[-75.44570784299998,4.751553832844016],[-75.44906288300001,4.739425718844403],[-75.45496632499999,4.734179008844583],[-75.46096613600002,4.736051643844504],[-75.46665899700002,4.732571682844634],[-75.46891948500001,4.720067614845044],[-75.48560545100003,4.716177195845151],[-75.500750724,4.704791473845529],[-75.51376637599998,4.708640251845425],[-75.52193030500001,4.69987907784567],[-75.52773619200002,4.69798502884575],[-75.535074447,4.700478700845689],[-75.537377767,4.70621796184547],[-75.56326319200002,4.719286818845053],[-75.57262365399998,4.72877528384475],[-75.58851250499998,4.734584412844561],[-75.59414469,4.742643648844303],[-75.603160463,4.744249787844246],[-75.60592301999998,4.759597310843747],[-75.624994404,4.765536570843545],[-75.62899727500002,4.773318086843314],[-75.64277431699998,4.778473581843144],[-75.649092538,4.787250990842864],[-75.64588319900002,4.792188335842673],[-75.63392164800001,4.797269674842522],[-75.63137562499998,4.80129691184239],[-75.63365990699998,4.804092780842314],[-75.62494840699998,4.817840998841853],[-75.62397282799998,4.825712253841596],[-75.63295767300002,4.82653078784159],[-75.62761721700002,4.842993233841048],[-75.63622936000002,4.852115829840748],[-75.64437358499998,4.867952273840232],[-75.645223052,4.877274999839924],[-75.65061253099998,4.883314074839714],[-75.66928556300002,4.883589444839704],[-75.67865112099997,4.8780833708399],[-75.68626063800002,4.88160973383978],[-75.688916113,4.888857569839577],[-75.70613992900002,4.869901170840143],[-75.71878314999998,4.885123742839681],[-75.72300907200002,4.883981601839706],[-75.72949891500002,4.8899625568395],[-75.73507874900002,4.888154164839572],[-75.738421894,4.890914338839485],[-75.764450818,4.871812026840077],[-75.77387824200002,4.869570576840164],[-75.78596352199997,4.888158921839576],[-75.804953512,4.888468337839552],[-75.80753887700001,4.899587854839194],[-75.81535294999998,4.906083446839002],[-75.818439135,4.902826504839107],[-75.83111251100001,4.901893023839125],[-75.83526375399998,4.883629744839728],[-75.84262972099998,4.871039210840111],[-75.874301474,4.888363572839552],[-75.889164053,4.891933601839442]]]},"properties":{"secretaria":"Risaralda"}},{"type":"Feature","geometry":{"type":"Polygon","coordinates":[[[-76.245720796,4.167570951863049],[-76.24547087000002,4.163950216863135],[-76.25285671799998,4.156240759863409],[-76.25188589800001,4.150511018863619],[-76.24607049500003,4.150101752863611],[-76.25098170299998,4.144305384863795],[-76.24864302600002,4.136228420864061],[-76.255971763,4.135345641864101],[-76.258545153,4.130240507864241],[-76.27042587800003,4.123568480864484],[-76.27546779599999,4.118468101864649],[-76.275087827,4.110430264864895],[-76.28197114199997,4.104526100865077],[-76.287802231,4.12405074886445],[-76.30060431800001,4.114025367864787],[-76.29309259299998,4.109801849864921],[-76.30437479699998,4.09885576986528],[-76.31377176799998,4.094909917865397],[-76.31096583099998,4.090671783865543],[-76.31285107000002,4.077869694865969],[-76.306274654,4.074698398866069],[-76.30181730499999,4.08412459686579],[-76.2949486,4.074508417866071],[-76.30497398199998,4.074186901866098],[-76.308072207,4.068896541866264],[-76.29959593500001,4.065447575866368],[-76.29591314100003,4.059660328866558],[-76.30039890699999,4.049178390866898],[-76.273908979,4.041690194867147],[-76.26046465500002,4.033984004867376],[-76.256772475,4.035854686867326],[-76.245790979,4.032062460867471],[-76.24006996000003,4.035468905867354],[-76.22468582699997,4.03503595686735],[-76.215629955,4.038898416867223],[-76.20948008699997,4.039086187867228],[-76.198463376,4.033008122867436],[-76.192747178,4.035909345867321],[-76.17801232099998,4.034469171867385],[-76.174411196,4.023176864867737],[-76.179666978,4.017198736867949],[-76.16852156300001,4.015633471867991],[-76.16586192300002,4.022955646867757],[-76.16175990900001,4.022572540867759],[-76.15272298500003,4.003149216868391],[-76.13820633799997,3.984538755869021],[-76.13713557900002,3.977073197869287],[-76.12639074499998,3.968532561869544],[-76.089192067,3.950593147870123],[-76.085790998,3.935012958870639],[-76.087873338,3.916777936871233],[-76.083442988,3.906364656871548],[-76.072832285,3.900512831871764],[-76.066643791,3.903179232871675],[-76.05444365900001,3.902398022871683],[-76.05163237800002,3.899645251871814],[-76.026389887,3.900713224871755],[-76.01503471400002,3.894607075871956],[-76.00295809599999,3.896446678871902],[-75.998144136,3.894059824871967],[-75.98778662900003,3.897682051871844],[-75.97681529699997,3.907326167871536],[-75.938020434,3.903222470871667],[-75.93199481699997,3.907240306871534],[-75.923545568,3.904432068871631],[-75.908001377,3.919792412871113],[-75.889683671,3.926675790870879],[-75.87795899600002,3.927278908870881],[-75.86810823600001,3.923623574871025],[-75.86251944000003,3.913588193871335],[-75.85654854699999,3.909904825871454],[-75.85495825800001,3.893385824871987],[-75.84979514100002,3.889219856872126],[-75.83403396300002,3.909533587871452],[-75.830521868,3.908605441871506],[-75.83034847800002,3.904008691871638],[-75.82319698999999,3.904538764871614],[-75.81897464500003,3.940487227870449],[-75.82395112299997,3.952214010870097],[-75.83312052899998,3.959910376869847],[-75.836072532,3.971175103869446],[-75.84561394399998,3.985266633869014],[-75.83961837700002,4.004084574868354],[-75.858093565,4.026433580867637],[-75.85422943100002,4.034649604867408],[-75.85615797499997,4.038487137867298],[-75.85377476899998,4.048731518866975],[-75.85668962699998,4.058086114866647],[-75.86212312499998,4.062262064866506],[-75.85950334199998,4.063689741866441],[-75.86053126899998,4.06992868886622],[-75.87488583499999,4.081441288865903],[-75.90067919199998,4.083672034865782],[-75.90420079299997,4.104087810865167],[-75.90279096400002,4.116508596864714],[-75.908980875,4.131117130864226],[-75.897951326,4.147238731863706],[-75.910299539,4.159262742863312],[-75.91402613999998,4.175873534862819],[-75.93878204999999,4.18550559186248],[-75.94199908399997,4.181593758862645],[-75.94888048500002,4.181384366862608],[-75.95435243999998,4.17644707486281],[-75.95541805099998,4.169128950862995],[-75.961200142,4.16658293086306],[-75.96381755200002,4.159450492863311],[-75.973906467,4.151854065863552],[-75.972800017,4.148552564863649],[-75.98255034200002,4.13334648686414],[-75.986712964,4.116018624864706],[-75.99358672099999,4.113953584864777],[-75.992493857,4.110046274864921],[-76.000973509,4.101968430865166],[-76.01086016900001,4.104802369865103],[-76.02354507400003,4.098591978865282],[-76.02578652800003,4.100933364865217],[-76.03252516100002,4.094830047865418],[-76.04937174600002,4.092303060865495],[-76.05177738100002,4.094615895865418],[-76.05287669199998,4.091196610865519],[-76.06658952599997,4.083765555865781],[-76.07094120800002,4.088235700865602],[-76.083622853,4.066449003866328],[-76.08715378,4.066111166866325],[-76.09589611400003,4.072197400866133],[-76.11065115100001,4.066401032866316],[-76.120452151,4.079057385865912],[-76.12439967699999,4.101671781865172],[-76.136733156,4.115840269864703],[-76.14481855999998,4.116416098864699],[-76.148292577,4.121555735864544],[-76.153541668,4.118633755864642],[-76.160294578,4.118310150864651],[-76.162036344,4.121627117864529],[-76.17181592499998,4.119271453864615],[-76.17218236600002,4.124215972864445],[-76.176489189,4.126405078864376],[-76.17525187000001,4.131849283864202],[-76.17878298900001,4.129446028864294],[-76.178797267,4.135251911864095],[-76.19146551799997,4.132377521864196],[-76.227993319,4.146497492863749],[-76.23299237200001,4.162531958863186],[-76.23834747799998,4.166361045863099],[-76.243267108,4.161994392863206],[-76.24327246399997,4.167013354863049],[-76.245720796,4.167570951863049]]]},"properties":{"secretaria":"Tuluá"}},{"type":"Feature","geometry":{"type":"MultiPolygon","coordinates":[[[[-76.06144426499998,3.350485634889735],[-76.05509632000002,3.347940725889826],[-76.051970761,3.336274924890216],[-76.05707201500002,3.327588778890497],[-76.04489488500002,3.319128745890771],[-76.037780307,3.300675206891373],[-76.042884249,3.296506394891513],[-76.043155511,3.288254424891785],[-76.047995334,3.286848163891828],[-76.050543737,3.282022614892014],[-76.048028643,3.265067762892539],[-76.04081888000002,3.258893063892756],[-76.038584566,3.25146200689298],[-76.05945334,3.23082633689367],[-76.055418777,3.223351859893895],[-76.06137858099999,3.213377288894235],[-76.06780702499998,3.210513968894313],[-76.10899117600002,3.227637489893784],[-76.117440601,3.222521524893939],[-76.128632622,3.225167601893858],[-76.132837855,3.222356342893947],[-76.137081738,3.225122424893855],[-76.14600698599997,3.22266795189394],[-76.151105358,3.226071171893822],[-76.152096627,3.234191991893542],[-76.156360748,3.236033434893526],[-76.16063014000002,3.233301223893596],[-76.16600227599997,3.234753507893525],[-76.16751202299997,3.230005882893691],[-76.17995373600002,3.231237143893637],[-76.17976137199997,3.233449985893573],[-76.183717102,3.228327672893783],[-76.191192225,3.227060264893776],[-76.20261403699999,3.242229237893292],[-76.20632559500001,3.258106436892762],[-76.22925905900001,3.276831382892164],[-76.246346663,3.276346729892183],[-76.26275114200001,3.282157696891995],[-76.26855020800002,3.277342518892153],[-76.276457027,3.276636620892197],[-76.28015771999998,3.283213971891954],[-76.28639724300001,3.28178624789201],[-76.29280169100002,3.286899215891829],[-76.30741400199997,3.285848954891872],[-76.31168831899998,3.280480361892042],[-76.33030928599999,3.282678847891963],[-76.342507006,3.280653826892024],[-76.35924212499998,3.289483263891764],[-76.36398559000003,3.287275189891824],[-76.38885865200001,3.291982753891671],[-76.40576297299998,3.298322869891453],[-76.421371786,3.312360152890983],[-76.44779144,3.317116552890852],[-76.457076863,3.328584620890478],[-76.46042111399998,3.328941158890469],[-76.460286483,3.337148747890194],[-76.46380074400003,3.342822371890001],[-76.460180632,3.356360742889541],[-76.47139457700001,3.378035456888864],[-76.46608977099999,3.37908274288884],[-76.46333558499998,3.386814372888559],[-76.46695108799997,3.402984139888038],[-76.46477388099999,3.41257098788775],[-76.46080494,3.416154456887605],[-76.46013305999998,3.428362112887196],[-76.46215018499998,3.437602695886897],[-76.474804301,3.442777105886731],[-76.47581232700003,3.451899038886445],[-76.45697681299998,3.456837634886268],[-76.44964212600001,3.450686726886476],[-76.435323714,3.452001380886427],[-76.42886348299999,3.458431872886217],[-76.420101118,3.459324170886185],[-76.41371821299998,3.455415905886304],[-76.39474061200002,3.454979061886338],[-76.37466856700001,3.450350008886461],[-76.37365422800002,3.455103441886318],[-76.353365945,3.456265174886288],[-76.34917958400001,3.463977282886056],[-76.329442073,3.457063214886269],[-76.32383141999998,3.461251382886116],[-76.31720545399997,3.461526037886104],[-76.30731974499997,3.472716509885748],[-76.30131163099998,3.469628617885854],[-76.298512216,3.472533385885767],[-76.29338025800001,3.470765593885817],[-76.288087389,3.476941479885607],[-76.284782829,3.474343947885707],[-76.28204349100002,3.478205286885553],[-76.27225317099999,3.476579351885611],[-76.266600993,3.480708487885493],[-76.25657679300002,3.476885991885621],[-76.25137012200003,3.484072873885371],[-76.22383435699999,3.47683180688561],[-76.217140068,3.479073088885541],[-76.19615056599997,3.476236910885639],[-76.173071617,3.482585619885438],[-76.125628941,3.474930059885701],[-76.10817429399998,3.490813544885135],[-76.084717307,3.479054363885524],[-76.07277401200002,3.478268782885546],[-76.07096962700001,3.466153636885956],[-76.06141989999998,3.456702107886276],[-76.05778658399998,3.455486908886316],[-76.05082225400002,3.460799796886132],[-76.03685481899998,3.452650140886399],[-76.03818306199997,3.441014262886791],[-76.04139039400002,3.437590402886904],[-76.03804467499998,3.419091138887494],[-76.042503877,3.409486034887807],[-76.04303410900002,3.398055527888185],[-76.03553457100003,3.392436132888366],[-76.029673021,3.393321314888329],[-76.02915121299998,3.389106943888478],[-76.03580418299998,3.377894921888854],[-76.04717800999998,3.374278141888952],[-76.049676251,3.369873686889119],[-76.04737788400001,3.365436063889254],[-76.06121583700002,3.354549752889634],[-76.06144426499998,3.350485634889735]]],[[[-76.60122514800003,3.546493310883341],[-76.61757204600002,3.53009882488385],[-76.62383738099999,3.509976573884539],[-76.623110156,3.499713320884871],[-76.62830629400003,3.487866595885257],[-76.63236467799999,3.48975503288519],[-76.65058048600002,3.466835724885948],[-76.66508979399998,3.468665513885888],[-76.674343432,3.461665921886124],[-76.67655633099997,3.46414056288603],[-76.690000285,3.461261412886114],[-76.69289133,3.449899486886477],[-76.70556196000001,3.441999677886758],[-76.70689087199997,3.427973377887207],[-76.715314164,3.423776008887348],[-76.72018730100001,3.427906752887217],[-76.748702761,3.434483584887008],[-76.75277639799998,3.440422720886809],[-76.753271326,3.448293975886552],[-76.75911528300003,3.455375252886313],[-76.75988622800003,3.465368989885991],[-76.77798916699999,3.467462913885929],[-76.778883845,3.480835484885486],[-76.786326799,3.499166850884869],[-76.79146643399997,3.502745559884762],[-76.79681024400003,3.515866419884345],[-76.80751255000001,3.521651624884149],[-76.81319483800002,3.539421601883568],[-76.816173923,3.535871444883682],[-76.84305231500002,3.549681839883235],[-76.854968655,3.549263052883251],[-76.85485444099999,3.563720659882769],[-76.846716685,3.578378137882301],[-76.85177066,3.590104122881913],[-76.86130753999998,3.595510256881734],[-76.86560960499997,3.594349078881757],[-76.870840982,3.602583357881501],[-76.88468674400002,3.597314470881679],[-76.88543090600001,3.604881023881435],[-76.89046021000001,3.606292052881382],[-76.88150504100003,3.620073349880911],[-76.86672145,3.631594700880535],[-76.85409365100003,3.632165771880543],[-76.85008187900002,3.629346111880632],[-76.84544906899998,3.632779673880516],[-76.82401250499998,3.625441415880753],[-76.809935613,3.636377416880397],[-76.808334236,3.646002338880087],[-76.79900359599998,3.650331924879926],[-76.79994390000002,3.656385133879741],[-76.79303434500002,3.664747121879463],[-76.79598119000002,3.67331060387918],[-76.79291680699998,3.678818099879007],[-76.802445047,3.697070595878416],[-76.81498530800002,3.698085747878355],[-76.82165718800002,3.705627354878124],[-76.822407774,3.723522290877542],[-76.81658179300001,3.727310965877426],[-76.81301948599997,3.734959800877171],[-76.816319684,3.746969185876775],[-76.79371638999999,3.75069982787665],[-76.78589272200003,3.759822681876352],[-76.775056656,3.763520363876223],[-76.76747569399998,3.779082038875733],[-76.77876869,3.803366610874935],[-76.78091688299997,3.821592393874329],[-76.78472116799998,3.822213491874322],[-76.78620357300002,3.829209106874086],[-76.78861872599998,3.828176422874124],[-76.79428541200002,3.844566148873589],[-76.88840499100002,3.992865936868717],[-76.860313927,4.014694319868017],[-76.85945154799998,4.029751446867562],[-76.85037582899997,4.037430474867298],[-76.841463723,4.037491654867279],[-76.82331321100003,4.032525755867432],[-76.82554633799998,4.021706828867784],[-76.81531883100001,4.007013071868291],[-76.80128623000002,4.006597262868299],[-76.79419543300003,4.011379981868135],[-76.76766947300001,3.988654026868873],[-76.75947047099999,3.993494897868715],[-76.75027560799998,3.991830606868771],[-76.74587361300001,3.984216333869021],[-76.701389152,3.978717067869188],[-76.69253204699999,3.968809325869514],[-76.68241933500002,3.964883212869665],[-76.675459413,3.971724160869426],[-76.66237237799999,3.977494357869243],[-76.649963491,3.996672810868617],[-76.62457012800002,4.01487445286803],[-76.603551063,4.001112567868467],[-76.59713945300001,4.00250249286844],[-76.58940620599998,3.994055398868694],[-76.58791904499998,3.98031401286915],[-76.59380821299999,3.972342824869408],[-76.59128597699998,3.96998715186948],[-76.57225029,3.985810571868962],[-76.559252485,3.991104872868785],[-76.55913350999998,4.008843752868231],[-76.543548048,4.011163722868124],[-76.53727312799998,4.016208780867972],[-76.54193724100003,4.024898239867723],[-76.54152549999998,4.043732604867086],[-76.537599393,4.04498181686705],[-76.53575615,4.053480529866763],[-76.525332907,4.061931806866498],[-76.52441735500003,4.067284281866312],[-76.50082420899997,4.062636084866478],[-76.494415322,4.06953795986623],[-76.49018968299998,4.081369752865845],[-76.47265328399999,4.103582517865125],[-76.46290614100002,4.130309688864252],[-76.45297589400002,4.144916314863769],[-76.44487675599999,4.175693045862764],[-76.44670786400002,4.20451893686182],[-76.45114477700002,4.209096718861691],[-76.45501005699998,4.229461956861033],[-76.46543448400001,4.232690635860881],[-76.47118182600002,4.230391693860976],[-76.48710820600002,4.235532125860834],[-76.49030105600002,4.243737344860556],[-76.50587462700003,4.251946480860288],[-76.50896793099997,4.267918619859755],[-76.51515452899997,4.270892941859657],[-76.52615953600002,4.287787115859123],[-76.52937180599997,4.295306213858863],[-76.525445692,4.309166569858421],[-76.527922482,4.323538176857942],[-76.54925497300002,4.337135041857507],[-76.54827509799998,4.350908063857068],[-76.56201886500003,4.369734353856447],[-76.55525648100001,4.399037281855483],[-76.54944026800001,4.402268154855386],[-76.545334502,4.397040344855546],[-76.539528,4.396297316855581],[-76.526462998,4.403846315855334],[-76.51548709500003,4.403249382855357],[-76.501993616,4.413203722855013],[-76.48213354699999,4.414071980855006],[-76.47199731400002,4.424404626854665],[-76.452073166,4.433919134854348],[-76.44879612300002,4.440309684854133],[-76.43486772699998,4.441760096854083],[-76.430914798,4.448620720853874],[-76.41831526200002,4.447818701853909],[-76.41654175399998,4.455287107853652],[-76.40862221499998,4.459946687853511],[-76.41021436199998,4.465684146853309],[-76.40234043800001,4.47395971385304],[-76.39144063999998,4.475655812852999],[-76.386294894,4.481169818852818],[-76.38636106400003,4.489576666852537],[-76.382969565,4.492769429852448],[-76.36916907,4.489344523852539],[-76.36485723800001,4.492495092852449],[-76.37235826699998,4.497062174852292],[-76.380680601,4.516014712851684],[-76.40375935600002,4.534967258851045],[-76.384946034,4.546698719850673],[-76.38408787700001,4.557154685850334],[-76.38127251700001,4.559631297850256],[-76.36087999699998,4.556258890850395],[-76.34479903599998,4.561681379850175],[-76.340899616,4.567713298849988],[-76.34418975400001,4.570881579849882],[-76.343610931,4.58174715684954],[-76.334248259,4.585981682849399],[-76.328506876,4.602062750848881],[-76.32106116400001,4.60487099484879],[-76.318124104,4.612857743848521],[-76.32003061799998,4.619685124848288],[-76.30998277499998,4.630170948847952],[-76.31044652100002,4.635581328847775],[-76.300166805,4.655483786847121],[-76.30342591300001,4.6658279118468],[-76.29921354700002,4.674149584846544],[-76.30144210600002,4.677614803846393],[-76.296495478,4.685356796846166],[-76.29749336999998,4.698591583845724],[-76.288612914,4.702784108845594],[-76.28568988,4.712403820845299],[-76.29407233500001,4.728751154844753],[-76.31226570400003,4.749983838844048],[-76.29375653699998,4.75965000684376],[-76.286856102,4.767145310843491],[-76.276243706,4.771023833843384],[-76.26065538699999,4.79495171284259],[-76.247510203,4.794040659842643],[-76.230564619,4.802090463842372],[-76.22067319500002,4.82112495684175],[-76.21266894799999,4.828868903841485],[-76.19210519,4.828608594841501],[-76.139407302,4.841233185841105],[-76.136934446,4.849497730840817],[-76.129629577,4.856089655840606],[-76.13109115200001,4.863462944840356],[-76.12670707900003,4.873960365840039],[-76.117139109,4.880739791839805],[-76.11414051600002,4.890401919839486],[-76.11414776100003,4.894240696839362],[-76.129712913,4.906857958838945],[-76.130596556,4.911196500838832],[-76.128872726,4.913746027838735],[-76.120441905,4.911935282838791],[-76.09968353699998,4.917179197838611],[-76.094562757,4.93021655083821],[-76.094620701,4.941305548837836],[-76.08869594599997,4.946136608837697],[-76.09133239099998,4.949366977837586],[-76.090242338,4.979764573836591],[-76.098587108,4.998781226835973],[-76.09426059999998,5.010856132835587],[-76.096816789,5.031767693834902],[-76.09117746599998,5.04288929183453],[-76.07700063800002,5.047229428834436],[-76.079872739,5.043117225834529],[-76.07842263999999,5.036917631834728],[-76.06614937699999,5.022874052835208],[-76.06452658799998,5.015802296835419],[-76.04908864499998,5.007150577835706],[-76.04809403000002,4.998613068835966],[-76.04426785700002,4.995020083836071],[-76.045876373,4.986230354836359],[-76.03339847900003,4.967185148836987],[-76.03393121099998,4.95699468783735],[-76.030119314,4.953632509837422],[-76.027714865,4.938596694837929],[-76.013814057,4.931134707838181],[-76.01161067700002,4.926256814838324],[-76.001954824,4.921397951838499],[-75.994114218,4.912735935838765],[-75.987575462,4.911401054838818],[-75.98766826299999,4.873781776840017],[-75.97498180500003,4.861212050840443],[-75.967747658,4.859830090840486],[-75.95574010299998,4.864786816840311],[-75.942808889,4.856706572840588],[-75.934474813,4.862713873840403],[-75.92745219099999,4.8624459448404],[-75.92575940699999,4.866873880840263],[-75.91424119200002,4.873511815840066],[-75.91112820199999,4.86070329684045],[-75.90060806899999,4.852073174840732],[-75.90622250899997,4.847737268840875],[-75.902692639,4.837244928841237],[-75.909440513,4.828785435841474],[-75.91239104300001,4.814960766841955],[-75.91650751200001,4.813699653841995],[-75.92096899799998,4.817256945841864],[-75.934282086,4.809868719842114],[-75.93759573300002,4.800990276842393],[-75.944154804,4.795831841842562],[-75.94878942399998,4.79865588584249],[-75.952797745,4.807412700842169],[-75.961349589,4.806194262842244],[-75.96372952899998,4.798450913842483],[-75.95674912700002,4.79037733684275],[-75.954380577,4.781927978843018],[-75.97241802000002,4.784490113842936],[-75.97277102499999,4.7792064248431],[-75.96697909900001,4.774551813843271],[-75.96773814699998,4.765904854843519],[-75.97006526000001,4.76285676484363],[-75.984541901,4.759565967843752],[-75.97838861100001,4.743483191844261],[-75.98624083599998,4.743832972844265],[-75.99479975700001,4.738636229844429],[-75.99618460300002,4.735566726844528],[-75.99030257599998,4.724452262844888],[-76.006030194,4.716549406845159],[-76.00809556500002,4.707374201845434],[-76.01561942199999,4.699621918845681],[-76.01664791500002,4.665990324846795],[-75.97236691299997,4.667520432846745],[-75.96167361699997,4.659361257847006],[-75.94638219799998,4.654527931847183],[-75.934850682,4.65479876684715],[-75.93169297700001,4.651014260847288],[-75.91515025799998,4.645435275847465],[-75.91150173800003,4.639805389847642],[-75.88617948400002,4.636639661847746],[-75.875441008,4.63125678084792],[-75.870818746,4.625275753848095],[-75.87403383999998,4.615696288848457],[-75.86558457899997,4.612833437848521],[-75.866869522,4.608150986848669],[-75.86070609400002,4.601254923848898],[-75.859755377,4.595169006849086],[-75.87107543899998,4.586254573849402],[-75.87243437,4.579056536849615],[-75.86730386200003,4.575100854849773],[-75.86813025100003,4.572734039849831],[-75.86404181299997,4.572858694849809],[-75.86617804899998,4.564131025850096],[-75.877094506,4.551242397850534],[-75.87047256599999,4.547608604850643],[-75.87110035,4.542789497850801],[-75.87972531399998,4.538043512850951],[-75.881137933,4.527006097851332],[-75.87169129900002,4.524227488851407],[-75.87361822999998,4.519326808851576],[-75.870652667,4.518077961851617],[-75.87050662899998,4.512695404851776],[-75.872715315,4.498782559852235],[-75.87912089999998,4.486026708852647],[-75.87215109200002,4.481712062852768],[-75.87301402100002,4.472407921853104],[-75.88139113199998,4.467422574853264],[-75.877441228,4.465709359853326],[-75.878621441,4.460274674853491],[-75.86546966200001,4.455038500853653],[-75.88324423199998,4.446101242853939],[-75.888091197,4.44669372885394],[-75.883365588,4.443702745854023],[-75.88796984099997,4.439191289854182],[-75.88924761599998,4.427056036854576],[-75.893138034,4.429218967854495],[-75.895628385,4.426131368854623],[-75.89136565500002,4.420186021854797],[-75.89499133800001,4.419673768854798],[-75.89429281499997,4.415469302854964],[-75.890001863,4.416959495854909],[-75.88448828999998,4.410969676855123],[-75.88042880299997,4.413402778855049],[-75.87783668700001,4.409940401855153],[-75.868180311,4.409503120855147],[-75.85735203299998,4.415280890854969],[-75.85401113,4.412089067855071],[-75.85486142500002,4.408042981855179],[-75.85004189400001,4.408393850855213],[-75.84823250900001,4.404343380855305],[-75.83494414799998,4.400357986855456],[-75.827668232,4.407370356855211],[-75.81953714999997,4.401883219855398],[-75.81243584499998,4.404518952855287],[-75.81001478500002,4.398498050855498],[-75.80314851600002,4.396065787855576],[-75.80099340499999,4.389986061855779],[-75.80496957000003,4.384381162855965],[-75.80384358499998,4.369223712856458],[-75.789885659,4.352951146856988],[-75.79716738000002,4.313083174858267],[-75.787490887,4.292973339858954],[-75.79295992599998,4.285591040859168],[-75.798761941,4.263547404859906],[-75.80724383,4.256739228860134],[-75.810642095,4.246238725860472],[-75.82390043200002,4.226044354861134],[-75.824887439,4.211636670861604],[-75.81947313500001,4.201624153861929],[-75.842960721,4.150759053863578],[-75.84075084300002,4.143308800863817],[-75.842234045,4.124363254864441],[-75.83329386100002,4.115479783864739],[-75.83904135,4.097565539865328],[-75.820007648,4.098674762865306],[-75.79395011399998,4.088309916865634],[-75.78497090899998,4.089910986865629],[-75.78408922400001,4.084908210865765],[-75.77444728900002,4.076220910866033],[-75.752396407,4.077390708865965],[-75.75246910800001,4.071234216866164],[-75.737620902,4.055408936866674],[-75.738287151,4.052517890866777],[-75.748193071,4.040189509867201],[-75.75136916500003,4.040046582867192],[-75.75605390099997,4.030232457867522],[-75.77013786999999,4.020074706867846],[-75.77649205900002,4.003950289868361],[-75.78151028299999,4.003632680868444],[-75.784813423,4.008380939868228],[-75.79526276899998,4.005061920868396],[-75.79681905400003,3.989117937868856],[-75.792833057,3.985751278868971],[-75.79146733800002,3.971045967869455],[-75.79647284499998,3.960812782869787],[-75.805697705,3.952765736870048],[-75.80886199000003,3.938208556870527],[-75.80663478600002,3.933554414870682],[-75.812187656,3.919411572871132],[-75.82319698999999,3.904538764871614],[-75.81897464500003,3.940487227870449],[-75.82395112299997,3.952214010870097],[-75.83312052899998,3.959910376869847],[-75.836072532,3.971175103869446],[-75.84561394399998,3.985266633869014],[-75.83961837700002,4.004084574868354],[-75.858093565,4.026433580867637],[-75.85422943100002,4.034649604867408],[-75.85615797499997,4.038487137867298],[-75.85377476899998,4.048731518866975],[-75.85668962699998,4.058086114866647],[-75.86212312499998,4.062262064866506],[-75.85950334199998,4.063689741866441],[-75.86053126899998,4.06992868886622],[-75.87488583499999,4.081441288865903],[-75.90067919199998,4.083672034865782],[-75.90420079299997,4.104087810865167],[-75.90279096400002,4.116508596864714],[-75.908980875,4.131117130864226],[-75.897951326,4.147238731863706],[-75.910299539,4.159262742863312],[-75.91402613999998,4.175873534862819],[-75.93878204999999,4.18550559186248],[-75.94199908399997,4.181593758862645],[-75.94888048500002,4.181384366862608],[-75.95435243999998,4.17644707486281],[-75.95541805099998,4.169128950862995],[-75.961200142,4.16658293086306],[-75.96381755200002,4.159450492863311],[-75.973906467,4.151854065863552],[-75.972800017,4.148552564863649],[-75.98255034200002,4.13334648686414],[-75.986712964,4.116018624864706],[-75.99358672099999,4.113953584864777],[-75.992493857,4.110046274864921],[-76.000973509,4.101968430865166],[-76.01086016900001,4.104802369865103],[-76.02354507400003,4.098591978865282],[-76.02578652800003,4.100933364865217],[-76.03252516100002,4.094830047865418],[-76.04937174600002,4.092303060865495],[-76.05177738100002,4.094615895865418],[-76.05287669199998,4.091196610865519],[-76.06658952599997,4.083765555865781],[-76.07094120800002,4.088235700865602],[-76.083622853,4.066449003866328],[-76.08715378,4.066111166866325],[-76.09589611400003,4.072197400866133],[-76.11065115100001,4.066401032866316],[-76.120452151,4.079057385865912],[-76.12439967699999,4.101671781865172],[-76.136733156,4.115840269864703],[-76.14481855999998,4.116416098864699],[-76.148292577,4.121555735864544],[-76.153541668,4.118633755864642],[-76.160294578,4.118310150864651],[-76.162036344,4.121627117864529],[-76.17181592499998,4.119271453864615],[-76.17218236600002,4.124215972864445],[-76.176489189,4.126405078864376],[-76.17525187000001,4.131849283864202],[-76.17878298900001,4.129446028864294],[-76.178797267,4.135251911864095],[-76.19146551799997,4.132377521864196],[-76.227993319,4.146497492863749],[-76.23299237200001,4.162531958863186],[-76.23834747799998,4.166361045863099],[-76.243267108,4.161994392863206],[-76.244657587,4.168312614863007],[-76.25285671799998,4.156240759863409],[-76.25188589800001,4.150511018863619],[-76.24607049500003,4.150101752863611],[-76.25098170299998,4.144305384863795],[-76.24864302600002,4.136228420864061],[-76.255971763,4.135345641864101],[-76.258545153,4.130240507864241],[-76.27042587800003,4.123568480864484],[-76.27546779599999,4.118468101864649],[-76.275087827,4.110430264864895],[-76.28197114199997,4.104526100865077],[-76.287802231,4.12405074886445],[-76.30060431800001,4.114025367864787],[-76.29309259299998,4.109801849864921],[-76.30437479699998,4.09885576986528],[-76.31377176799998,4.094909917865397],[-76.31096583099998,4.090671783865543],[-76.31285107000002,4.077869694865969],[-76.306274654,4.074698398866069],[-76.30181730499999,4.08412459686579],[-76.2949486,4.074508417866071],[-76.30497398199998,4.074186901866098],[-76.308072207,4.068896541866264],[-76.29959593500001,4.065447575866368],[-76.29591314100003,4.059660328866558],[-76.30039890699999,4.049178390866898],[-76.273908979,4.041690194867147],[-76.26046465500002,4.033984004867376],[-76.256772475,4.035854686867326],[-76.245790979,4.032062460867471],[-76.24006996000003,4.035468905867354],[-76.22468582699997,4.03503595686735],[-76.215629955,4.038898416867223],[-76.20948008699997,4.039086187867228],[-76.198463376,4.033008122867436],[-76.192747178,4.035909345867321],[-76.17801232099998,4.034469171867385],[-76.174411196,4.023176864867737],[-76.179666978,4.017198736867949],[-76.16852156300001,4.015633471867991],[-76.16586192300002,4.022955646867757],[-76.16175990900001,4.022572540867759],[-76.15272298500003,4.003149216868391],[-76.13820633799997,3.984538755869021],[-76.13713557900002,3.977073197869287],[-76.12639074499998,3.968532561869544],[-76.10064557800001,3.957826941869881],[-76.11492137,3.928986166870836],[-76.11599070800003,3.915899966871226],[-76.12014286700003,3.914998679871278],[-76.12452693199998,3.918328459871177],[-76.13801830199998,3.905596806871586],[-76.14699465199999,3.904792568871615],[-76.15455710100002,3.925663884870942],[-76.17267843500002,3.925650911870924],[-76.18345784000002,3.919139163871156],[-76.197828238,3.93336754687067],[-76.202354033,3.93244543287071],[-76.211554293,3.937837236870536],[-76.21776462100001,3.938389857870511],[-76.22781831499998,3.931663544870737],[-76.227878772,3.938715683870498],[-76.223201039,3.940182060870437],[-76.24009824799998,3.94397073587032],[-76.24211415899998,3.952057932870067],[-76.249373005,3.959227290869832],[-76.25647036200002,3.958829369869838],[-76.25737785400003,3.96162101286977],[-76.268353241,3.958014752869866],[-76.28161853199998,3.963289523869711],[-76.295990905,3.983486852869033],[-76.30761571199997,3.986491501868923],[-76.31270653799999,3.993106548868737],[-76.317425329,3.993501579868709],[-76.31863831599998,3.998470429868556],[-76.32050893799999,3.992653954868724],[-76.325229347,3.989716488868838],[-76.31685537700002,3.991543272868773],[-76.31022050299998,3.987480505868912],[-76.31564239199997,3.9790042388692],[-76.321035054,3.983768484869026],[-76.32406020600001,3.982789329869074],[-76.32009974099998,3.976169071869289],[-76.32514166099998,3.975862171869303],[-76.323022594,3.971843249869435],[-76.32590160199999,3.965076850869641],[-76.31872567599999,3.960893472869785],[-76.32524740999997,3.9571338878699],[-76.32875763499999,3.948770728870168],[-76.320605473,3.937971510870537],[-76.33184586599998,3.942709357870384],[-76.32697374999998,3.933041849870693],[-76.33972948299999,3.929819349870808],[-76.33215277099998,3.925541860870943],[-76.32854663799998,3.918425501871163],[-76.33988293700003,3.91907767487114],[-76.34776656000003,3.914243923871314],[-76.34561822500001,3.9111748728714],[-76.33712079499998,3.914205558871289],[-76.34329725499998,3.911059782871402],[-76.33919240300003,3.904940866871609],[-76.34830363999998,3.900126295871771],[-76.347267837,3.892990756872016],[-76.35244685999999,3.887619919872203],[-76.34978062300002,3.883764425872333],[-76.35574608799999,3.884800229872273],[-76.35563099900003,3.878489500872467],[-76.365509502,3.875688990872574],[-76.358500424,3.871058958872706],[-76.36585489499998,3.869043126872785],[-76.366275783,3.857800977873154],[-76.36879003299998,3.853891142873286],[-76.37272202000003,3.855065201873233],[-76.378869206,3.843978117873602],[-76.375036906,3.842372093873649],[-76.37913502999999,3.838229667873791],[-76.37233435799999,3.828416321874128],[-76.37794989600002,3.829501773874072],[-76.38304486099997,3.821039697874353],[-76.37234543599999,3.81415042287458],[-76.36378250899998,3.797750424875122],[-76.35402077499998,3.799421994875048],[-76.33850073600001,3.795983674875179],[-76.32108308599999,3.799053177875085],[-76.31748415099997,3.79694735287515],[-76.31119047700003,3.804478349874908],[-76.30411157999998,3.802527189874937],[-76.304357708,3.799597445875065],[-76.29169079399998,3.804912602874869],[-76.286640384,3.809867827874717],[-76.27722961799998,3.837659932873811],[-76.273327301,3.838040648873795],[-76.25928327600002,3.851523084873354],[-76.25473706399998,3.839644068873719],[-76.24757433100001,3.835974393873869],[-76.22326683099999,3.840886920873703],[-76.21039508500002,3.835057575873892],[-76.17801045599998,3.8049377878749],[-76.16567064700001,3.810818798874693],[-76.156298693,3.821959600874331],[-76.14044748499998,3.832250180873994],[-76.13507253900002,3.830627922874054],[-76.13141406099999,3.823715327874261],[-76.11667001500001,3.821650304874327],[-76.11077593800002,3.817901350874448],[-76.10476551900001,3.819468969874414],[-76.09739532200001,3.813095421874622],[-76.08938860400002,3.796864238875146],[-76.08161639399998,3.795540954875167],[-76.08241971899997,3.770372798875985],[-76.075029982,3.764743850876188],[-76.06095952200002,3.758449320876403],[-76.04412040800003,3.759058139876366],[-76.03108133799998,3.745696263876819],[-76.02058632900003,3.750252933876673],[-76.016898164,3.747302402876756],[-75.99925446100002,3.756249173876476],[-75.993552093,3.755132392876506],[-75.98811502400002,3.750278289876651],[-75.98541433600002,3.73949933587702],[-75.97431415,3.722224446877561],[-75.955563998,3.713634590877886],[-75.95983350300003,3.704375573878149],[-75.98092016700002,3.717859992877717],[-75.99295048800002,3.714768908877817],[-76.00734613999998,3.716213164877784],[-76.025144748,3.700184910878315],[-76.038554234,3.679781100878974],[-76.046132818,3.677764505879055],[-76.05368165800002,3.670881914879261],[-76.05756612800002,3.658782357879657],[-76.065341016,3.656694378879721],[-76.06948722499999,3.647646479880015],[-76.07596531000002,3.643036273880174],[-76.07677432499997,3.62902124888064],[-76.082693232,3.629538779880638],[-76.08952228700002,3.621180922880891],[-76.10797500899997,3.618266085880992],[-76.11060431200002,3.614881303881091],[-76.12582096699998,3.614155567881122],[-76.13194213000003,3.617195326881011],[-76.17107927400002,3.609048852881283],[-76.17957989899998,3.616264566881028],[-76.19440394100002,3.620505956880889],[-76.24248095000002,3.621588609880886],[-76.250535426,3.62013119088091],[-76.250725783,3.617168762881022],[-76.26103479800003,3.611136826881216],[-76.27316403600003,3.608948289881289],[-76.27658301399998,3.605214800881403],[-76.27864393599998,3.606823313881357],[-76.279753647,3.603519436881461],[-76.28391175500002,3.60610709888137],[-76.28445308200003,3.603323127881473],[-76.29105608700002,3.60548843788141],[-76.293429597,3.602918621881491],[-76.30009803799999,3.607046986881347],[-76.30565408000001,3.606000026881378],[-76.30909835,3.610057004881242],[-76.31378588799998,3.608284304881298],[-76.31477931299997,3.611288375881217],[-76.32305388499998,3.608944608881286],[-76.32501694400003,3.611716677881199],[-76.32627211,3.608177232881311],[-76.33189358599998,3.61297779288119],[-76.33455858299999,3.611657192881191],[-76.33324987600002,3.614506596881108],[-76.33565313499997,3.61530966488107],[-76.339234223,3.614946797881099],[-76.34073328199997,3.61102068888121],[-76.34420134800001,3.616178168881079],[-76.34524236200002,3.613893883881126],[-76.35713966700001,3.621282112880894],[-76.36034599099997,3.619455876880956],[-76.36916784300001,3.629056999880621],[-76.36580685400003,3.628926132880629],[-76.36769852200001,3.633917048880463],[-76.37529495500002,3.637176909880364],[-76.37338543700002,3.640347543880276],[-76.38089977499999,3.651892687879863],[-76.38494723899998,3.649529884879955],[-76.38727434700002,3.651557184879901],[-76.38853070300001,3.648651862879987],[-76.400016365,3.658895443879654],[-76.398859943,3.66270020187953],[-76.406195901,3.662794798879509],[-76.40933679,3.668731557879325],[-76.41456565599998,3.671045580879247],[-76.41462514199998,3.676845515879087],[-76.425124514,3.678612266879019],[-76.42105920400002,3.685342310878792],[-76.42603578299997,3.694927118878477],[-76.42604589400003,3.681044299878931],[-76.42968497099997,3.683099518878862],[-76.434495917,3.68072575887893],[-76.44207927000002,3.681205943878924],[-76.45647483200003,3.692852270878538],[-76.462834477,3.691736960878587],[-76.48147439899998,3.698559337878359],[-76.50150252200001,3.695723602878426],[-76.50615360799998,3.69924750787832],[-76.51448284100002,3.695498166878441],[-76.52351358599998,3.679075216878991],[-76.52131496599998,3.671413352879239],[-76.52765725400002,3.66074844087961],[-76.52808215300001,3.65207309487987],[-76.532488913,3.651073719879915],[-76.54343436800002,3.633498727880495],[-76.549800012,3.637595432880353],[-76.55428387799998,3.63534449388041],[-76.55594957,3.616544680881037],[-76.56531346100002,3.609953942881252],[-76.568689925,3.586181560882026],[-76.576370822,3.569982190882581],[-76.580596748,3.567640800882624],[-76.58217671,3.561063971882859],[-76.59076180099999,3.555220012883047],[-76.59199912499997,3.5469585248833],[-76.60122514800003,3.546493310883341]],[[-75.90079394100002,4.42148448585476],[-75.89770148799994,4.424306742854712],[-75.89713482899998,4.426022890854669],[-75.90079394100002,4.42148448585476]],[[-76.147873608,4.373925573856308],[-76.14847936400002,4.372633296856343],[-76.14706593300002,4.374692869856271],[-76.147873608,4.373925573856308]]],[[[-75.71605655899998,4.652177902847247],[-75.736107199,4.655049941847162],[-75.75787292299998,4.650743778847273],[-75.77375710400003,4.654753845847167],[-75.782314826,4.652633300847211],[-75.78382918400001,4.658727993847039],[-75.78926725100001,4.659989123846987],[-75.80189184400001,4.659339477847007],[-75.807204259,4.65613544084712],[-75.822682408,4.663851398846875],[-75.827389009,4.660498460846957],[-75.822269022,4.671844872846604],[-75.827850023,4.683793319846229],[-75.83507999900002,4.688349506846063],[-75.85027810999998,4.682688212846265],[-75.852827274,4.706345050845513],[-75.85698397099998,4.7087355908454],[-75.85609931099998,4.727830006844811],[-75.85085525800002,4.734009200844577],[-75.841229511,4.728279832844763],[-75.831095156,4.737821918844458],[-75.81890485000002,4.734357745844574],[-75.81125619699998,4.727294002844808],[-75.80258882200002,4.728210656844745],[-75.79979705599999,4.721051375844999],[-75.78943117199998,4.71612534284515],[-75.78498858799998,4.721777270844989],[-75.779365896,4.719758940845052],[-75.77604004900002,4.721772013844994],[-75.770205138,4.714016577845222],[-75.76393032300001,4.71527253684517],[-75.75395720300003,4.709884143845374],[-75.746747412,4.712732942845267],[-75.73282833500002,4.707853022845419],[-75.71360663299998,4.713757298845247],[-75.707235696,4.657076747847094],[-75.71605655899998,4.652177902847247]]]]},"properties":{"secretaria":"Valle del Cauca"}},{"type":"Feature","geometry":{"type":"Polygon","coordinates":[[[-76.491161471,3.506289776884661],[-76.49173775100002,3.516587836884286],[-76.488031299,3.526419073883984],[-76.49032757600003,3.532650860883766],[-76.48275607800002,3.540034245883551],[-76.477007624,3.539619113883566],[-76.47159622100003,3.534390160883708],[-76.46820779199999,3.538091663883588],[-76.46889147799999,3.541293397883499],[-76.486702696,3.548856003883276],[-76.488586538,3.552130284883127],[-76.486251397,3.560540436882861],[-76.47059519700002,3.56299847288279],[-76.46185067800002,3.560107428882918],[-76.45856702200001,3.574753010882394],[-76.461184425,3.582105545882152],[-76.45662775800002,3.588446808881968],[-76.462671592,3.600106169881582],[-76.45541423600002,3.59821449888164],[-76.45280457899997,3.601231653881548],[-76.45669737700001,3.618991950880959],[-76.460980403,3.624731210880763],[-76.45095811700003,3.629594828880596],[-76.45248097199999,3.639617118880268],[-76.44910213700001,3.646707912880054],[-76.442791807,3.645765643880082],[-76.43825179499999,3.651105153879909],[-76.44738892499998,3.66221247887955],[-76.435282228,3.665077349879446],[-76.43422574700003,3.675337586879122],[-76.42604589400003,3.681044299878931],[-76.42968497099997,3.683099518878862],[-76.44207927000002,3.681205943878924],[-76.45647483200003,3.692852270878538],[-76.462834477,3.691736960878587],[-76.47423674599997,3.697337242878393],[-76.50150252200001,3.695723602878426],[-76.50615360799998,3.69924750787832],[-76.51448284100002,3.695498166878441],[-76.52351358599998,3.679075216878991],[-76.52131496599998,3.671413352879239],[-76.52765725400002,3.66074844087961],[-76.52808215300001,3.65207309487987],[-76.532488913,3.651073719879915],[-76.54343436800002,3.633498727880495],[-76.549800012,3.637595432880353],[-76.55428387799998,3.63534449388041],[-76.55594957,3.616544680881037],[-76.56531346100002,3.609953942881252],[-76.568689925,3.586181560882026],[-76.576370822,3.569982190882581],[-76.580596748,3.567640800882624],[-76.58217671,3.561063971882859],[-76.59076180099999,3.555220012883047],[-76.592893802,3.548291022883268],[-76.58633600799999,3.545540367883359],[-76.586345526,3.530454582883852],[-76.581929243,3.524715322884056],[-76.57417220299999,3.520099168884196],[-76.567446931,3.520725346884177],[-76.562728316,3.513425685884421],[-76.550368902,3.510260812884524],[-76.54499250100002,3.495693196884976],[-76.542702582,3.499293946884895],[-76.534815558,3.500134866884837],[-76.51004308199998,3.490506388885186],[-76.50895871799997,3.493693611885076],[-76.49723931,3.498331445884919],[-76.491161471,3.506289776884661]]]},"properties":{"secretaria":"Yumbo"}},{"type":"Feature","geometry":{"type":"Point","coordinates":[-76.98012908305279,3.6690288628793217]},"properties":{"secretaria":"Buenaventura","etiqueta":true}},{"type":"Feature","geometry":{"type":"Point","coordinates":[-76.11167395801839,3.8564330898731933]},"properties":{"secretaria":"Buga","etiqueta":true}},{"type":"Feature","geometry":{"type":"Point","coordinates":[-75.33974081194184,5.28949322282654]},"properties":{"secretaria":"Caldas","etiqueta":true}},{"type":"Feature","geometry":{"type":"Point","coordinates":[-74.82000469589053,1.1299696299627482]},"properties":{"secretaria":"Caquetá","etiqueta":true}},{"type":"Feature","geometry":{"type":"Point","coordinates":[-75.93188012129995,4.7126424988452795]},"properties":{"secretaria":"Cartago","etiqueta":true}},{"type":"Feature","geometry":{"type":"Point","coordinates":[-77.10526061813586,6.323814191293128]},"properties":{"secretaria":"Chocó","etiqueta":true}},{"type":"Feature","geometry":{"type":"Point","coordinates":[-75.60399092408416,1.7599228249419832]},"properties":{"secretaria":"Florencia","etiqueta":true}},{"type":"Feature","geometry":{"type":"Point","coordinates":[-76.2217613996269,3.5852761773820596]},"properties":{"secretaria":"Palmira","etiqueta":true}},{"type":"Feature","geometry":{"type":"Point","coordinates":[-76.54761098262516,2.4448055944194644]},"properties":{"secretaria":"Popayán","etiqueta":true}},{"type":"Feature","geometry":{"type":"Point","coordinates":[-76.34599571858777,5.9833645238040996]},"properties":{"secretaria":"Quibdó","etiqueta":true}},{"type":"Feature","geometry":{"type":"Point","coordinates":[-75.94805918492928,5.1349718528315496]},"properties":{"secretaria":"Risaralda","etiqueta":true}},{"type":"Feature","geometry":{"type":"Point","coordinates":[-76.03078418008738,4.037198241867309]},"properties":{"secretaria":"Tuluá","etiqueta":true}},{"type":"Feature","geometry":{"type":"Point","coordinates":[-76.15065525477232,4.234111380860858]},"properties":{"secretaria":"Valle del Cauca","etiqueta":true}},{"type":"Feature","geometry":{"type":"Point","coordinates":[-76.51341695104705,3.5933306538818037]},"properties":{"secretaria":"Yumbo","etiqueta":true}}]}